<?xml version="1.0" encoding="iso-8859-1" ?>
<newsitem itemid="368481" id="root" date="1997-03-13" xml:lang="en">
<title>INDIA: Forthcoming board meetings of Indian companies.</title>
<headline>Forthcoming board meetings of Indian companies.</headline>
<text>
<p>COMPANY		   DATE OF MEETING	PURPOSE</p>
<p>---------------------------------------------------------------</p>
<p> Shaw Wallace &amp; Co.	     March 13   (Cancelled)</p>
<p> DSJ Finance Corp.		March 14   Half yearly results</p>
<p> Goodyear India		   March 14   To review Accounts,</p>
<p>						     dividend of the company</p>
<p>						     and issue of shares on</p>
<p>						     preferential basis to</p>
<p>						     the Goodyear Tyre &amp;</p>
<p>						     Rubber Co., Akron,</p>
<p>						     Ohio, USA</p>
<p> Synergy Credit Corporation   March 14   Half yearly results</p>
<p> Widia				March 14   Final dividend</p>
<p> Indian Seamless Metal Tubes  March 15   Amalgamation of Indian</p>
<p>						     Seamless Metal Tubes</p>
<p>						     Holdings Ltd. with the</p>
<p>						     company</p>
<p> Pharma Offset		    March 15   Review of business</p>
<p> Relic Finance		    March 15   Review of business</p>
<p> DCW				  March 17   Interim dividend</p>
<p> Kanoria Industries	     March 17   Rights issue</p>
<p> Pentokey Organy		  March 17   Half yearly results</p>
<p> Thomas Cook			March 17   Accounts &amp; dividend</p>
<p> Trafalgar House Const.	 March 17   Accounts &amp; dividend</p>
<p>						     (9 mths)</p>
<p> Bayer India			March 18   Accounts &amp; dividend</p>
<p> Bayer Diagnostics India	March 18   Accounts &amp; dividend</p>
<p> Triveni Sheet Glass Works    March 18   Half yearly results</p>
<p> Tudor				March 18   Half yearly results</p>
<p> Coats Viyella India	    March 19   Accounts &amp; Dividend</p>
<p> Nestle India		     March 19   Accounts</p>
<p> Gestetner			  March 20   Accounts</p>
<p> Integra Hindustan Control    March 20   Accounts</p>
<p> Lupin Chemicals		  March 20   Half yearly results</p>
<p> Aryaman Financial Services   March 22   Half yearly results</p>
<p> Knoll Pharmaceuticals	  March 25   Accounts &amp; dividend</p>
<p> Kocher Oil Mills		 March 25   To consider allotment</p>
<p>						     of equity shares to</p>
<p>						     promoters of the</p>
<p>						     company including their</p>
<p>						     friends, relatives,</p>
<p>						     associate and associate</p>
<p>						     companies on a private</p>
<p>						     placement basis</p>
<p> Motor Industries Co.	   March 25   Accounts &amp; dividend</p>
<p> OEN Connectors		   March 25   Accounts</p>
<p> Oscar Global		     March 25   Half yearly results</p>
<p> Petron Engineering Construct.March 25   Conversion of warrants</p>
<p> E. Merck			   March 26   Accounts</p>
<p> Bata India			 March 27   Accounts</p>
<p> Choice Financial Services    March 27   Accounts</p>
<p> KLG Systel			 March 27   Accounts</p>
<p> PSI Data Systems		 March 27   Accounts (9 mths)</p>
<p> Alembic Chemical Works Co.   March 29   Accounts &amp; dividend</p>
<p> Parsoll Capital Finance	March 29   Half yearly results</p>
<p> Chemfab Alkalies		 March 31   Accounts</p>
<p> Global Trust Bank		May 2	Accounts</p>
<p>.</p>
<p>1.  PCDs  -  Partly convertible debentures</p>
<p>2.  FCDs  -  Fully convertible debentures</p>
<p>     3.  NCD   -  Non-convertible debentures</p>
<p>     4.  R.D   -  Record date</p>
<p>     5.  CPS   -  Cumulative Preference Shares</p>
<p>.</p>
<p>-- Bombay newsroom +91-22-265 9000</p>
</text>
<copyright>(c) Reuters Limited 1997</copyright>
<metadata>
<codes class="bip:countries:1.0">
  <code code="INDIA">
    <editdetail attribution="Reuters BIP Coding Group" action="confirmed" date="1997-03-13"/>
  </code>
</codes>
<codes class="bip:topics:1.0">
  <code code="C15">
    <editdetail attribution="Reuters BIP Coding Group" action="confirmed" date="1997-03-13"/>
  </code>
  <code code="C151">
    <editdetail attribution="Reuters BIP Coding Group" action="confirmed" date="1997-03-13"/>
  </code>
  <code code="CCAT">
    <editdetail attribution="Reuters BIP Coding Group" action="confirmed" date="1997-03-13"/>
  </code>
</codes>
<dc element="dc.publisher" value="Reuters Holdings Plc"/>
<dc element="dc.date.published" value="1997-03-13"/>
<dc element="dc.source" value="Reuters"/>
<dc element="dc.creator.location.country.name" value="INDIA"/>
<dc element="dc.source" value="Reuters"/>
</metadata>
</newsitem>
