<?xml version="1.0" encoding="iso-8859-1" ?>
<newsitem itemid="368471" id="root" date="1997-03-13" xml:lang="en">
<title>INDONESIA: Indonesian officials safe in helicopter emergency.</title>
<headline>Indonesian officials safe in helicopter emergency.</headline>
<dateline>JAKARTA 1997-03-13</dateline>
<text>
<p>Two Indonesian government ministers and other officials escaped unhurt when their helicopter made an emergency landing at an airport on the western tip of Sumatra on Thursday, Antara news agency reported.</p>
<p>The official news agency said The Puma helicopter was one of several carrying officials and ministers travelling with President Suharto in Aceh province. No other helicopters were involved.</p>
<p>Antara said none of the officials, including Health Minister Sujudi and Food Minister Ibrahim Hasan, was hurt.</p>
<p>Suharto returned to Jakarta later in the day after visiting Aceh for a ceremony involving a village improvement organisation.</p>
<p>Antara quoted airline officials as saying the helicopter involved in the incident made an emergency landing because of engine trouble shortly after taking off from Banda Aceh airport. It gave no further details.</p>
<p>Officials denied an earlier report from airport sources that the passengers had included Suharto's daughter-in-law, Halima, wife of his second son, businessman Bambang Trihatmodjo.</p>
</text>
<copyright>(c) Reuters Limited 1997</copyright>
<metadata>
<codes class="bip:countries:1.0">
  <code code="INDON">
    <editdetail attribution="Reuters BIP Coding Group" action="confirmed" date="1997-03-13"/>
  </code>
</codes>
<codes class="bip:topics:1.0">
  <code code="GCAT">
    <editdetail attribution="Reuters BIP Coding Group" action="confirmed" date="1997-03-13"/>
  </code>
  <code code="GDIS">
    <editdetail attribution="Reuters BIP Coding Group" action="confirmed" date="1997-03-13"/>
  </code>
  <code code="GPOL">
    <editdetail attribution="Reuters BIP Coding Group" action="confirmed" date="1997-03-13"/>
  </code>
</codes>
<dc element="dc.date.created" value="1997-03-13"/>
<dc element="dc.publisher" value="Reuters Holdings Plc"/>
<dc element="dc.date.published" value="1997-03-13"/>
<dc element="dc.source" value="Reuters"/>
<dc element="dc.creator.location" value="JAKARTA"/>
<dc element="dc.creator.location.country.name" value="INDONESIA"/>
<dc element="dc.source" value="Reuters"/>
</metadata>
</newsitem>
