<?xml version="1.0" encoding="iso-8859-1" ?>
<newsitem itemid="368473" id="root" date="1997-03-13" xml:lang="en">
<title>INDIA: Indian Shipping -- Visakhapatnam Cargoes - March 1.</title>
<headline>Indian Shipping -- Visakhapatnam Cargoes - March 1.</headline>
<dateline>BOMBAY 1997-03-13</dateline>
<text>
<p>Following is the berthing schedule of major vessels loading and unloading at India's Visakhapatnam port on March 13:</p>
<p> Commodity		Tons		  Ship	     Berthing</p>
<p>		   (LDD/ULD) (Balance)</p>
<p> Wheat	     5,079 (ULD) 17,717     Lok Pratap	  10/03</p>
<p> Di - Ammonium</p>
<p>  Phosphate	2,302 (ULD) 25,676     Aral		  12/03</p>
<p> Sulphur	   5,562 (ULD) 10,188     Roubini	     10/03</p>
<p> Coking Coal    29,865 (ULD) 16,044     Kanpur		08/03</p>
<p> Iron Ore	 27,253 (ULD)  4,260     Jag Kanti	   07/03</p>
<p> Rock Phosphate  4,000 (ULD) 25,787     Nikolas	     12/03</p>
<p> Wheat	    41,470 (ULD) 20,250     T.Fortune	   04/03</p>
<p> Wheat	    18,950 (ULD)  4,050     Lok Prem	    10/03</p>
<p> Wire Rod Coils  3,096 (LDD) 12,464     Lady Juliet	 12/03</p>
<p> Rice		  771 (LDD)     29     Harsha Vardhana   11/03</p>
<p> Soyabean Meal     210 (LDD) 24,690     Huaxi		 12/03</p>
<p> Thermal Coal    9,051 (LDD) 14,549     Ch.Veeram	   11/03</p>
<p> Thermal Coal   11,348 (LDD) 11,752     Ch.Polivu	   11/03</p>
<p> Iron Ore	 11,200 (LDD)    ---     Iolcos Mariner    13/03</p>
<p>	    Note:</p>
<p>	    LDD - Loading</p>
<p>	    ULD - Unloading</p>
<p>(Source: J.M.Baxi &amp; Co, Visakhapatnam)</p>
<p>-- Bombay newsroom +91-22-265 9000</p>
</text>
<copyright>(c) Reuters Limited 1997</copyright>
<metadata>
<codes class="bip:countries:1.0">
  <code code="INDIA">
    <editdetail attribution="Reuters BIP Coding Group" action="confirmed" date="1997-03-13"/>
  </code>
</codes>
<codes class="bip:topics:1.0">
  <code code="M14">
    <editdetail attribution="Reuters BIP Coding Group" action="confirmed" date="1997-03-13"/>
  </code>
  <code code="MCAT">
    <editdetail attribution="Reuters BIP Coding Group" action="confirmed" date="1997-03-13"/>
  </code>
</codes>
<dc element="dc.date.created" value="1997-03-13"/>
<dc element="dc.publisher" value="Reuters Holdings Plc"/>
<dc element="dc.date.published" value="1997-03-13"/>
<dc element="dc.source" value="Reuters"/>
<dc element="dc.creator.location" value="BOMBAY"/>
<dc element="dc.creator.location.country.name" value="INDIA"/>
<dc element="dc.source" value="Reuters"/>
</metadata>
</newsitem>
