<?xml version="1.0" encoding="iso-8859-1" ?>
<newsitem itemid="368480" id="root" date="1997-03-13" xml:lang="en">
<title>INDIA: Forthcoming book-closures of Indian companies.</title>
<headline>Forthcoming book-closures of Indian companies.</headline>
<text>
<p>------------------------------------------------</p>
<p> ACE Laboratories	     March 21/March 27 15% dividend</p>
<p> APS Star Industries	  March 21/March 31 AGM</p>
<p> ASP Investments		March 26/March 29 AGM</p>
<p> Aashi Leasing &amp; Finance    March 25/March 31 AGM</p>
<p> Abhishek Industries	  April 1/April 15  Dividend &amp; AGM</p>
<p> Ace Integrated Finance     March 18/March 29 15% dividend &amp;</p>
<p>							    AGM</p>
<p> Adarsh Chemicals &amp; Fert.   March 27/March 31 AGM</p>
<p> Ahlcon Parenterals	   March 1/March 15  AGM</p>
<p> Alpic Finance		  March 28/March 28 Interest</p>
<p> Altos India		    March 28/March 31 AGM &amp; Dividend</p>
<p> Amaravathi Chem.	     March 26/March 31 AGM</p>
<p> Aptech			   April 16/April 22 30% Dividend</p>
<p> Aruna Sugars &amp; Ent.	  March 10/March 12 AGM</p>
<p> Asea Brown Boveri	    April 10/April 23 50% final</p>
<p>							    dividend</p>
<p> Ashoka Refineries	    March 25/April 4  AGM</p>
<p> Associated Cement Co.	March 15/March 31 Interest</p>
<p> Automotive Axles	     March 25/March 31 10% dividend</p>
<p> Avikem Resins		  March 31	    AGM</p>
<p> B. Nanji Enterprises	 March 28/April 2  EGM</p>
<p>Balaji Steel Tubes &amp; Pipes March 18/March 28 AGM</p>
<p> Bata India		     March 7/June 3    AGM</p>
<p> Bausch &amp; Lomb		  March 26/March 31 Interest</p>
<p> Bausch &amp; Lomb		  March 26/March 31 Interest</p>
<p> Besco			    March 14/March 17 12.5% dividend</p>
<p> Bestavision Electronics    March 26/March 27 Nil dividend</p>
<p> Bharat Forge		   March 15/March 31 Interest</p>
<p> Binaca Synthetics Resins   March 27/March 31 AGM</p>
<p> Birla VXL			March 19/March 26 Interest</p>
<p> Blue Blends Finance	  March 27/March 29 5% dividend</p>
<p> Bluechip Stockspin	   March 22/March 29 AGM (instead of</p>
<p>							    from 23/3/97 to</p>
<p>							    29/3/97)</p>
<p> Burr-Brown		     March 26/March 29 AGM</p>
<p> Cadbury India		  May 6/June 2	35% dividend &amp;</p>
<p>							    Rights issue</p>
<p> Can Bonus			April 1/May 15    Finalisation of</p>
<p>							    accounts</p>
<p> Canexpo			  April 1/May 15    Finalisation of</p>
<p>							    accounts</p>
<p> Canpep 93			April 1/May 15    Finalisation of</p>
<p>							    accounts</p>
<p> Canpremium		     April 1/May 15    Finalisation of</p>
<p>							    accounts</p>
<p> Canstar - Capital Gains    April 1/May 15    Finalisation of</p>
<p>							    Accounts</p>
<p> Canstar 80-L		   April 1/May 15    Finalisation of</p>
<p>							    accounts</p>
<p> Cantriple			April 1/May 15    Finalisation of</p>
<p>							    accounts</p>
<p> Castrol India		  March 14/April 11 Rs 5.50 Final</p>
<p>							    dividend</p>
<p> Ceat			     March 5/March 26  Interest &amp;</p>
<p>							    Redemption</p>
<p> Chandra Synthetics	   March 28/March 31 AGM</p>
<p> Chemfab Alkalies	     April 16/April 29 AGM</p>
<p> Chicago Futures Markets    March 1/March 15  Nil dividend</p>
<p> Coates of India		June 1/June 5     40% dividend</p>
<p>Consolidated Fibres &amp; Chem.March 1/March 14  Nil dividend</p>
<p> Cranex			   March 10/March 25 (Revised)</p>
<p> DCL Maritech		   March 18/March 21 AGM</p>
<p> Dewan Rubber Industries    March 27	    20% dividend</p>
<p> Dewan Steels		   March 27	    AGM (instead of</p>
<p>							    25.3.1997)</p>
<p> Dewan Tyres		    March 27	    10% dividend</p>
<p> Dhan 88			  March 1/March 31  Dividend</p>
<p> Dhan Samriddhi Units	 March 1/March 31  Dividend</p>
<p> Dhanvantri Jeevan Rekha    March 17/March 26 AGM</p>
<p> Dhanvarsha		     March 1/March 31  Dividend</p>
<p>------------------------------------------------</p>
<p> Dhanvikas			March 1/March 31  Dividend</p>
<p> Dhatu Forge		    March 26/March 31 AGM</p>
<p> Dhatu Sanskar		  March 26/March 31 AGM</p>
<p>Digital Leasing &amp; Finance  March 29/March 31 AGM</p>
<p> Dynamatic Technologies     March 25/March 29 20% dividend</p>
<p> E.Merck			  April 18/May 9    Dividend</p>
<p> Elcon Finlease &amp; Ind.	March 12/March 15 Dividend</p>
<p>							    (15 mths)</p>
<p> Elgi Equipments		March 28/March 31 Interest</p>
<p> Emergy Pharma		  March 13/March 19 AGM</p>
<p>Equipment Conductors &amp;</p>
<p>  Cables			  March 7/March 11  Nil dividend</p>
<p> Eternit Everest		May 30/June 13    40% dividend</p>
<p>							    (revised)</p>
<p> Expo Gas Containers	  March 1/March 14  12% dividend</p>
<p>Fairyland Amusement &amp; WaterApril 12/April 17 AGM</p>
<p> Fedders Lloyd Corp.	  March 25/March 27 AGM</p>
<p> Fortune International	March 24/March 31 AGM</p>
<p> Fulford			  April 1/April 4   21% Dividend</p>
<p> GIC Big Value		  April 1/June 30   Redemption</p>
<p> GIC Rise - 1991		March 5/March 31  Income</p>
<p>							    Distribution</p>
<p> GTC Industries		 March 11/March 12 Nil dividend</p>
<p> Ganesh Polytex		 March 14/March 21 AGM</p>
<p> Garware Shipping Corp.     March 25/March 27 AGM</p>
<p> Genelec			  March 5/March 11  AGM</p>
<p> German Remedies		March 18/March 25 Interest</p>
<p> Gilt Pack			March 26/March 31 AGM</p>
<p> Goodearth Industries	 March 18/March 25 AGM</p>
<p> Goodearth Organic	    March 18/March 25 AGM</p>
<p> Goodricke Group		April 16/April 26 12.5% dividend</p>
<p> Gordon Herbert		 April 1/April 9   AGM &amp; Rights</p>
<p>							    issue</p>
<p>Govindji Trikamdas Exports March 7/March 14  AGM</p>
<p> Gresoil			  March 31	    AGM</p>
<p> Grindwell Norton	     March 13/March 31 Interest</p>
<p> Gujarat Carbon &amp; Inds.     March 25/March 29 Nil dividend</p>
<p> Gujarat Optical Commun.    April 21/April 25 Interest</p>
<p> Gwalior Sugar Co.	    March 22/March 31 AGM</p>
<p> HB Portfolio Leasing	 March 20/March 31 AGM</p>
<p> HCL				March 14/March 26 Nil dividend</p>
<p>							    (Revised)</p>
<p> Hagglunds Denison Co.	March 16/March 31 18% dividend</p>
<p>Herdillia Oxides &amp; Elect.  March 18/March 31 AGM</p>
<p> Herdillia Polymers	   March 5/March 14  AGM</p>
<p> Hico Products		  March 24/March 27 Nil Dividend</p>
<p> Hindustan Continental	March 17/March 19 AGM</p>
<p> Hindustan Magnetics	  March 24/March 27 AGM</p>
<p> Hotel Leela Venture	  March 4/March 14  Interest</p>
<p> Hotel Rugby		    Jan 16-July 22'97 AGM &amp; Dividend</p>
<p> I.G. Petrochemicals	  March 14/March 31 15% dividend</p>
<p> ITI				April 1/April 26  Redemption</p>
<p> Indian Maize &amp; Chemicals   March 25/March 27 AGM</p>
<p> Indian Seamless Financial  March 27 to //    Interest</p>
<p> Industrial Credit &amp; Inv.   March 5/March 21  Interest</p>
<p> Indo Biotech Foods	   March 21/March 31 AGM</p>
<p> Indokem			  March 22/March 26 AGM</p>
<p> Interface Financial Serv.  Feb 22/March 27   AGM</p>
<p> J F Lab			  March 14/March 28 Interest &amp; AGM</p>
<p> J K Corp.			March 18/March 31 Interest</p>
<p> J K Industries		 March 24/March 31 Interest</p>
<p> J K Udaipur Udyog	    March 18/March 31 Interest</p>
<p> Jaiprakash Industries	March 17/March 27 Nil dividend</p>
<p> Kalyanpur Cements	    March 22/March 29 AGM</p>
<p> Kanaiya Foods		  April 11/April 20 AGM</p>
<p> Kanoria Petroproducts	March 19/March 20 AGM</p>
<p> Keswani Synthetics Ind.    March 26/March 31 AGM &amp; Dividend</p>
<p> Khatau Junker		  March 22/March 26 AGM &amp; Merger</p>
<p> Kilbum Reprographics	 March 21/March 26 AGM</p>
<p> Kirloskar Oil Engines	March 22/March 31 Interest</p>
<p> Kodak India		    April 23/April 30 22.5% dividend</p>
<p>-------------------------------------------------</p>
<p> Kothari Products	     March 1/March 17  AGM &amp; dividend</p>
<p> Krone Communication	  June 3/June 11    10% dividend</p>
<p> Kusum Ingots &amp; Alloys	March 25/March 29 AGM</p>
<p> LML Ltd.			 March 25/March 31 AGM</p>
<p> Liberty Phosphate	    March 27/April 2  AGM</p>
<p> Lunar Diamonds		 March 25/March 29 AGM</p>
<p> MBM				March 17/March 31 AGM</p>
<p> MRF				March 1/March 13  80% dividend (30%</p>
<p>							    final dividend and</p>
<p>							    50% golden jubilee</p>
<p>							    dividend)</p>
<p> Mahan Finstock		 March 12/March 15 Dividend</p>
<p> Mahendra Suitings	    March 24/March 29 AGM</p>
<p> Mahindra Ugine Steel Co.   April 12/April 30 Interest</p>
<p> Maneklal Harilal Mills     March 27/March 31 Interest</p>
<p> Mannesmann Rexroth	   March 17/March 25 AGM 20% Final</p>
<p>							    dividend</p>
<p> Mansarovar Paper &amp; Ind.    March 26/March 27 AGM</p>
<p> Mc Dowell &amp; Co.		March 4/March 20  10% dividend</p>
<p>Modi Hoover International  March 27/March 31 AGM</p>
<p> Montari Leather		March 28/March 29 AGM</p>
<p> Montari Industries	   March 29/March 31 AGM</p>
<p> Motorol			  April 1/April 10  AGM &amp; Dividend</p>
<p>							    (cancelled)</p>
<p> Multiplus Holdings	   April 14/April 21 AGM</p>
<p> Munis Forge		    March 8/March 12  15% dividend</p>
<p> NEPC Agro Foods		April 16/April 30 20% final</p>
<p>							    dividend</p>
<p> NIIT			     March 18/March 27 AGM</p>
<p> Narmada Agro Industries    March 29/March 31 AGM</p>
<p> Nath Pulp &amp; Paper Mills    March 20/March 31 AGM</p>
<p> National Thermal Power Cor.Feb 15/March 12   Redemption</p>
<p> Nature Hue Chem.	     March 28/April 4  AGM</p>
<p> Navneet Publications	 March 11/March 25 25% dividend</p>
<p> Network			  March 26/March 28 AGM</p>
<p> Niraj Petrochemicals	 March 25/March 28 AGM</p>
<p> Nova Electro Magnetics     March 24/March 31 AGM</p>
<p> Nova Iron &amp; Steel	    March 18/March 22 AGM</p>
<p> Nova Steels		    March 18/March 22 AGM</p>
<p> Orkay Industries	     March 18/March 31 AGM</p>
<p> Olympia Capitals	     March 17/March 31 AGM</p>
<p> Olympia Industries	   March 17/March 31 AGM</p>
<p>Oriental Carbon &amp; Chemical March 7/March 14  AGM</p>
<p>Orient Ceramics and Indus. March 25/March 31 Interest</p>
<p> Orton Synthetics	     March 18/March 25 AGM</p>
<p> Osian Chemicals		April 7/April 10  EGM</p>
<p> Oswal Overseas		 March 29/March 31 Nil dividend</p>
<p>P.L. finance &amp; Investment  March 14/March 24 10% dividend</p>
<p> Patel Food Product	   March 29/April 25 AGM</p>
<p> Patel's Widecom		March 26/March 29 AGM</p>
<p>Pentafour Solec Technology March 27/March 31 AGM</p>
<p> Pharmaceutical Products    March 27/March 29 AGM</p>
<p> Pharmed Chemicals	    March 21/March 24 AGM</p>
<p> Phillips Carbon Black	March 11/March 14 30% dividend</p>
<p> Phillips India		 April 22/May 13   Dividend</p>
<p> Pix Autos			March 25/March 26 AGM &amp; Dividend</p>
<p> Pix Transmissions	    March 25/March 26 Dividend</p>
<p> Pratappur Sugar &amp; Inds.    March 18/March 26 12% dividend</p>
<p> Prominent Securities	 March 31	    AGM</p>
<p> Protochem			March 26/March 31 AGM</p>
<p> Prudential Polyweb	   March 14/March 28 AGM</p>
<p> RAS KMK Lamipack	     March 18/March 29 AGM</p>
<p>Rahil Investment and Fin.  April 24/April 28 EGM</p>
<p> Rajinder Alloys		March 18/March 28 AGM</p>
<p> Rallis India		   April 1/April 30  Interest</p>
<p> Rama Pulp &amp; Paper	    March 31	    AGM &amp; Dividend</p>
<p> Reckitt &amp; Colman of India  April 16/May 6    22.5% final</p>
<p>							    dividend</p>
<p> Regency Industries	   March 17/March 20 AGM</p>
<p> SRF Finance Ltd.	     March 7/March 14  Purchase offer</p>
<p> Sabero Organics Gujarat    March 26	    Interest</p>
<p>-------------------------------------------------</p>
<p> Sandvik Asia		   March 25/April 10 AGM</p>
<p> Sanghi Industries	    March 27/March 31 8% dividend</p>
<p>Saurashtra Cement &amp; Chem.  March 26/March 31 Interest</p>
<p> Shaw Wallace &amp; Co.	   March 17/March 31 AGM</p>
<p> Shree Precoated Steels     March 20/March 26 AGM &amp; Nil</p>
<p>							    dividend</p>
<p> Shreyans Intermediates     March 26/March 31 AGM</p>
<p> Shri Bajrang Alloys	  March 18/March 25 AGM &amp; Dividend</p>
<p> Simbhaoli Sugar Mills	April 1/April 5   Interest</p>
<p>Smithkline Beecham</p>
<p>  Consumer Healthcare	 April 18/April 21 AGM</p>
<p>Smithkline Beechem Pharma. April 1/April 17  35% dividend</p>
<p> Singhal Swaroop Ispat	March 29/March 31 5% dividend</p>
<p> Sintex Industries	    March 17/March 31 Interest</p>
<p> Solar Busiforms		March 27/March 31 AGM</p>
<p> Southern Herbals	     March 16/March 25 AGM</p>
<p> Square D Biotech	     March 11/March 21 10% dividend</p>
<p>Star Precision Electronics April 17/April 19 AGM</p>
<p> Sterlite Industries	  March 4/March 14  Interest (PCD)</p>
<p> Sterlite Industries	  March 11/March 31 Interest (NCD)</p>
<p> Sudev Industries	     March 19/March 26 AGM</p>
<p> Tata Chemicals		 Feb 26/March 11   Interest</p>
<p> Tata Engg. &amp; Loco. Co.     April 4/April 17  Interest</p>
<p> Tata Iron &amp; Steel Co.	March 1/March 30  Issue of</p>
<p>							    certificates of</p>
<p>Bonds in lieu of</p>
<p>							   letter of allotment</p>
<p>							    and interest</p>
<p>							   (Regular Inc.Bonds/</p>
<p>							    Twin Benfit bonds/</p>
<p>							    Discount Bonds)</p>
<p> Tata Iron &amp; Steel Co.	April 10/April 30 Interest</p>
<p> Terryfab			 March 25/March 31 AGM</p>
<p> Textool Company		March 15/March 31 Interest</p>
<p> Thapar Exports		 March 27/March 31 AGM</p>
<p> Thomas Cook		    April 11/May 15   AGM &amp; Dividend</p>
<p> Toubro Industries	    March 18/March 26 AGM</p>
<p> Transport Corp. of India   March 18/March 31 Interest</p>
<p> Trident Alcochem	     April 1/April 15  Dividend &amp; AGM</p>
<p>Tuticorin Alkali Chemicals March 1/March 19  23% dividend</p>
<p> Ugar Sugar Works	     March 10/March 25 22.5% dividend</p>
<p> Unicorp Industries	   March 15/March 31 Dividend</p>
<p> Unit Growth Scheme 2000    March 22/March 31 Rights issue</p>
<p> United Breweries	     April 16/April 30 Interest</p>
<p> United Leasing		 March 18/March 29 AGM</p>
<p> Uni Tech Poly Packagings   March 4/March 11  AGM</p>
<p> Usha Martin Ind.	     March 12/March 31 Interest</p>
<p>V.B. Desai Financial Serv. April 12/April 19 12% dividend</p>
<p> VSD Confin		     March 29	    AGM</p>
<p> Varinder Agro Chemicals    April 1/April 15  Dividend &amp; AGM</p>
<p> Vasparr Containeurs	  March 22/March 29 AGM (instead of</p>
<p>							    22/03/96 to</p>
<p>							    29/03/96)</p>
<p> Vatsa Corporation	    March 12/March 22 AGM</p>
<p> Venlon Polyester Film	July 12/August 3  AGM</p>
<p>Videocon Narmada ElectronicMarch 21/March 31 AGM</p>
<p> Vishal Papertech	     March 16/March 26 AGM</p>
<p> Voltas			   April 17/April 24 Interest</p>
<p> Waterbase			March 20/March 31 Interest</p>
<p>Western India Sugar &amp; Chem.March 27/March 29 AGM</p>
<p> Woolways			 April 10/April 15 AGM</p>
<p> Zuari Finance		  Dec 27/Dec 31     2.5% dividend</p>
<p>							    (instead of 8%</p>
<p>							    dividend)</p>
<p>.</p>
<p>Notes : DEB  - Debentures</p>
<p>	   NC   - Non convertible</p>
<p>	   AGM  - Annual general meeting</p>
<p>	   EGM  - Extra ordinary general meeting</p>
<p>	   FCD  - Fully convertible debenture</p>
<p>	   NCD  - Non convertible debenture</p>
<p>	   PCD  - Partly convertible debenture</p>
<p>	   CD   - Convertible debentures</p>
<p>	   R.D. - Record Date.</p>
<p>	   p.s  - per share</p>
<p>.</p>
<p>-- Bombay newsroom +91-22-265 9000</p>
</text>
<copyright>(c) Reuters Limited 1997</copyright>
<metadata>
<codes class="bip:countries:1.0">
  <code code="INDIA">
    <editdetail attribution="Reuters BIP Coding Group" action="confirmed" date="1997-03-13"/>
  </code>
</codes>
<codes class="bip:topics:1.0">
  <code code="C15">
    <editdetail attribution="Reuters BIP Coding Group" action="confirmed" date="1997-03-13"/>
  </code>
  <code code="C151">
    <editdetail attribution="Reuters BIP Coding Group" action="confirmed" date="1997-03-13"/>
  </code>
  <code code="CCAT">
    <editdetail attribution="Reuters BIP Coding Group" action="confirmed" date="1997-03-13"/>
  </code>
</codes>
<dc element="dc.publisher" value="Reuters Holdings Plc"/>
<dc element="dc.date.published" value="1997-03-13"/>
<dc element="dc.source" value="Reuters"/>
<dc element="dc.creator.location.country.name" value="INDIA"/>
<dc element="dc.source" value="Reuters"/>
</metadata>
</newsitem>
