<?xml version="1.0" encoding="iso-8859-1" ?>
<newsitem itemid="368472" id="root" date="1997-03-13" xml:lang="en">
<title>INDIA: Hindu Brahmin convert to succeed Mother Teresa.</title>
<headline>Hindu Brahmin convert to succeed Mother Teresa.</headline>
<byline>Rupam Banerjee</byline>
<dateline>CALCUTTA, India 1997-03-13</dateline>
<text>
<p>A former Hindu Brahmin who converted to Roman Catholicism and whose name means &quot;pure&quot; was elected on Thursday to succeed ailing Mother Teresa as the leader of her religious order, church authorities said.</p>
<p>&quot;Sister Nirmala, M.C. (Missionaries of Charity) was elected almost unanimously as the new Superior General,&quot; Archbishop Henry D'Souza's office said in a statement released in the eastern Indian city of Calcutta.</p>
<p>&quot;Mother Teresa was present for the election and blessed Sister Nirmala,&quot; it said.</p>
<p>Nuns at the Missionaries of Charity headquarters in India's most densely populated city were heard rejoicing after an eight-week selection effort that ended with a closed-door vote by 132 senior nuns. A crowd of reporters stood outside.</p>
<p>A news conference was set for Friday morning when Mother Teresa, 86, was to turn over her administrative powers -- but not her title &quot;Mother&quot; -- to her 63-year-old successor.</p>
<p>&quot;Mother Teresa remains as Mother and foundress,&quot; the Missionaries of Charity said in a statement. &quot;Sister Nirmala is the new Superior General.&quot;</p>
<p>Sister Nirmala, whose name in Sanskrit means &quot;pure&quot;, takes over a 49-year-old order that has been led since its creation by the charismatic Mother Teresa, who won the Nobel Peace Prize in 1979 and has become a symbol of devotion to the sick and poor.</p>
<p>Mother Teresa never groomed a successor to lead the order, which has 4,500 nuns in more than 100 countries.</p>
<p>Twice in the past the order, dependent on her leadership and ability to attract funds, refused to bow to Mother Teresa's wish to step down.</p>
<p>But after being taken to hospital for emergency care three times last year and undergoing a heart operation, Mother Teresa said she would finally step down.</p>
<p>Sister Nirmala was born into an ethnic Nepali family in the northern Indian state of Bihar. A member of the Hindu Brahmin, or priestly, class, she later converted to Catholicism. She trained as a lawyer before joining Missionaries of Charity.</p>
<p>An estimated 82 percent of India's 936 million people are Hindus, while 12 percent are Moslem and 2.3 percent are Christian.</p>
<p>Sister Nirmala has supervised the order's centres in Europe and the United States. Since 1979, she has led the contemplative wing, in which nuns devote their lives to meditation.</p>
<p>She was not one of the order's councillors-general and thus not considered a prominent candidate in the election process. But her age, legal training and international experience were believed to have been advantages.</p>
<p>Two of the councillors-general -- Sisters Frederick and Priscilla -- were re-elected to that body on Thursday.</p>
<p>The election of Mother Teresa's successor had been postponed twice since September. It was first set for September 8, but put off because Mother Teresa was ill.</p>
<p>More than 100 nuns from around the world then went into retreat on January 16 and had planned to vote in a secret ballot on February 2. But the order's electoral college, apparently unable to find a clear-cut successor, decided instead to hold closed-door deliberations before taking a vote.</p>
<p>Sister Nirmala's near-unanimous selection dashed speculation that the order, torn between several candidates, would name a committee instead of one senior nun as its new leader.</p>
<p>&quot;I would think Sister Nirmala would try her best to lead the sisters according to the spirit and tradition given to them by Mother Teresa,&quot; Bombay's archbishop, Cardinal Simon Pimenta, told Reuters. &quot;It's the work of the Lord.&quot;</p>
</text>
<copyright>(c) Reuters Limited 1997</copyright>
<metadata>
<codes class="bip:countries:1.0">
  <code code="INDIA">
    <editdetail attribution="Reuters BIP Coding Group" action="confirmed" date="1997-03-13"/>
  </code>
</codes>
<codes class="bip:topics:1.0">
  <code code="GCAT">
    <editdetail attribution="Reuters BIP Coding Group" action="confirmed" date="1997-03-13"/>
  </code>
  <code code="GPRO">
    <editdetail attribution="Reuters BIP Coding Group" action="confirmed" date="1997-03-13"/>
  </code>
  <code code="GREL">
    <editdetail attribution="Reuters BIP Coding Group" action="confirmed" date="1997-03-13"/>
  </code>
</codes>
<dc element="dc.date.created" value="1997-03-13"/>
<dc element="dc.publisher" value="Reuters Holdings Plc"/>
<dc element="dc.date.published" value="1997-03-13"/>
<dc element="dc.source" value="Reuters"/>
<dc element="dc.creator.location" value="CALCUTTA, India"/>
<dc element="dc.creator.location.country.name" value="INDIA"/>
<dc element="dc.source" value="Reuters"/>
</metadata>
</newsitem>
