<?xml version="1.0" encoding="iso-8859-1" ?>
<newsitem itemid="368475" id="root" date="1997-03-13" xml:lang="en">
<title>INDIA: Indian chemicals prices - Delhi - March 13.</title>
<headline>Indian chemicals prices - Delhi - March 13.</headline>
<text>
<p>Rates supplied by Asian News International, New Delhi.</p>
<p>     Time: 131338	   -- Tel: 011 331 2724</p>
<p>					     indicative	    previous</p>
<p>						  open		 close</p>
<p>Chemicals		  (in rupees per 50 kg. unless stated)</p>
<p>----------------------------------------------------------------</p>
<p>Ammonium Bicarb (25 kg)		   265-270		265-270</p>
<p>Soda Ash (75 bag)			   860		    860</p>
<p>Amonium Chloride			    250		    250</p>
<p>Stable Bleaching Powder (25 kg)	 360-380		360-380</p>
<p>Soda Hydro Sulphate(one kg)		72		     72</p>
<p>Boric Acid technical		     1950		    1950</p>
<p>Borax Granular			     1450		    1450</p>
<p>Sodium Nitrite			     1300		    1300</p>
<p>Camphor (one kg)			    185-210</p>
<p>185-210</p>
<p>Oxalic Acid PCPL(red)		    1500		    1500</p>
<p>S.H.M.P. (one kg)			    53.50		   54</p>
<p>T.S.P.					 1150		    1150</p>
<p>Glycerine (one kg)			   88			88</p>
<p>Titanium Dioxide  (one kg)		 95			95</p>
<p>Caustic  Soda (50 kg)		     950		     910</p>
<p>Acetic Acid   (one kg)		     22			21</p>
<p>Source: Delhi chemicals market traders</p>
<p>To contribute to this daily table of indicative market rates please fax Delhi on 011-332 0841, attention: Subhash  Chopra &amp; Satish Sharma.</p>
</text>
<copyright>(c) Reuters Limited 1997</copyright>
<metadata>
<codes class="bip:countries:1.0">
  <code code="INDIA">
    <editdetail attribution="Reuters BIP Coding Group" action="confirmed" date="1997-03-13"/>
  </code>
</codes>
<codes class="bip:topics:1.0">
  <code code="M14">
    <editdetail attribution="Reuters BIP Coding Group" action="confirmed" date="1997-03-13"/>
  </code>
  <code code="MCAT">
    <editdetail attribution="Reuters BIP Coding Group" action="confirmed" date="1997-03-13"/>
  </code>
</codes>
<dc element="dc.publisher" value="Reuters Holdings Plc"/>
<dc element="dc.date.published" value="1997-03-13"/>
<dc element="dc.source" value="Reuters"/>
<dc element="dc.creator.location.country.name" value="INDIA"/>
<dc element="dc.source" value="Reuters"/>
</metadata>
</newsitem>
