<?xml version="1.0" encoding="iso-8859-1" ?>
<newsitem itemid="368469" id="root" date="1997-03-13" xml:lang="en">
<title>PAKISTAN: MQM joins Sindh cabinet in Pakistan, governor resigns.</title>
<headline>MQM joins Sindh cabinet in Pakistan, governor resigns.</headline>
<byline>Ibrahim Khan</byline>
<dateline>KARACHI, Pakistan 1997-03-13</dateline>
<text>
<p>A Pakistani ethnic movement blamed in the past for turning Karachi into a battle zone joined the Sindh provincial cabinet on Thursday.</p>
<p>Seven members of the Mohajir National Movement (MQM) were among 16 Sindh cabinet members to be sworn in. Sindh Chief Minister Liaquat Jatoi has yet to announce their portfolios.</p>
<p>&quot;We want to narrow the gap between the urban and rural Sindh population,&quot; Farooq Sattar, the MQM's leader in the provincial assembly, told reporters after the oath-taking ceremony.</p>
<p>Jatoi made a similar pledge and Sindh Governor Kamaluddin Azfar said: &quot;I am very happy that urban and rural Sindh have joined hands and restored peace in the province.&quot;</p>
<p>Soon after the ceremony, the official APP news agency said President Farooq Leghari had accepted Azfar's resignation. He named Lieutenant General Moinuddin Haider, until now corps commander in the Punjab provincial capital Lahore, to replace him. It said the new governor would take over on Monday.</p>
<p>The MQM, backed mainly by Urdu-speakers in Karachi and other cities in the south, has struggled for years to gain greater rights for Mohajirs, the term for those who migrated from India to Pakistan after the sub-continent's partition in 1947.</p>
<p>The militant tactics adopted by the MQM, led by London-based Altaf Hussain, have often led to conflict with past governments, including those led by the present prime minister Nawaz Sharif and his main rival Benazir Bhutto, whose power base is in Sindh.</p>
<p>More than 500 people were killed in ethnic, sectarian and political violence in the southern port city of Karachi last year, compared to more than 2,000 in 1995 and 800 in 1994.</p>
<p>The Bhutto government in power from 1993 to 1996 blamed what it called MQM &quot;terrorists&quot; for many of the killings.</p>
<p>The MQM accused the authorities of killing scores of its militants in cold blood, an accusation repeated by President Farooq Leghari when he sacked Bhutto in November.</p>
<p>The party emerged from February 3 elections with 28 seats in the 109-member provincial assembly, running second only to Bhutto's Pakistan People's Party (PPP), which won 35.</p>
<p>At the national level, it ranks third after Sharif's Pakistan Muslim League (PML) and the PPP.</p>
<p>The MQM and PML reached an agreement to form a coalition government in Sindh, shutting out the biggest party, the PPP.</p>
<p>The MQM has seven ministers in the provincial government and the PML six. Two posts go to independents and one to former prime minister Ghulam Mustafa Jatoi's National People's Party.</p>
<p>Political sources said the MQM had dropped an earlier demand for its nominee to made provincial governor, but continued to insist on being given a portfolio in the national cabinet.</p>
</text>
<copyright>(c) Reuters Limited 1997</copyright>
<metadata>
<codes class="bip:countries:1.0">
  <code code="PAKIS">
    <editdetail attribution="Reuters BIP Coding Group" action="confirmed" date="1997-03-13"/>
  </code>
</codes>
<codes class="bip:topics:1.0">
  <code code="GCAT">
    <editdetail attribution="Reuters BIP Coding Group" action="confirmed" date="1997-03-13"/>
  </code>
  <code code="GPOL">
    <editdetail attribution="Reuters BIP Coding Group" action="confirmed" date="1997-03-13"/>
  </code>
  <code code="GVIO">
    <editdetail attribution="Reuters BIP Coding Group" action="confirmed" date="1997-03-13"/>
  </code>
</codes>
<dc element="dc.date.created" value="1997-03-13"/>
<dc element="dc.publisher" value="Reuters Holdings Plc"/>
<dc element="dc.date.published" value="1997-03-13"/>
<dc element="dc.source" value="Reuters"/>
<dc element="dc.creator.location" value="KARACHI, Pakistan"/>
<dc element="dc.creator.location.country.name" value="PAKISTAN"/>
<dc element="dc.source" value="Reuters"/>
</metadata>
</newsitem>
