<?xml version="1.0" encoding="iso-8859-1" ?>
<newsitem itemid="368479" id="root" date="1997-03-13" xml:lang="en">
<title>INDIA: INDIA GOVERNMENT SECURITIES - March 13.</title>
<headline>INDIA GOVERNMENT SECURITIES - March 13.</headline>
<text>
<p>Government	Indicative    Coupon	  Yield to   Year</p>
<p> Securities	Market Price  Dates		Mat     to</p>
<p>			(Range)			  Apprx pct  Mat.</p>
<p>  13.50% 1997     101.35/45  Mar   1/Sep  1    --.--    0.47</p>
<p>  13.50% 1998     102.95/03  Apr  18/Oct 18    --.--    1.10</p>
<p>  13.65% 1998     102.50/55			  --.--    -.--</p>
<p>  00.00% 1999	79.70/80  -------------     --.--    1.85</p>
<p>  12.00% 1999	99.80/85  Apr   7/Oct  7    --.--    2.07</p>
<p>  13.70% 1999     102.70/90  Jun   6/Dec  6    --.--    2.24</p>
<p>  13.65% 1999     102.18/23  Aug   7/Feb  7    --.--    1.91</p>
<p>  13.40% 1999     101.93/00  Dec  24/Jun 24    --.--    2.79</p>
<p>  00.00% 2000(III) 65.05/15  -------------     --.--    3.33</p>
<p>  13.85% 2000     102.48/58  Jun  27/Dec 27    --.--    3.79</p>
<p>  12.50% 2004	96.50/60  Mar  23/Sep 23    --.--    7.03</p>
<p>  14.00% 2006     103.52/60  Sep  25/Mar 25    --.--    9.04</p>
<p>  13.65% 2007     100.35/40  Feb  21/Aug 21    --.--    9.95</p>
<p>.</p>
<p>* Note: These rates are based on a consensus of rates being</p>
<p>offered by leading banks, corporates.</p>
<p># To contribute to this daily composite rate, please telephone</p>
<p>Money Desk on (022) 265-9000.</p>
<p>Mat - Maturity</p>
</text>
<copyright>(c) Reuters Limited 1997</copyright>
<metadata>
<codes class="bip:countries:1.0">
  <code code="INDIA">
    <editdetail attribution="Reuters BIP Coding Group" action="confirmed" date="1997-03-13"/>
  </code>
</codes>
<codes class="bip:topics:1.0">
  <code code="M12">
    <editdetail attribution="Reuters BIP Coding Group" action="confirmed" date="1997-03-13"/>
  </code>
  <code code="MCAT">
    <editdetail attribution="Reuters BIP Coding Group" action="confirmed" date="1997-03-13"/>
  </code>
</codes>
<dc element="dc.publisher" value="Reuters Holdings Plc"/>
<dc element="dc.date.published" value="1997-03-13"/>
<dc element="dc.source" value="Reuters"/>
<dc element="dc.creator.location.country.name" value="INDIA"/>
<dc element="dc.source" value="Reuters"/>
</metadata>
</newsitem>
