<?xml version="1.0" encoding="iso-8859-1" ?>
<newsitem itemid="368470" id="root" date="1997-03-13" xml:lang="en">
<title>SRI LANKA: Sri Lanka launches multiple attacks on rebel base.</title>
<headline>Sri Lanka launches multiple attacks on rebel base.</headline>
<byline>Rohan Gunasekera</byline>
<dateline>COLOMBO 1997-03-13</dateline>
<text>
<p>Sri Lankan forces launched air, naval and artillery strikes on Tamil rebel jungle bases in the northeast on Thursday to disrupt guerrilla preparations for an attack, military officials said.</p>
<p>&quot;It was a well-coordinated, pre-emptive strike on all LTTE (Liberation Tigers of Tamil Eelam) bases in the area,&quot; a navy spokesman told Reuters.</p>
<p>&quot;An LTTE buildup for an attack was reported in the area. Our attacks should disrupt their plans and also cause heavy casualties.&quot;</p>
<p>The rebels were believed to have suffered casualties and were calling for reinforcements, according to rebel radio traffic intercepted by the army, military officials said.</p>
<p>The attacks were centred on the LTTE's so-called &quot;14 base&quot; complex in the jungles of northeastern Mullaitivu district, 280 km (175 miles) from the capital Colombo, the officials said.</p>
<p>&quot;LTTE camps in the area were pounded for three or four hours starting at dawn,&quot; an official said. Bases for the rebels' Sea Tiger naval wing were also attacked.</p>
<p>LTTE rebels overran a key military base in the area last year, killing or capturing more than 1,000 soldiers in the army's worst setback of the war, now in its 14th year.</p>
<p>Military spokesman Brigadier Tissa Jayatunga said the aim of Thursday's offensive was to destroy all known rebel bases in the Mullaitivu jungles and along the eastern seaboard.</p>
<p>&quot;Air force pilots have reported direct hits on targets,&quot; he told Reuters.</p>
<p>Several camps in the base complex and others on the coast were destroyed, he said.</p>
<p>A LTTE spokesman in London confirmed the attack but said the Sri Lankan military shelled Tamil villages and not rebel camps.</p>
<p>&quot;This is not an attack on any LTTE base at all. This is a deliberate attack on Tamil villages in the area by the armed forces,&quot; Anton Rajah told Reuters by telephone.</p>
<p>He said air force bombers attacked Tamil villages in the Mullaitivu district. &quot;It is feared many human lives have been lost but further information on casualties is not immeditely available.&quot;</p>
<p>Jayatunga declined comment on reports that troops from the Weli Oya army base, about 40 km (25 miles) south of Mullaitivu, were advancing on the &quot;14 base&quot; stronghold.</p>
<p>&quot;Ground troops are there in certain locations in the area but we can't say where,&quot; he said.</p>
<p>An air force spokesman said Kfir fighter jets and Pucara ground attack planes were deployed.</p>
<p>&quot;We took some targets given by army intelligence in the 14 base area,&quot; he said.</p>
<p>Thursday's attack by the military comes after the LTTE overran an army detachment in the eastern Batticaloa district last week, killing at least 65 soldiers.</p>
<p>The military said at least 200 rebels were killed in the raid.</p>
<p>The LTTE are fighting for an independent homeland for minority Tamils in the Indian Ocean island's north and east.</p>
<p>The government says more than 50,000 people have died in the war. The LTTE says the number is higher.</p>
</text>
<copyright>(c) Reuters Limited 1997</copyright>
<metadata>
<codes class="bip:countries:1.0">
  <code code="SRILAN">
    <editdetail attribution="Reuters BIP Coding Group" action="confirmed" date="1997-03-13"/>
  </code>
</codes>
<codes class="bip:topics:1.0">
  <code code="GCAT">
    <editdetail attribution="Reuters BIP Coding Group" action="confirmed" date="1997-03-13"/>
  </code>
  <code code="GVIO">
    <editdetail attribution="Reuters BIP Coding Group" action="confirmed" date="1997-03-13"/>
  </code>
</codes>
<dc element="dc.date.created" value="1997-03-13"/>
<dc element="dc.publisher" value="Reuters Holdings Plc"/>
<dc element="dc.date.published" value="1997-03-13"/>
<dc element="dc.source" value="Reuters"/>
<dc element="dc.creator.location" value="COLOMBO"/>
<dc element="dc.creator.location.country.name" value="SRI LANKA"/>
<dc element="dc.source" value="Reuters"/>
</metadata>
</newsitem>
