<?xml version="1.0" encoding="iso-8859-1" ?>
<newsitem itemid="368468" id="root" date="1997-03-13" xml:lang="en">
<title>INDIA: BOMBAY LEADING STOCKS CLOSING PRICES - March 13.</title>
<headline>BOMBAY LEADING STOCKS CLOSING PRICES - March 13.</headline>
<text>
<p>Today's close	  Previous close</p>
<p> Bombay 30-share index	  3,754.51		  3,762.37</p>
<p> 100 Share national index     1,627.74		  1,630.71</p>
<p> Associated Cement Cos	  1,660.00		  1,666.00</p>
<p> Arvind Mills			 138.50		    142.00</p>
<p> Bajaj Auto			 1,009.25		  1,035.75</p>
<p> BHEL				   309.50		    316.00</p>
<p> BSES				   220.75		    223.00</p>
<p> Colgate				335.00		    324.50</p>
<p> G E Shipping			  42.00		     42.25</p>
<p> Glaxo India			  280.00		    284.00</p>
<p> Grasim Industries		  386.00		    393.00</p>
<p> Gujarat Ambuja		     295.50		    291.75</p>
<p> Hindalco			     925.25		    937.50</p>
<p> Hindustan Lever		  1,008.75		  1,007.00</p>
<p> HPCL				   387.25		    388.25</p>
<p> ICICI				   67.00		     66.50</p>
<p> IDBI				    93.50		     94.00</p>
<p> Indian Hotels			678.75		    693.50</p>
<p> IPCL				   148.00		    144.50</p>
<p> ITC				    424.50		    431.50</p>
<p> Larsen &amp; Toubro		    237.50		    238.25</p>
<p> Mahindra &amp; Mahindra		358.50		    356.00</p>
<p> MTNL				   282.75		    279.00</p>
<p> Nestle				 236.00		    236.25</p>
<p> Ranbaxy Laboratories	     650.50		    651.75</p>
<p> Reliance Industries		274.00		    276.50</p>
<p> SAIL				    22.00		     21.25</p>
<p> SBI New				302.25		    304.50</p>
<p> Tata Chemicals		     169.00		    172.50</p>
<p> Tata Power			   136.50		    139.00</p>
<p> Tata Engineering		   391.75		    387.00</p>
<p> Tata Steel			   189.25		    192.00</p>
</text>
<copyright>(c) Reuters Limited 1997</copyright>
<metadata>
<codes class="bip:countries:1.0">
  <code code="INDIA">
    <editdetail attribution="Reuters BIP Coding Group" action="confirmed" date="1997-03-13"/>
  </code>
</codes>
<codes class="bip:topics:1.0">
  <code code="M11">
    <editdetail attribution="Reuters BIP Coding Group" action="confirmed" date="1997-03-13"/>
  </code>
  <code code="MCAT">
    <editdetail attribution="Reuters BIP Coding Group" action="confirmed" date="1997-03-13"/>
  </code>
</codes>
<dc element="dc.publisher" value="Reuters Holdings Plc"/>
<dc element="dc.date.published" value="1997-03-13"/>
<dc element="dc.source" value="Reuters"/>
<dc element="dc.creator.location.country.name" value="INDIA"/>
<dc element="dc.source" value="Reuters"/>
</metadata>
</newsitem>
