<?xml version="1.0" encoding="iso-8859-1" ?>
<newsitem itemid="377591" id="root" date="1997-03-13" xml:lang="en">
<title>BELGIUM: EU farm ministers to discuss prices on Tuesday.</title>
<headline>EU farm ministers to discuss prices on Tuesday.</headline>
<dateline>BRUSSELS 1997-03-13</dateline>
<text>
<p>European Union farm ministers will on Tuesday hold preliminary discussions on a proposal to keep most farm prices unchanged in 1997/98 but slash aid payments to cereals and oilseed farmers by 1.4 billion Ecus.</p>
<p>&quot;Ministers are likely to raise lots of objections, notably on the arable aid cuts,&quot; a Dutch EU presidency official said on Thursday, adding there was no urgency to reach a decision.</p>
<p>EU sources said the ministerial debate would probably follow a traditional pattern with ministers attacking any cutbacks and presenting shopping lists for farmers. Agreement is not usually reached until June.</p>
<p>The European Commission on March 5 proposed minor changes that would save 82 million Ecus from the 1998 budget of just over 41 billion Ecus. The changes included: - Reduction in monthly intervention cereals storage payments by nine percent to 1.0 Ecu a tonne to take account of lower interest rates. - Reduction in the monthly sugar storage refund by 17 percent to 0.35 Ecus per 100 kg also in view of lower interest rates. - Reduction in monthly intervention rice storage increments by 12 percent to 2.0 Ecus a tonne.</p>
<p>The intervention price for paddy rice would be cut by five percent to 333.45 Ecus a tonne. - Flax and hemp area aid payments would be cut by 5.7 percent to 815.86 Ecus per hectare and by 7.5 percent to 716.63 Ecus per hectare. A flax promotional levy of 49.62 Ecus per ha would be reduced to zero.</p>
<p>The 1.4 billion Ecus cut in cereals, oilseeds and protein crop compensatory payments was originally proposed in the summer of 1996 to help pay for an emergency beef aid package following the mad cow crisis but was rejected by farm ministers.</p>
<p>Cereals and oilseed payments would be cut by 7.3 percent and 4.8 percent respectively and set-aside payments by 26.8 percent.</p>
<p>But France, Germany and many other member states are likely to strongly oppose such a move.</p>
<p>-Peter Blackburn, Brussels Bureau +322 287 6830</p>
</text>
<copyright>(c) Reuters Limited 1997</copyright>
<metadata>
<codes class="bip:countries:1.0">
  <code code="EEC">
    <editdetail attribution="Reuters BIP Coding Group" action="confirmed" date="1997-03-13"/>
  </code>
</codes>
<codes class="bip:industries:1.0">
  <code code="I01001">
    <editdetail attribution="Reuters BIP Coding Group" action="confirmed" date="1997-03-13"/>
  </code>
</codes>
<codes class="bip:topics:1.0">
  <code code="C31">
    <editdetail attribution="Reuters BIP Coding Group" action="confirmed" date="1997-03-13"/>
  </code>
  <code code="CCAT">
    <editdetail attribution="Reuters BIP Coding Group" action="confirmed" date="1997-03-13"/>
  </code>
  <code code="G15">
    <editdetail attribution="Reuters BIP Coding Group" action="confirmed" date="1997-03-13"/>
  </code>
  <code code="G153">
    <editdetail attribution="Reuters BIP Coding Group" action="confirmed" date="1997-03-13"/>
  </code>
  <code code="GCAT">
    <editdetail attribution="Reuters BIP Coding Group" action="confirmed" date="1997-03-13"/>
  </code>
</codes>
<dc element="dc.date.created" value="1997-03-13"/>
<dc element="dc.publisher" value="Reuters Holdings Plc"/>
<dc element="dc.date.published" value="1997-03-13"/>
<dc element="dc.source" value="Reuters"/>
<dc element="dc.creator.location" value="BRUSSELS"/>
<dc element="dc.creator.location.country.name" value="BELGIUM"/>
<dc element="dc.source" value="Reuters"/>
</metadata>
</newsitem>
