<?xml version="1.0" encoding="iso-8859-1" ?>
<newsitem itemid="377572" id="root" date="1997-03-13" xml:lang="en">
<title>BELGIUM: Commission to report on veterinary negotiations.</title>
<headline>Commission to report on veterinary negotiations.</headline>
<dateline>BRUSSELS 1997-03-13</dateline>
<text>
<p>The European Commission will report to farm ministers on the progress of veterinary equivalence negotiations with the United States next week, a spokesman for the European Union's Dutch Presidency said on Thursday.</p>
<p>A U.S. delegation is due to meet EU negotiators in a week's time in a bid to conclude negotiations before the April 1 deadline set by the Commission in December when it extended existing rules for three months from January 1.</p>
<p>Under new rules due to have been in force from January 1 all imports would have to undergo veterinary inspections and tougher controls.</p>
<p>&quot;There are still some difficulties and the Commission will give an explanation,&quot; the presidency spokesman said.</p>
<p>The U.S. is still hopeful of reaching an agreement in time to avert a serious transatlantic trade dispute, a U.S. source said.</p>
</text>
<copyright>(c) Reuters Limited 1997</copyright>
<metadata>
<codes class="bip:countries:1.0">
  <code code="EEC">
    <editdetail attribution="Reuters BIP Coding Group" action="confirmed" date="1997-03-13"/>
  </code>
  <code code="USA">
    <editdetail attribution="Reuters BIP Coding Group" action="confirmed" date="1997-03-13"/>
  </code>
</codes>
<codes class="bip:industries:1.0">
  <code code="I01001">
    <editdetail attribution="Reuters BIP Coding Group" action="confirmed" date="1997-03-13"/>
  </code>
</codes>
<codes class="bip:topics:1.0">
  <code code="C13">
    <editdetail attribution="Reuters BIP Coding Group" action="confirmed" date="1997-03-13"/>
  </code>
  <code code="CCAT">
    <editdetail attribution="Reuters BIP Coding Group" action="confirmed" date="1997-03-13"/>
  </code>
  <code code="G15">
    <editdetail attribution="Reuters BIP Coding Group" action="confirmed" date="1997-03-13"/>
  </code>
  <code code="G153">
    <editdetail attribution="Reuters BIP Coding Group" action="confirmed" date="1997-03-13"/>
  </code>
  <code code="G158">
    <editdetail attribution="Reuters BIP Coding Group" action="confirmed" date="1997-03-13"/>
  </code>
  <code code="GCAT">
    <editdetail attribution="Reuters BIP Coding Group" action="confirmed" date="1997-03-13"/>
  </code>
</codes>
<dc element="dc.date.created" value="1997-03-13"/>
<dc element="dc.publisher" value="Reuters Holdings Plc"/>
<dc element="dc.date.published" value="1997-03-13"/>
<dc element="dc.source" value="Reuters"/>
<dc element="dc.creator.location" value="BRUSSELS"/>
<dc element="dc.creator.location.country.name" value="BELGIUM"/>
<dc element="dc.source" value="Reuters"/>
</metadata>
</newsitem>
