<?xml version="1.0" encoding="iso-8859-1" ?>
<newsitem itemid="377589" id="root" date="1997-03-13" xml:lang="en">
<title>BELGIUM: Royale Belge backs Belgian bank merger.</title>
<headline>Royale Belge backs Belgian bank merger.</headline>
<dateline>BRUSSELS 1997-03-13</dateline>
<text>
<p>Royale Belge chief executive officer Jean-Pierre Gerard said on Thursday he supported the idea of a large merger in the Belgian banking sector, but did not know if it would come about.</p>
<p>Insurer Royale Belge owns 12.4 percent of Banque Bruxelles Lambert SA which has been mooted as a partner for Generale Bank, Belgium's leading lender.</p>
<p>&quot;In the Belgian market there are too many banks and none which can compete on a European level. If we can merge two to get a big bank at a European level it makes a lot of sense,&quot; Gerard told a news conference on the insurer's 1996 profit.</p>
<p>Gerard said Royale Belge would almost certainly want to keep a stake in any big bank conglomerate that included BBL.</p>
<p>&quot;If there's a merger, it's clear that (our) stake would be diluted. We would see at that moment if we want to stay a shareholder and whether we can continue to work with them on insurance. The answer would almost certainly be positive,&quot; he said.</p>
<p>The merger of Royale Belge's French parent UAP with French rival AXA, creating AXA-UAP, would not change its attitude toward bancassurance. The pact is due to be completed formally in May.</p>
<p>&quot;We are shareholders of BBL. We have a bancassurance agreement with them and the change at the level of AXA-UAP will not change this,&quot; Gerard said.</p>
<p>Royale Belge has an agreement to distribute its products with Generale Bank, which until 1996 (when it was overtaken by BBL) was the biggest banking outlet for its products.</p>
<p>Royale Belge forms part of a pact of shareholders in BBL comprising one of its own main shareholders, Groupe Bruxelles Lambert (GBL), and Dexia CC, Belgium's second largest bank. Both have stakes similar in size to that of Royale Belge.</p>
<p>The arrangement has been challenged by European anti-trust officials, who believe it may be uncompetitive.</p>
<p>A European Commission official said earlier on Thursday it was still examining the agreement on the basis of documents received last month from the companies concerned.</p>
<p>The threat of a forced break-up has led some to speculate whether AXA-UAP, through Royale Belge, might seek to expand its interest in BBL by buying out one or both its partners.</p>
<p>Dexia CC has said its BBL stake is no longer strategic since it concluded its own cross border alliance with Credit Local de France last year.</p>
<p>Gerard said the group would have to think carefully before spending such a large amount of money. He estimated the cost of such an operation would be 40 billion Belgian francs.</p>
<p>&quot;If we were to take over the GBL and Dexia stakes we might be obliged by the Banking and Finance Commission to make a full takeover bid for the bank,&quot; Royale Belge director Michel Meyfroidt added. &quot;It's another consideration and one which we might not be in a position to consider.&quot;</p>
<p>Gerard said, however, that if GBL were to sell its stake in BBL, Royale Belge would not -- as a unit of GBL -- be obliged to follow, as it did in the case of Tractebel last year.</p>
<p>&quot;Nothing is predetermined in this sense. Each partner is free. Each one has held its stakes since different times...and I don't know what GBL's plans are. We act separately,&quot; Gerard said.</p>
<p>-- Nick Antonovics, Brussels Newsroom +32 2 287 6817, Fax +32 2 230 7710</p>
</text>
<copyright>(c) Reuters Limited 1997</copyright>
<metadata>
<codes class="bip:countries:1.0">
  <code code="BELG">
    <editdetail attribution="Reuters BIP Coding Group" action="confirmed" date="1997-03-13"/>
  </code>
</codes>
<codes class="bip:industries:1.0">
  <code code="I81402">
    <editdetail attribution="Reuters BIP Coding Group" action="confirmed" date="1997-03-13"/>
  </code>
  <code code="I81501">
    <editdetail attribution="Reuters BIP Coding Group" action="confirmed" date="1997-03-13"/>
  </code>
  <code code="I8150106">
    <editdetail attribution="Reuters BIP Coding Group" action="confirmed" date="1997-03-13"/>
  </code>
  <code code="I82000">
    <editdetail attribution="Reuters BIP Coding Group" action="confirmed" date="1997-03-13"/>
  </code>
  <code code="I82001">
    <editdetail attribution="Reuters BIP Coding Group" action="confirmed" date="1997-03-13"/>
  </code>
  <code code="I83960">
    <editdetail attribution="Reuters BIP Coding Group" action="confirmed" date="1997-03-13"/>
  </code>
</codes>
<codes class="bip:topics:1.0">
  <code code="C11">
    <editdetail attribution="Reuters BIP Coding Group" action="confirmed" date="1997-03-13"/>
  </code>
  <code code="C18">
    <editdetail attribution="Reuters BIP Coding Group" action="confirmed" date="1997-03-13"/>
  </code>
  <code code="C181">
    <editdetail attribution="Reuters BIP Coding Group" action="confirmed" date="1997-03-13"/>
  </code>
  <code code="CCAT">
    <editdetail attribution="Reuters BIP Coding Group" action="confirmed" date="1997-03-13"/>
  </code>
</codes>
<dc element="dc.date.created" value="1997-03-13"/>
<dc element="dc.publisher" value="Reuters Holdings Plc"/>
<dc element="dc.date.published" value="1997-03-13"/>
<dc element="dc.source" value="Reuters"/>
<dc element="dc.creator.location" value="BRUSSELS"/>
<dc element="dc.creator.location.country.name" value="BELGIUM"/>
<dc element="dc.source" value="Reuters"/>
</metadata>
</newsitem>
