<?xml version="1.0" encoding="iso-8859-1" ?>
<newsitem itemid="377578" id="root" date="1997-03-13" xml:lang="en">
<title>FRANCE: French stocks end down but off lows.</title>
<headline>French stocks end down but off lows.</headline>
<dateline>PARIS 1997-03-13</dateline>
<text>
<p>French shares clambered back off the day's lows but closed slightly softer.</p>
<p>A bigger than expected rise in U.S. February retail sales of 0.8 percent sent bond and share prices lower, but the CAC index narrowed the loss as a few blue-chip rises gave support.</p>
<p>Traders said there was caution about a potential tightening of U.S. interest rates on March 25 and Friday's release of U.S. producer prices data should hold the market's gaze.</p>
<p>The CAC-40 index closed down 9.60 points or 0.36 percent at 2,632.10. The CAC-40 futures contract was down 24.5 at 2,632 from Wednesday's close. Volume was 7.6 billion francs.  </p>
<p>* Banking blue chip BNP bounced back, rising 3.7 percent to 272, on short covering after heavy falls earlier this week on rumours that Axa-UAP would lighten its holding.</p>
<p>* Lafarge, up 2.8 percent at 382.4, gave a bullish presentation yesterday which led several brokers to upgrade recommendations and earnings forecasts.</p>
<p>* Assurances Generale de France erases earlier weakness, ends up 1.9 percent at 214.5. The insurer posted 1996 net attributable profit up 42 percent at 1.54 billion francs after the close.  </p>
<p>* A handful of big name stocks posted rises over two percent, helping to limit losses on the CAC, including PSA Peugeot Citroen, Promodes and Rhone-Poulenc.</p>
<p>* LVMH among few risers, up 1.65 percent at 1,325. Dior also up 1.12 percent.</p>
<p>-- Paris newsroom +33 1 4221 5452</p>
</text>
<copyright>(c) Reuters Limited 1997</copyright>
<metadata>
<codes class="bip:countries:1.0">
  <code code="FRA">
    <editdetail attribution="Reuters BIP Coding Group" action="confirmed" date="1997-03-13"/>
  </code>
</codes>
<codes class="bip:topics:1.0">
  <code code="M11">
    <editdetail attribution="Reuters BIP Coding Group" action="confirmed" date="1997-03-13"/>
  </code>
  <code code="MCAT">
    <editdetail attribution="Reuters BIP Coding Group" action="confirmed" date="1997-03-13"/>
  </code>
</codes>
<dc element="dc.date.created" value="1997-03-13"/>
<dc element="dc.publisher" value="Reuters Holdings Plc"/>
<dc element="dc.date.published" value="1997-03-13"/>
<dc element="dc.source" value="Reuters"/>
<dc element="dc.creator.location" value="PARIS"/>
<dc element="dc.creator.location.country.name" value="FRANCE"/>
<dc element="dc.source" value="Reuters"/>
</metadata>
</newsitem>
