<?xml version="1.0" encoding="iso-8859-1" ?>
<newsitem itemid="377588" id="root" date="1997-03-13" xml:lang="en">
<title>GERMANY: Eurowings sees higher 1996 profits.</title>
<headline>Eurowings sees higher 1996 profits.</headline>
<dateline>BERLIN 1997-03-13</dateline>
<text>
<p>German airline Eurowings Luftverkehrs AG said it would show improved 1996 profits and forecast double-figure growth in passengers and turnover this year.</p>
<p>Eurowings chairman Reinhard Santner said the privately-owned carrier expected a 15 percent rise to 2.2 million passengers and a 22 percent rise to 560 million marks turnover this year.</p>
<p>The airline improved turnover 14 percent to 460 million marks last year and increased passenger numbers 4.6 percent to 1.88 million, he added.</p>
<p>&quot;We had a very positive year and the profit was substantially better than 1995,&quot; Santner told Reuters in an interview at the ITB travel fair in Berlin this week.</p>
<p>The airline made a group net profit of 2.1 million marks on a turnover of 410 million marks in 1995 following a loss of eight million marks in 1994.</p>
<p>Code-share flights with KLM Royal Dutch Airlines and Air France would be expanded over the course of the year, Santer said.</p>
<p>Eurowings now operated 23 daily flights on nine routes from Germany to Amsterdam in co-operation with KLM and was the second-largest foreign airline at Schipol Airport, he added.</p>
<p>Eurowings would use two new 142-seat Airbus A319s for summer charter flights for German tour operators to Mediterranean destinations.</p>
<p>Sales revenue from charter flights should rise to about 95 million marks from 53 million marks last year, Santner added.</p>
<p>Eurowings marketing manager Ulrich Sigman said the airline would expand ticketless flying on several domestic routes later this year.</p>
<p>But there were no short-term plans for Internet sales or large-scale telephone sales, he added.</p>
<p>-- Reuters Air Cargo Newsroom Tel+44 171 542 7706 Fax:5017</p>
</text>
<copyright>(c) Reuters Limited 1997</copyright>
<metadata>
<codes class="bip:countries:1.0">
  <code code="GFR">
    <editdetail attribution="Reuters BIP Coding Group" action="confirmed" date="1997-03-13"/>
  </code>
</codes>
<codes class="bip:industries:1.0">
  <code code="I75000">
    <editdetail attribution="Reuters BIP Coding Group" action="confirmed" date="1997-03-13"/>
  </code>
</codes>
<codes class="bip:topics:1.0">
  <code code="C15">
    <editdetail attribution="Reuters BIP Coding Group" action="confirmed" date="1997-03-13"/>
  </code>
  <code code="C152">
    <editdetail attribution="Reuters BIP Coding Group" action="confirmed" date="1997-03-13"/>
  </code>
  <code code="CCAT">
    <editdetail attribution="Reuters BIP Coding Group" action="confirmed" date="1997-03-13"/>
  </code>
</codes>
<dc element="dc.date.created" value="1997-03-13"/>
<dc element="dc.publisher" value="Reuters Holdings Plc"/>
<dc element="dc.date.published" value="1997-03-13"/>
<dc element="dc.source" value="Reuters"/>
<dc element="dc.creator.location" value="BERLIN"/>
<dc element="dc.creator.location.country.name" value="GERMANY"/>
<dc element="dc.source" value="Reuters"/>
</metadata>
</newsitem>
