<?xml version="1.0" encoding="iso-8859-1" ?>
<newsitem itemid="377582" id="root" date="1997-03-13" xml:lang="en">
<title>FRANCE: France calls for &quot;security framework&quot; in Zaire.</title>
<headline>France calls for &quot;security framework&quot; in Zaire.</headline>
<byline>Bernard Edinger</byline>
<dateline>PARIS 1997-03-13</dateline>
<text>
<p>France called on the international community on Thursday to consider setting up a &quot;security framework&quot; for Zaire -- code words for a multinational intervention force -- and said it was ready to contribute.</p>
<p>&quot;If there is no ceasefire, the international community must consider setting up a security framework (to help delivery of) humanitarian aid,&quot; foreign ministry spokesman Jacques Rummelhardt told a news briefing.</p>
<p>&quot;France is ready to assume its responsibilities and we are asking our partners how available they are to join,&quot; he said.</p>
<p>Paris said on Wednesday it was asking its European partners to get involved in creating an airlift of humanitarian supplies to Kisangani and eastern Zaire.</p>
<p>The &quot;security framework&quot; would protect delivery of the supplies in areas threatened by the advance of Tutsi-led rebels against government forces.</p>
<p>Rebel leader Laurent Kabila, who is advancing on Kisangani in a challenge to Zairean President Mobutu Sese Seko, has accepted a U.N. peace plan as a basis for talks but rejected its call for a ceasefire.</p>
<p>A senior French defence ministry official told reporters that an international airlift was still feasible since Kisangani itself was not in an immediate combat zone.</p>
<p>But he pointedly added that the French military had no plans to set up an airlift unilaterally. France's own airlift capacity is insufficient to make a major difference in bringing supplies to the area.</p>
<p>Reports that U.S. Secretary of State Madeleine Albright was unhappy with options offered her regarding Zaire and had directed U.S. experts to rethink plans to help resolve the crisis were welcomed by Rummelhardt.</p>
<p>&quot;The United States share with us the belief that the current situation is unacceptable and fighting must halt as soon as possible,&quot; he said.</p>
<p>Officials in Washington told Reuters Albright's thoughts did not necessarily mean the United States would reverse its opposition to a multi-national force to intervene in Zaire.</p>
<p>French President Jacques Chirac on Tuesday denounced a &quot;conspiracy of silence&quot; on Zaire and appealed to the foreign states to force a ceasefire and take emergency humanitarian action.</p>
<p>Rummelhardt said the United States had assured Paris that it was now using its influence to stop the fighting.</p>
<p>Critics of French policy say Paris' main motivation is to block the rebel advance and save Mobutu, long allied to Paris.</p>
<p>European Union Commissioner for Humanitarian Action Emma Bonino meanwhile said she did not believe the multinational force would get off the ground.</p>
<p>&quot;I don't believe anyone has the intention of putting soliders on the ground in a situation that has become so complicated,&quot; she told Radio Luxembourg.</p>
<p>Bonino was scathing about the failure of European Union nations to present a joint foreign or defence policy. &quot;They prefer 15 separate national foreign policies.</p>
<p>&quot;The confusion is obvious and the inefficiency was demonstrated before in ex-Yugoslavia, now in Africa and, I fear, even in Albania,&quot; she said.</p>
</text>
<copyright>(c) Reuters Limited 1997</copyright>
<metadata>
<codes class="bip:countries:1.0">
  <code code="FRA">
    <editdetail attribution="Reuters BIP Coding Group" action="confirmed" date="1997-03-13"/>
  </code>
  <code code="ZAIRE">
    <editdetail attribution="Reuters BIP Coding Group" action="confirmed" date="1997-03-13"/>
  </code>
</codes>
<codes class="bip:topics:1.0">
  <code code="GCAT">
    <editdetail attribution="Reuters BIP Coding Group" action="confirmed" date="1997-03-13"/>
  </code>
  <code code="GDIP">
    <editdetail attribution="Reuters BIP Coding Group" action="confirmed" date="1997-03-13"/>
  </code>
  <code code="GVIO">
    <editdetail attribution="Reuters BIP Coding Group" action="confirmed" date="1997-03-13"/>
  </code>
</codes>
<dc element="dc.date.created" value="1997-03-13"/>
<dc element="dc.publisher" value="Reuters Holdings Plc"/>
<dc element="dc.date.published" value="1997-03-13"/>
<dc element="dc.source" value="Reuters"/>
<dc element="dc.creator.location" value="PARIS"/>
<dc element="dc.creator.location.country.name" value="FRANCE"/>
<dc element="dc.source" value="Reuters"/>
</metadata>
</newsitem>
