<?xml version="1.0" encoding="iso-8859-1" ?>
<newsitem itemid="377581" id="root" date="1997-03-13" xml:lang="en">
<title>BELGIUM: Union Miniere sees $1,200 avge world zinc price.</title>
<headline>Union Miniere sees $1,200 avge world zinc price.</headline>
<dateline>BRUSSELS 1997-03-13</dateline>
<text>
<p>Belgian non-ferrous metals company Union Miniere said on Thursday it expected an average world zinc price at around $1,200 per tonne in 1997.  </p>
<p>&quot;All the information we have shows that we can expect zinc prices of between $1,100 and $1,200 this year. A couple of weeks ago we thought it would be $1,150. Today I would bet on it being $1,200,&quot; UM chief executive officer Karel Vinck told a news conference on UM's 1996 results.</p>
<p>-- Brussels Newsroom +32 2 287 6810, Fax +32 2 230 7710</p>
</text>
<copyright>(c) Reuters Limited 1997</copyright>
<metadata>
<codes class="bip:countries:1.0">
  <code code="BELG">
    <editdetail attribution="Reuters BIP Coding Group" action="confirmed" date="1997-03-13"/>
  </code>
</codes>
<codes class="bip:industries:1.0">
  <code code="I22400">
    <editdetail attribution="Reuters BIP Coding Group" action="confirmed" date="1997-03-13"/>
  </code>
</codes>
<codes class="bip:topics:1.0">
  <code code="C31">
    <editdetail attribution="Reuters BIP Coding Group" action="confirmed" date="1997-03-13"/>
  </code>
  <code code="CCAT">
    <editdetail attribution="Reuters BIP Coding Group" action="confirmed" date="1997-03-13"/>
  </code>
  <code code="M14">
    <editdetail attribution="Reuters BIP Coding Group" action="confirmed" date="1997-03-13"/>
  </code>
  <code code="M142">
    <editdetail attribution="Reuters BIP Coding Group" action="confirmed" date="1997-03-13"/>
  </code>
  <code code="MCAT">
    <editdetail attribution="Reuters BIP Coding Group" action="confirmed" date="1997-03-13"/>
  </code>
</codes>
<dc element="dc.date.created" value="1997-03-13"/>
<dc element="dc.publisher" value="Reuters Holdings Plc"/>
<dc element="dc.date.published" value="1997-03-13"/>
<dc element="dc.source" value="Reuters"/>
<dc element="dc.creator.location" value="BRUSSELS"/>
<dc element="dc.creator.location.country.name" value="BELGIUM"/>
<dc element="dc.source" value="Reuters"/>
</metadata>
</newsitem>
