<?xml version="1.0" encoding="iso-8859-1" ?>
<newsitem itemid="377584" id="root" date="1997-03-13" xml:lang="en">
<title>BELGIUM: Royale Belge says share worth 10,000 Bfr.</title>
<headline>Royale Belge says share worth 10,000 Bfr.</headline>
<dateline>BRUSSELS 1997-03-13</dateline>
<text>
<p>Belgian insurance company Royale Belge said on Thursday its share was undervalued and could be worth as much as 10,000 Belgian francs.</p>
<p>&quot;We are still below the intrinsic value of Royale Belge, even if the share has gone up by 2,000 francs this year,&quot; chief executive officer Jean-Pierre Gerard told a news conference on 1996 results.</p>
<p>Royale Belge closed up 90 francs at 8,630 on the Brussels bourse ahead of news group current profit rose to 7.1 billion francs in 1996 from 6.2 billion in 1995, in line with analysts' expectations. The share started 1997 at 6,550 francs.</p>
<p>Royale Belge said a mathematical division of its equity of 61.9 billion francs and latent capital gains of 64 billion francs by the number of shares, giving a intrinsic value of around 7,900 francs, did not take into account the full value of its business and reputation.</p>
<p>These intangibles were worth about 2,000 francs more, Gerard said.</p>
<p>-- Nick Antonovics, Brussels Newsroom +32 2 287 6817, Fax +32 2 230 7710</p>
</text>
<copyright>(c) Reuters Limited 1997</copyright>
<metadata>
<codes class="bip:countries:1.0">
  <code code="BELG">
    <editdetail attribution="Reuters BIP Coding Group" action="confirmed" date="1997-03-13"/>
  </code>
</codes>
<codes class="bip:industries:1.0">
  <code code="I82001">
    <editdetail attribution="Reuters BIP Coding Group" action="confirmed" date="1997-03-13"/>
  </code>
</codes>
<codes class="bip:topics:1.0">
  <code code="C15">
    <editdetail attribution="Reuters BIP Coding Group" action="confirmed" date="1997-03-13"/>
  </code>
  <code code="C152">
    <editdetail attribution="Reuters BIP Coding Group" action="confirmed" date="1997-03-13"/>
  </code>
  <code code="CCAT">
    <editdetail attribution="Reuters BIP Coding Group" action="confirmed" date="1997-03-13"/>
  </code>
</codes>
<dc element="dc.date.created" value="1997-03-13"/>
<dc element="dc.publisher" value="Reuters Holdings Plc"/>
<dc element="dc.date.published" value="1997-03-13"/>
<dc element="dc.source" value="Reuters"/>
<dc element="dc.creator.location" value="BRUSSELS"/>
<dc element="dc.creator.location.country.name" value="BELGIUM"/>
<dc element="dc.source" value="Reuters"/>
</metadata>
</newsitem>
