<?xml version="1.0" encoding="iso-8859-1" ?>
<newsitem itemid="377587" id="root" date="1997-03-13" xml:lang="en">
<title>SPAIN: Spain's Pryca to pay dividend, issue premium.</title>
<headline>Spain's Pryca to pay dividend, issue premium.</headline>
<dateline>MADRID 1997-03-13</dateline>
<text>
<p>Spain's hypermarket chain Pryca said on Thursday it would propose paying a gross 65 pesetas per share dividend versus 1996's results.</p>
<p>The 1996 total dividend will be 12.03 billion pesetas, a 51.4 percent higher than 1995's.</p>
<p>Pryca will also pay an additional 133 pesetas per share as issue premium for its 1992 capital increase. The total per share payment will add to 198 pesetas.  </p>
<p>The Pryca group had a turnover of 594.52 billion pesetas in 1996, and a net profit of 23.95 billion pesetas, 10.2 percent higher than previous year.</p>
<p>-- Madrid Newsroom, + 341 585 8340</p>
</text>
<copyright>(c) Reuters Limited 1997</copyright>
<metadata>
<codes class="bip:countries:1.0">
  <code code="SPAIN">
    <editdetail attribution="Reuters BIP Coding Group" action="confirmed" date="1997-03-13"/>
  </code>
</codes>
<codes class="bip:industries:1.0">
  <code code="I64100">
    <editdetail attribution="Reuters BIP Coding Group" action="confirmed" date="1997-03-13"/>
  </code>
</codes>
<codes class="bip:topics:1.0">
  <code code="C15">
    <editdetail attribution="Reuters BIP Coding Group" action="confirmed" date="1997-03-13"/>
  </code>
  <code code="C151">
    <editdetail attribution="Reuters BIP Coding Group" action="confirmed" date="1997-03-13"/>
  </code>
  <code code="CCAT">
    <editdetail attribution="Reuters BIP Coding Group" action="confirmed" date="1997-03-13"/>
  </code>
</codes>
<dc element="dc.date.created" value="1997-03-13"/>
<dc element="dc.publisher" value="Reuters Holdings Plc"/>
<dc element="dc.date.published" value="1997-03-13"/>
<dc element="dc.source" value="Reuters"/>
<dc element="dc.creator.location" value="MADRID"/>
<dc element="dc.creator.location.country.name" value="SPAIN"/>
<dc element="dc.source" value="Reuters"/>
</metadata>
</newsitem>
