<?xml version="1.0" encoding="iso-8859-1" ?>
<newsitem itemid="377585" id="root" date="1997-03-13" xml:lang="en">
<title>GERMANY: German coal deal a short-term fix - analysts.</title>
<headline>German coal deal a short-term fix - analysts.</headline>
<byline>Douglas Busvine</byline>
<dateline>BONN 1997-03-13</dateline>
<text>
<p>Chancellor Helmut Kohl eased the pressure on his beleagured government on Thursday by striking a compromise on coal subsidies which placated angry miners without putting an extra burden on state finances this year.</p>
<p>Bonn said a deal on coal aid, as well as the costs of a planned 25 billion mark ($15 billion) offensive to boost building investment, would not cost the federal government a single mark this year.</p>
<p>But independent economists warned that Kohl was trying to buy industrial peace with short-term palliatives which would fail to give the economy a real lift.</p>
<p>And, despite the coal deal and building drive, a further round of fiscal belt-tightening will be needed if Germany is to pass muster for European monetary union (EMU), they said.</p>
<p>&quot;It's not looking great, and time is running out,&quot; said Stephen King, European economist at HSBC James Capel in London.</p>
<p>Ruetger Teuscher, economist at Deutsche Bank Research, said Finance Minister Theo Waigel would still have to cut 10 billion marks in spending this year to hit the Maastricht treaty budget deficit target of three percent of GDP. If no action is taken, he said, the deficit will hit 3.3 percent of GDP.</p>
<p>Some analysts said government promises of 500 million marks a year in extra federal coal subsidies starting next year could endanger lasting adherence to the Maastricht criteria.</p>
<p>And the construction drive, to be financed by off-budget development loans, will meet a weak response from a building industry in secular decline after its post-unification boom.</p>
<p>&quot;From the point of view of Maastricht this is fine,&quot; King said. &quot;But it does raise the issue of medium-term sustainability.&quot;</p>
<p>Kohl's Christian Democrats (CDU) appealed to the opposition Social Democrats (SPD) to return to talks on crucial tax reforms which were suspended during the week-long coal dispute.</p>
<p>But SPD leader Oskar Lafontaine repeated conditions for restarting the talks, saying the government must come up with new proposals to relieve the burden on ordinary workers next year before the talks can resume.</p>
<p>Analysts said, however, that the chances of striking a compromise to avoid trench warfare in parliament -- where the SPD can veto tax changes -- had tumbled.</p>
<p>Gerhard Grebe, at Bank Julius Baer in Frankfurt, said the climate had been &quot;poisoned&quot; by the coal stand-off, and chances for a tax deal had become &quot;significantly worse&quot;.</p>
<p>&quot;What I can't understand is why the government fomented this conflict over coal now,&quot; Grebe said. He added the problem could have been dealt with later -- and had no impact on state finances this year in any case.</p>
<p>The SPD may have also learned that votes are to be won by taking a popular stand against government austerity measures, King said. General elections are due in autumn 1998.</p>
<p>King added that, while he shared the government's forecast of economic growth of 2.5 percent this year, the upturn was led by exports rather than tax-generating domestic demand. &quot;It's the wrong kind of growth,&quot; he said.</p>
<p>That meant that his budget deficit forecast of 3.3 percent of GDP still had upside risks. Grebe forecasts 3.2 percent, but also said a poor showing in tax revenue estimates due in May would prompt him to revise up his deficit forecast.</p>
<p>Views remain split on whether Germany's budget woes will lead European leaders next year to interpret Maastricht generously so that EMU can start on time, or whether they will announce a delay.</p>
<p>Grebe said the Maastricht criteria would be weakened and leaders would count on the stability pact -- a deal to punish fiscal laxity -- to ensure discipline under the new currency.</p>
<p>But King said a postponement was more likely: &quot;It is difficult for Germany to entertain the idea of Italy being in the first wave in 1999.&quot;</p>
<p>($ = 1.695 German Marks)</p>
</text>
<copyright>(c) Reuters Limited 1997</copyright>
<metadata>
<codes class="bip:countries:1.0">
  <code code="GFR">
    <editdetail attribution="Reuters BIP Coding Group" action="confirmed" date="1997-03-13"/>
  </code>
</codes>
<codes class="bip:industries:1.0">
  <code code="I11000">
    <editdetail attribution="Reuters BIP Coding Group" action="confirmed" date="1997-03-13"/>
  </code>
</codes>
<codes class="bip:topics:1.0">
  <code code="C17">
    <editdetail attribution="Reuters BIP Coding Group" action="confirmed" date="1997-03-13"/>
  </code>
  <code code="C42">
    <editdetail attribution="Reuters BIP Coding Group" action="confirmed" date="1997-03-13"/>
  </code>
  <code code="CCAT">
    <editdetail attribution="Reuters BIP Coding Group" action="confirmed" date="1997-03-13"/>
  </code>
  <code code="E41">
    <editdetail attribution="Reuters BIP Coding Group" action="confirmed" date="1997-03-13"/>
  </code>
  <code code="ECAT">
    <editdetail attribution="Reuters BIP Coding Group" action="confirmed" date="1997-03-13"/>
  </code>
  <code code="GCAT">
    <editdetail attribution="Reuters BIP Coding Group" action="confirmed" date="1997-03-13"/>
  </code>
  <code code="GJOB">
    <editdetail attribution="Reuters BIP Coding Group" action="confirmed" date="1997-03-13"/>
  </code>
  <code code="GPOL">
    <editdetail attribution="Reuters BIP Coding Group" action="confirmed" date="1997-03-13"/>
  </code>
</codes>
<dc element="dc.date.created" value="1997-03-13"/>
<dc element="dc.publisher" value="Reuters Holdings Plc"/>
<dc element="dc.date.published" value="1997-03-13"/>
<dc element="dc.source" value="Reuters"/>
<dc element="dc.creator.location" value="BONN"/>
<dc element="dc.creator.location.country.name" value="GERMANY"/>
<dc element="dc.source" value="Reuters"/>
</metadata>
</newsitem>
