<?xml version="1.0" encoding="iso-8859-1" ?>
<newsitem itemid="377583" id="root" date="1997-03-13" xml:lang="en">
<title>FRANCE: French capital markets closing report.</title>
<headline>French capital markets closing report.</headline>
<dateline>PARIS 1997-03-13</dateline>
<text>
<p>Ten-year bond futures settled lower as U.S. Treasuries beat a retreat on strong retail sales and jobs data that appeared to lend credence to arguments for a rise in American interest rates.</p>
<p>Domestic support failed to materialise as the 10-year contract finished 28 basis points lower at 130.78 after having fluctuated between 130.84 and 130.60.</p>
<p>&quot;The problem is we expected domestic investors to come in as the market weakened and they didn't show. We're seeing fund managers instead convering their long positions and the market seems pretty pessimistic,&quot; said one trader.  </p>
<p>Analysts said they believed even a good U.S. producer price number on Friday would not be enough to lure back buyers who are worried that the Federal Reserve may boost U.S. rates at its next meeting on March 25.</p>
<p>&quot;In the United States, it's not inflation which is a worry but rather the indebtedness of households and the strength of retail sales in January and February that could worry the Fed,&quot; said one trader.</p>
<p>Traders saw the weakness continuing Friday with one saying the 10-year bond future could test strong support at 130.50. Another cited 130.40/36 as support with the next stop 129.70.  </p>
<p>Traders said the market was also affected by position covering linked to Portugal's issue this morning of a 3.0 billion franc 10-year bond priced at 17 basis points over the comparable 10-year government bond and the Ecu OAT auction.</p>
<p>Traders said the 17 point spread on the Portuguese issue had drawn interest in a market in which demand was otherwise limited.</p>
<p>Traders added that worries about a possible delay to a single currency were also weighing on the bond future. &quot;In Europe, there are so many rumours going about on a delay in monetary union,&quot; said one analyst.  </p>
<p>&quot;The decision will be a political one, not an economic one,&quot; he said. &quot;It's ridiculous to think Germany is going to miss monetary union for a 0.2 or 0.3 percentage point (shortfall) on its deficit target when it has 50 years of stability behind it.&quot;</p>
<p>PIBOR gained one basis point to 96.55 on the back of a franc that firmed to 3.3726 per mark from 3.3743.</p>
<p>-- Paris Newsroom +33 1 4221 5452</p>
</text>
<copyright>(c) Reuters Limited 1997</copyright>
<metadata>
<codes class="bip:countries:1.0">
  <code code="FRA">
    <editdetail attribution="Reuters BIP Coding Group" action="confirmed" date="1997-03-13"/>
  </code>
</codes>
<codes class="bip:topics:1.0">
  <code code="M12">
    <editdetail attribution="Reuters BIP Coding Group" action="confirmed" date="1997-03-13"/>
  </code>
  <code code="M13">
    <editdetail attribution="Reuters BIP Coding Group" action="confirmed" date="1997-03-13"/>
  </code>
  <code code="M131">
    <editdetail attribution="Reuters BIP Coding Group" action="confirmed" date="1997-03-13"/>
  </code>
  <code code="MCAT">
    <editdetail attribution="Reuters BIP Coding Group" action="confirmed" date="1997-03-13"/>
  </code>
</codes>
<dc element="dc.date.created" value="1997-03-13"/>
<dc element="dc.publisher" value="Reuters Holdings Plc"/>
<dc element="dc.date.published" value="1997-03-13"/>
<dc element="dc.source" value="Reuters"/>
<dc element="dc.creator.location" value="PARIS"/>
<dc element="dc.creator.location.country.name" value="FRANCE"/>
<dc element="dc.source" value="Reuters"/>
</metadata>
</newsitem>
