<?xml version="1.0" encoding="iso-8859-1" ?>
<newsitem itemid="377566" id="root" date="1997-03-13" xml:lang="en">
<title>SPAIN: Madrid stocks march higher, buoyed by CPI data.</title>
<headline>Madrid stocks march higher, buoyed by CPI data.</headline>
<dateline>MADRID 1997-03-13</dateline>
<text>
<p>Madrid stocks bucked the trend to march higher on Thursday buoyed by positive inflation data. Traders said all eyes now on Friday's repo auction.</p>
<p>The general index rose 2.18 points, 0.45 pct, to 485.11. The Ibex-35 index of leading shares gained 29.10 points, 0.53 pct, to 5,566.65.</p>
<p>&quot;The inflation data has had a clear effect on the market,&quot; said one trader. &quot;Losses in other key stock markets have failed to dampen spirits&quot;.</p>
<p>Traders said turnover remained high with 98.5 billion pesetas changing hands.</p>
<p>February CPI fell to 2.5 percent year-on-year growth from 2.9 percent in January, opening door to a possible cut in the key money market rate at Friday's repo auction, analysts said.</p>
<p>Trading in Telefonica, Repsol and Endesa shares accounted for 51 percent of the global volume. Telefonica closed 40 pesetas higher at 3,525, while Repsol gained 90 to 5,990. Endesa rose 70 pesetas to 9,250.</p>
<p>Among banks, Banesto gained 3.1 percent, while BBV and Santander rose more than one percent.</p>
</text>
<copyright>(c) Reuters Limited 1997</copyright>
<metadata>
<codes class="bip:countries:1.0">
  <code code="SPAIN">
    <editdetail attribution="Reuters BIP Coding Group" action="confirmed" date="1997-03-13"/>
  </code>
</codes>
<codes class="bip:topics:1.0">
  <code code="M11">
    <editdetail attribution="Reuters BIP Coding Group" action="confirmed" date="1997-03-13"/>
  </code>
  <code code="MCAT">
    <editdetail attribution="Reuters BIP Coding Group" action="confirmed" date="1997-03-13"/>
  </code>
</codes>
<dc element="dc.date.created" value="1997-03-13"/>
<dc element="dc.publisher" value="Reuters Holdings Plc"/>
<dc element="dc.date.published" value="1997-03-13"/>
<dc element="dc.source" value="Reuters"/>
<dc element="dc.creator.location" value="MADRID"/>
<dc element="dc.creator.location.country.name" value="SPAIN"/>
<dc element="dc.source" value="Reuters"/>
</metadata>
</newsitem>
