<?xml version="1.0" encoding="iso-8859-1" ?>
<newsitem itemid="377574" id="root" date="1997-03-13" xml:lang="en">
<title>SWITZERLAND: Swiss stocks end lower.</title>
<headline>Swiss stocks end lower.</headline>
<dateline>ZURICH 1997-03-13</dateline>
<text>
<p>Swiss shares closed more than one percent lower, but shares of Ciba Specialty Chemicals saw solid demand on their first day of trading.</p>
<p>Dealers said the easing U.S. dollar, a fall on U.S. and European bourses, as well as weakness in bonds, contributed to the market's slide. However, Ciba bucked the trend, ending at 116.50 francs, 6.50 francs above the initial flotation price of 110 francs in the global offering.</p>
<p>The blue-chip Swiss Market Index lost 66.3 points, or 1.42 percent, to end at 4.609.9. and the all-share SPI fell 31.75 points to 2,922.70.</p>
<p>Dealers said Ciba had a successful start, hitting a day high of 118.0 francs. Foreign demand was said to be high.</p>
<p>Otherwise, investors seemed cautious about further interest rate development and some took profits, one trader noted.</p>
<p>&quot;Insecurity is likely to last awhile,&quot; he added, referring to the U.S. Federal Reserve Board's meeting later this month.</p>
<p>Clariant, another specialty chemicals company, added four francs to close at 715. Electrowatt and EMS Chemie also firmed in the blue-chip segment.</p>
<p>ABB and SMH were lower but losses were held in check.</p>
<p>Novartis registered shares and Roche were among the more prominent losers of the day.</p>
<p>Novartis slid 32 francs to 1,756 and Roche gave up 225 francs to end at 12,255.</p>
<p>Banks were lower on a broad front. UBS gave up 16 francs to finish at 1,332. SBC was almost two percent lower, ending six francs off at 304. Insurers also mostly lost ground.</p>
<p>Swissair fell five francs to 1,289. But Adecco bucked the trend, adding three francs to close at 457.</p>
</text>
<copyright>(c) Reuters Limited 1997</copyright>
<metadata>
<codes class="bip:countries:1.0">
  <code code="SWITZ">
    <editdetail attribution="Reuters BIP Coding Group" action="confirmed" date="1997-03-13"/>
  </code>
</codes>
<codes class="bip:topics:1.0">
  <code code="M11">
    <editdetail attribution="Reuters BIP Coding Group" action="confirmed" date="1997-03-13"/>
  </code>
  <code code="MCAT">
    <editdetail attribution="Reuters BIP Coding Group" action="confirmed" date="1997-03-13"/>
  </code>
</codes>
<dc element="dc.date.created" value="1997-03-13"/>
<dc element="dc.publisher" value="Reuters Holdings Plc"/>
<dc element="dc.date.published" value="1997-03-13"/>
<dc element="dc.source" value="Reuters"/>
<dc element="dc.creator.location" value="ZURICH"/>
<dc element="dc.creator.location.country.name" value="SWITZERLAND"/>
<dc element="dc.source" value="Reuters"/>
</metadata>
</newsitem>
