<?xml version="1.0" encoding="iso-8859-1" ?>
<newsitem itemid="377573" id="root" date="1997-03-13" xml:lang="en">
<title>ITALY: Albanian air force helicopters desert to Italy.</title>
<headline>Albanian air force helicopters desert to Italy.</headline>
<dateline>ROME 1997-03-13</dateline>
<text>
<p>Two Albanian air force helicopters deserted to Italy on Thursday and Italian military sources said as many as four more were on their way across the Adriatic Sea.</p>
<p>The two helicopters, with several people on board, landed near the southern port of Brindisi, a senior official in the city said. Earlier, the Italian navy said three Albanian patrol boats had deserted and were being escorted to Brindisi.  </p>
<p>Brindisi Prefect Andrea Gentile said one helicopter landed at a military airport and the second at an industrial complex. The Italian news agency ANSA said a total of 16 people were on the two aircraft, including women and at least one child.</p>
<p>Military sources in Rome said four more helicopters had been sighted crossing the Adriatic in the direction of southern Italy's Puglia region. &quot;We are monitoring their route,&quot; one source said.</p>
<p>Albania slid further towards anarchy on Thursday as arms depots in several towns including the capital Tirana were looted and people used the weapons to raid food warehouses for emergency stockpiles.</p>
</text>
<copyright>(c) Reuters Limited 1997</copyright>
<metadata>
<codes class="bip:countries:1.0">
  <code code="ALB">
    <editdetail attribution="Reuters BIP Coding Group" action="confirmed" date="1997-03-13"/>
  </code>
  <code code="ITALY">
    <editdetail attribution="Reuters BIP Coding Group" action="confirmed" date="1997-03-13"/>
  </code>
</codes>
<codes class="bip:topics:1.0">
  <code code="GCAT">
    <editdetail attribution="Reuters BIP Coding Group" action="confirmed" date="1997-03-13"/>
  </code>
  <code code="GDEF">
    <editdetail attribution="Reuters BIP Coding Group" action="confirmed" date="1997-03-13"/>
  </code>
  <code code="GDIP">
    <editdetail attribution="Reuters BIP Coding Group" action="confirmed" date="1997-03-13"/>
  </code>
  <code code="GVIO">
    <editdetail attribution="Reuters BIP Coding Group" action="confirmed" date="1997-03-13"/>
  </code>
</codes>
<dc element="dc.date.created" value="1997-03-13"/>
<dc element="dc.publisher" value="Reuters Holdings Plc"/>
<dc element="dc.date.published" value="1997-03-13"/>
<dc element="dc.source" value="Reuters"/>
<dc element="dc.creator.location" value="ROME"/>
<dc element="dc.creator.location.country.name" value="ITALY"/>
<dc element="dc.source" value="Reuters"/>
</metadata>
</newsitem>
