<?xml version="1.0" encoding="iso-8859-1" ?>
<newsitem itemid="377590" id="root" date="1997-03-13" xml:lang="en">
<title>BELGIUM: Belgian bonds hold low levels, await more U.S. data.</title>
<headline>Belgian bonds hold low levels, await more U.S. data.</headline>
<dateline>BRUSSELS 1997-03-13</dateline>
<text>
<p>Belgian bonds were stuck at their initial depressed levels on Thursday after stronger-than-expected U.S. retail sales and weekly jobs data sent Treasuries lower.</p>
<p>&quot;We've got producer prices and consumer price data ahead. Nobody wants to go short now for the coming days,&quot; one dealer said. February U.S. PPI figures are due on Friday, to be followed by consumer prices next Wednesday.</p>
<p>By 1530 GMT the 10-year OLO yield was 5.81 percent, above the previous close of 5.77, though just below 5.82 percent touched earlier.  </p>
<p>&quot;I see the spread narrowing to seven or eight basis points next week,&quot; he added, saying there were no domestic factors to justify a spread widening.</p>
<p>OLO yields at the shorter end of the curve were little changed from the previous day's higher levels, though there was a fair amount of activity noted in two year paper.</p>
<p>Front-month bond futures stood 0.22 point lower at 121.78.</p>
<p>Short-term money market yields were seen remaining high, with the National Bank squeezing liquidity. Three-month T-bills were at 3.47/57 percent, up from 3.46/50 a day ago. -- Lorrayne Smith, Brussels Newsroom +32 2 287 6812, Fax +32 2 230 7710</p>
</text>
<copyright>(c) Reuters Limited 1997</copyright>
<metadata>
<codes class="bip:countries:1.0">
  <code code="BELG">
    <editdetail attribution="Reuters BIP Coding Group" action="confirmed" date="1997-03-13"/>
  </code>
</codes>
<codes class="bip:topics:1.0">
  <code code="M12">
    <editdetail attribution="Reuters BIP Coding Group" action="confirmed" date="1997-03-13"/>
  </code>
  <code code="MCAT">
    <editdetail attribution="Reuters BIP Coding Group" action="confirmed" date="1997-03-13"/>
  </code>
</codes>
<dc element="dc.date.created" value="1997-03-13"/>
<dc element="dc.publisher" value="Reuters Holdings Plc"/>
<dc element="dc.date.published" value="1997-03-13"/>
<dc element="dc.source" value="Reuters"/>
<dc element="dc.creator.location" value="BRUSSELS"/>
<dc element="dc.creator.location.country.name" value="BELGIUM"/>
<dc element="dc.source" value="Reuters"/>
</metadata>
</newsitem>
