<?xml version="1.0" encoding="iso-8859-1" ?>
<newsitem itemid="377577" id="root" date="1997-03-13" xml:lang="en">
<title>GERMANY: Delta drops cargo fuel surcharge.</title>
<headline>Delta drops cargo fuel surcharge.</headline>
<dateline>FRANKFURT 1997-03-13</dateline>
<text>
<p>Delta Air Lines said it will drop its 10 US cents per kg cargo fuel surcharge with immediate effect.</p>
<p>Danita Waterfall, Delta Air Lines regional director cargo sales Europe, said: &quot;We have continually monitored the fuel situation and over the past few weeks have seen a significant decrease in fuel prices.</p>
<p>&quot;Although fuel prices have not reached last year's levels, Delta Air Lines will discontinue the fuel surcharge effective immediately,&quot; she said in a circular to agents made available to Reuters.</p>
<p>Delta imposed a 10 cents per kg surcharge on all freight shipments between the US and Europe/Asia on November 8, 1996, the letter added.</p>
<p>A cargo fuel surcharge of 15 pfennigs per kg, then roughly equivalent to 10 cents, was first introduced by Lufthansa Cargo AG on November 1 at just three days notice and rapidly followed by airlines in most world markets.</p>
<p>A similar surcharge was later added to passenger fares by most airlines in the International Air Transport Association(IATA).</p>
<p>But the measure prompted an angry response from forwarders and, in particular, from air cargo shippers who protested at the lack of notice given before the hike.</p>
<p>Dutch and French forwarders spoke out strongly against the measure while German colleagues were more cautious in their reaction.</p>
<p>--Reuters Air Cargo Newsroom Tel+44-171-542-7706  Fax+5017</p>
</text>
<copyright>(c) Reuters Limited 1997</copyright>
<metadata>
<codes class="bip:countries:1.0">
  <code code="GFR">
    <editdetail attribution="Reuters BIP Coding Group" action="confirmed" date="1997-03-13"/>
  </code>
</codes>
<codes class="bip:industries:1.0">
  <code code="I75000">
    <editdetail attribution="Reuters BIP Coding Group" action="confirmed" date="1997-03-13"/>
  </code>
</codes>
<codes class="bip:topics:1.0">
  <code code="C31">
    <editdetail attribution="Reuters BIP Coding Group" action="confirmed" date="1997-03-13"/>
  </code>
  <code code="CCAT">
    <editdetail attribution="Reuters BIP Coding Group" action="confirmed" date="1997-03-13"/>
  </code>
</codes>
<dc element="dc.date.created" value="1997-03-13"/>
<dc element="dc.publisher" value="Reuters Holdings Plc"/>
<dc element="dc.date.published" value="1997-03-13"/>
<dc element="dc.source" value="Reuters"/>
<dc element="dc.creator.location" value="FRANKFURT"/>
<dc element="dc.creator.location.country.name" value="GERMANY"/>
<dc element="dc.source" value="Reuters"/>
</metadata>
</newsitem>
