<?xml version="1.0" encoding="iso-8859-1" ?>
<newsitem itemid="377586" id="root" date="1997-03-13" xml:lang="en">
<title>SWITZERLAND: Swiss bond market closing report.</title>
<headline>Swiss bond market closing report.</headline>
<dateline>ZURICH 1997-03-13</dateline>
<text>
<p>Swiss bonds ended lower again, extending recent declines, but three-month EuroSwiss futures traded on LIFFE ended firmer on the day.</p>
<p>The short end of the market has seen tightness which has boosted money market rates, and also put downward pressure on prices for three-month paper.</p>
<p>Swiss National Bank (SNB) chief economist Georg Rich said that the SNB had added liquidity to the market this morning to counter tightness in the money market, where tomorrow/next rates have risen over two percent. &quot;There is a certain shortage of liquidity and we have tried to counter that,&quot; Rich said.  </p>
<p>Money market traders blamed technical factors for the tightness in the short end.</p>
<p>A stronger Swiss franc was also likely to have eased upward pressure on short-term Swiss francs.</p>
<p>The longer end of the market remained under pressure as the March confederate bond futures contract fell back to levels last seen in February. The March contract hit a low of 120.20, which was also the session low on February 12.</p>
<p>The trend in the long end was generally in line with declines in German and U.S. bonds.  </p>
<p>-- Thursday's closing prices as follows:</p>
<p>March Conf futures down 31 at 120.29.</p>
<p>March Comi medium-term bond steady at 112.00</p>
<p>Mar Euro Swiss francs up four at 98.11.</p>
<p>4-1/2 Jun 2007 bond 107.60/70 yield 3.585 pct</p>
<p>(Wednesday 107.70/80 yield 3.58 pct)</p>
<p>-- Zurich Editorial +41 1 631 7340</p>
</text>
<copyright>(c) Reuters Limited 1997</copyright>
<metadata>
<codes class="bip:countries:1.0">
  <code code="SWITZ">
    <editdetail attribution="Reuters BIP Coding Group" action="confirmed" date="1997-03-13"/>
  </code>
</codes>
<codes class="bip:topics:1.0">
  <code code="M12">
    <editdetail attribution="Reuters BIP Coding Group" action="confirmed" date="1997-03-13"/>
  </code>
  <code code="M13">
    <editdetail attribution="Reuters BIP Coding Group" action="confirmed" date="1997-03-13"/>
  </code>
  <code code="M131">
    <editdetail attribution="Reuters BIP Coding Group" action="confirmed" date="1997-03-13"/>
  </code>
  <code code="MCAT">
    <editdetail attribution="Reuters BIP Coding Group" action="confirmed" date="1997-03-13"/>
  </code>
</codes>
<dc element="dc.date.created" value="1997-03-13"/>
<dc element="dc.publisher" value="Reuters Holdings Plc"/>
<dc element="dc.date.published" value="1997-03-13"/>
<dc element="dc.source" value="Reuters"/>
<dc element="dc.creator.location" value="ZURICH"/>
<dc element="dc.creator.location.country.name" value="SWITZERLAND"/>
<dc element="dc.source" value="Reuters"/>
</metadata>
</newsitem>
