<?xml version="1.0" encoding="iso-8859-1" ?>
<newsitem itemid="377570" id="root" date="1997-03-13" xml:lang="en">
<title>BELGIUM: Farm council to vote on cattle, pigs controls.</title>
<headline>Farm council to vote on cattle, pigs controls.</headline>
<dateline>BRUSSELS 1997-03-13</dateline>
<text>
<p>Farm ministers will be asked to vote on a proposal to simplify health controls on cattle and pigs traded across internal borders next week, a spokesman for the European Union's Dutch presidency told a news briefing on Thursday.</p>
<p>The proposal guaranteeing that member states respect rules on inspection and disease surveillance by imposing penalties on those responsible for outbreaks of disease is opposed by some member states.</p>
<p>&quot;A decision is expected although Germany Greece and Sweden oppose the proposal and the United Kingdom has a reserve imposed by its own parliamentary proceedure,&quot; a Council official said after the briefing.</p>
</text>
<copyright>(c) Reuters Limited 1997</copyright>
<metadata>
<codes class="bip:countries:1.0">
  <code code="EEC">
    <editdetail attribution="Reuters BIP Coding Group" action="confirmed" date="1997-03-13"/>
  </code>
</codes>
<codes class="bip:industries:1.0">
  <code code="I01001">
    <editdetail attribution="Reuters BIP Coding Group" action="confirmed" date="1997-03-13"/>
  </code>
  <code code="I0100105">
    <editdetail attribution="Reuters BIP Coding Group" action="confirmed" date="1997-03-13"/>
  </code>
  <code code="I0100119">
    <editdetail attribution="Reuters BIP Coding Group" action="confirmed" date="1997-03-13"/>
  </code>
  <code code="I41220">
    <editdetail attribution="Reuters BIP Coding Group" action="confirmed" date="1997-03-13"/>
  </code>
</codes>
<codes class="bip:topics:1.0">
  <code code="C13">
    <editdetail attribution="Reuters BIP Coding Group" action="confirmed" date="1997-03-13"/>
  </code>
  <code code="CCAT">
    <editdetail attribution="Reuters BIP Coding Group" action="confirmed" date="1997-03-13"/>
  </code>
  <code code="G15">
    <editdetail attribution="Reuters BIP Coding Group" action="confirmed" date="1997-03-13"/>
  </code>
  <code code="G153">
    <editdetail attribution="Reuters BIP Coding Group" action="confirmed" date="1997-03-13"/>
  </code>
  <code code="GCAT">
    <editdetail attribution="Reuters BIP Coding Group" action="confirmed" date="1997-03-13"/>
  </code>
</codes>
<dc element="dc.date.created" value="1997-03-13"/>
<dc element="dc.publisher" value="Reuters Holdings Plc"/>
<dc element="dc.date.published" value="1997-03-13"/>
<dc element="dc.source" value="Reuters"/>
<dc element="dc.creator.location" value="BRUSSELS"/>
<dc element="dc.creator.location.country.name" value="BELGIUM"/>
<dc element="dc.source" value="Reuters"/>
</metadata>
</newsitem>
