<?xml version="1.0" encoding="iso-8859-1" ?>
<newsitem itemid="377576" id="root" date="1997-03-13" xml:lang="en">
<title>REPUBLIC OF IRELAND: Irish economy overstretched in some respects - C.Bank.</title>
<headline>Irish economy overstretched in some respects - C.Bank.</headline>
<dateline>DUBLIN 1997-03-13</dateline>
<text>
<p>Ireland's central bank said on Thursday that it believes the economy is now overstretched in certain respects and that evidence of sectoral bottlenecks is beginning to emerge.</p>
<p>In its quarterly bulletin, the bank said there had been a resurgence of consumption spending in the past year and domestic demand rather than net exports was now the principal factor driving growth.  </p>
<p>Buoyant employment prospects, increasing real disposable income and the effects of substantial increases in the value of housing and stock market wealth were likely to contribute to a continuation of strong consumer demand.</p>
<p>&quot;A deceleration in consumer demand is desirable in order to ensure solid sustainable growth in the economy rather than a boom followed by an abrupt downward adjustment further ahead,&quot; the bank said.</p>
<p>The bank said that in view of the already strong demand, Ireland's budget strategy was too expansionary.  </p>
<p>It noted that in the Irish economy monetary policy was not the most effective instrument in influencing demand and said that fiscal policy should assume a greater stabilisation role.</p>
<p>The full annual value of the discretionary measures announced in Ireland's 1997 budget amounted to 650 million Irish pounds or nearly 1.75 percent of GNP.</p>
<p>The bank said the main effects of this were likely to be felt through the boost to personal disposable incomes of 2.5 percent on a full-year equivalent basis.</p>
<p>&quot;This supports a pro-cyclical strategy at a time when the economy is already under threat of overheating,&quot; it added.</p>
<p>The central bank said an increase in the household sector's savings ratio in 1997 would be welcome, following a fall last year, in order to avert a possibly damaging surge in spending including a continuing housing boom.</p>
<p>&quot;Recent trends in house prices are disturbing and some correction is desirable,&quot; the bank said.</p>
<p>The principal task of macroeconomic policy in the year ahead must be to prevent an unsustainable expansion and the inevitable disruption and adjustment costs that would follow from that, it said.</p>
<p>-- Dublin Newsroom +353 1 676 9779</p>
</text>
<copyright>(c) Reuters Limited 1997</copyright>
<metadata>
<codes class="bip:countries:1.0">
  <code code="IRE">
    <editdetail attribution="Reuters BIP Coding Group" action="confirmed" date="1997-03-13"/>
  </code>
</codes>
<codes class="bip:topics:1.0">
  <code code="E11">
    <editdetail attribution="Reuters BIP Coding Group" action="confirmed" date="1997-03-13"/>
  </code>
  <code code="ECAT">
    <editdetail attribution="Reuters BIP Coding Group" action="confirmed" date="1997-03-13"/>
  </code>
</codes>
<dc element="dc.date.created" value="1997-03-13"/>
<dc element="dc.publisher" value="Reuters Holdings Plc"/>
<dc element="dc.date.published" value="1997-03-13"/>
<dc element="dc.source" value="Reuters"/>
<dc element="dc.creator.location" value="DUBLIN"/>
<dc element="dc.creator.location.country.name" value="REPUBLIC OF IRELAND"/>
<dc element="dc.source" value="Reuters"/>
</metadata>
</newsitem>
