<?xml version="1.0" encoding="iso-8859-1" ?>
<newsitem itemid="377564" id="root" date="1997-03-13" xml:lang="en">
<title>GERMANY: Eurowings/Air France to fly Frankfurt-Berlin.</title>
<headline>Eurowings/Air France to fly Frankfurt-Berlin.</headline>
<dateline>BERLIN 1997-03-13</dateline>
<text>
<p>German airline Eurowings Luftverkehrs AG and partner Air France are to take on Deutsche Lufthansa AG on one of its last domestic monopoly routes.</p>
<p>Eurowings said it will fly a code-share service with Air France four times a day between Frankfurt and the Berlin city centre airport Tempelhof with a turboprop ATR-72 from May 5.</p>
<p>An Air France statement said the French carrier would have a limited seat alloment on the flight and its frequent flyers would earn mileage points.</p>
<p>Lufthansa executives have previously said that the airline makes a loss on the route. It is the only airline on the route with 16 daily flights with estimated 1.4 million travellers a year.</p>
<p>Last month the German cartel office ordered Lufthansa to cut &quot;excessive&quot; fares of more than 800 marks on the route following a probe into price levels on the domestic air travel market.</p>
<p>Eurowings chairman Reinhard Santner said: &quot;There is a need for a second carrier. We think we will be successful on the route.&quot;</p>
<p>The airline will charge a one-way super saver fare of 119 marks and have one-way business fares as low as 239 marks, undercutting Lufthansa full return prices by more than 300 marks.</p>
<p>Marketing director Ulrich Sigman said the carrier would have less than 10 per cent of capacity but aimed to seize at least a 10 per cent market share and even more of the lucrative business travel segment.</p>
<p>Air France will also add a fifth daily Berlin Tegel to Paris Charles de Gaulle flight from March 30, it said.</p>
<p>Eurowings managed to get four slots at crowded Frankfurt airport and then swopped them with several airlines including Air France and Delta Air Lines to get the right departure times, industry sources told Reuters.</p>
<p>Lufthansa sales and marketing chief executive Hemjoe Klein told an ITB news conference that he &quot;welcomed competition&quot; but declined to say how Lufthansa would react.</p>
<p>But he added: &quot;There is no monopoly between Frankfurt and Berlin. There is only one airline which has committed itself to intensive services on the route.&quot; -- Reuters Air Cargo Newsroom Tel+44-171-542-7706 Fax+5017</p>
</text>
<copyright>(c) Reuters Limited 1997</copyright>
<metadata>
<codes class="bip:countries:1.0">
  <code code="GFR">
    <editdetail attribution="Reuters BIP Coding Group" action="confirmed" date="1997-03-13"/>
  </code>
</codes>
<codes class="bip:industries:1.0">
  <code code="I75000">
    <editdetail attribution="Reuters BIP Coding Group" action="confirmed" date="1997-03-13"/>
  </code>
</codes>
<codes class="bip:topics:1.0">
  <code code="C11">
    <editdetail attribution="Reuters BIP Coding Group" action="confirmed" date="1997-03-13"/>
  </code>
  <code code="CCAT">
    <editdetail attribution="Reuters BIP Coding Group" action="confirmed" date="1997-03-13"/>
  </code>
</codes>
<dc element="dc.date.created" value="1997-03-13"/>
<dc element="dc.publisher" value="Reuters Holdings Plc"/>
<dc element="dc.date.published" value="1997-03-13"/>
<dc element="dc.source" value="Reuters"/>
<dc element="dc.creator.location" value="BERLIN"/>
<dc element="dc.creator.location.country.name" value="GERMANY"/>
<dc element="dc.source" value="Reuters"/>
</metadata>
</newsitem>
