<?xml version="1.0" encoding="iso-8859-1" ?>
<newsitem itemid="393166" id="root" date="1997-03-13" xml:lang="en">
<title>BELGIUM: Farm ministers to discuss 97/98 prices on TuesDAY.</title>
<headline>Farm ministers to discuss 97/98 prices on TuesDAY.</headline>
<dateline>BRUSSELS 1997-03-13</dateline>
<text>
<p>European Union farm ministers will hold a preliminary discussion on Tuesday on a proposal to keep most farm prices unchanged in 1997/98 but slash aid payments to cereals and oilseed farmers by 1.4 billion ecus.</p>
<p>&quot;Ministers are likely to raise lots of objections, notably on the arable aid cuts,&quot; a Dutch EU presidency official said, adding there was no urgency to reach a decision.</p>
<p>EU sources said that the televised ministerial debate on Tuesday afternoon would probably follow a traditional pattern with ministers attacking any cutbacks and presenting shopping lists of &quot;sweeteners&quot; for farmers.</p>
<p>Agreement is not usually reached until June.</p>
<p>The European Commission proposed some minor changes on March 5 that would save 82 million Ecus from the 1998 budget of just over 41 billion Ecus. The changes included: - Reduction in monthly intervention cereals storage payments by nine percent to 1.0 ecu a tonne to take account of lower interest rates. - Reduction in the monthly sugar storage refund by 17 percent to 0.35 ecu per 100 kg also in view of lower interest rates. - Reduction in the monthly intervention rice storage increments by 12 percent to 2.0 ecus a tonne.</p>
<p>The intervention price for paddy rice would be cut by five percent to 333.45 ecus a tonne. - Flax and hemp area aid payments would be cut by 5.7 percent to 815.86 ecus per hectare and by 7.5 percent to 716.63 ecus per hectare. A flax promotional levy of 49.62 ecus per ha would be reduced to zero.</p>
<p>The 1.4 billion ecu cut in cereals, oilseeds and protein crop compensatory payments was originally proposed in the summer of 1996 to help pay for an emergency beef aid package following the mad cow crisis but was rejected by farm ministers.</p>
<p>Cereals and oilseed payments would be cut by 7.3 percent and 4.8 percent respectively and set-aside payments by 26.8 percent.</p>
<p>But France, Germany and many other member states are likely to strongly oppose such a move.</p>
</text>
<copyright>(c) Reuters Limited 1997</copyright>
<metadata>
<codes class="bip:countries:1.0">
  <code code="EEC">
    <editdetail attribution="Reuters BIP Coding Group" action="confirmed" date="1997-03-13"/>
  </code>
</codes>
<codes class="bip:industries:1.0">
  <code code="I01001">
    <editdetail attribution="Reuters BIP Coding Group" action="confirmed" date="1997-03-13"/>
  </code>
</codes>
<codes class="bip:topics:1.0">
  <code code="C13">
    <editdetail attribution="Reuters BIP Coding Group" action="confirmed" date="1997-03-13"/>
  </code>
  <code code="C31">
    <editdetail attribution="Reuters BIP Coding Group" action="confirmed" date="1997-03-13"/>
  </code>
  <code code="CCAT">
    <editdetail attribution="Reuters BIP Coding Group" action="confirmed" date="1997-03-13"/>
  </code>
  <code code="G15">
    <editdetail attribution="Reuters BIP Coding Group" action="confirmed" date="1997-03-13"/>
  </code>
  <code code="G153">
    <editdetail attribution="Reuters BIP Coding Group" action="confirmed" date="1997-03-13"/>
  </code>
  <code code="GCAT">
    <editdetail attribution="Reuters BIP Coding Group" action="confirmed" date="1997-03-13"/>
  </code>
</codes>
<dc element="dc.date.created" value="1997-03-13"/>
<dc element="dc.publisher" value="Reuters Holdings Plc"/>
<dc element="dc.date.published" value="1997-03-13"/>
<dc element="dc.source" value="Reuters"/>
<dc element="dc.creator.location" value="BRUSSELS"/>
<dc element="dc.creator.location.country.name" value="BELGIUM"/>
<dc element="dc.source" value="Reuters"/>
</metadata>
</newsitem>
