<?xml version="1.0" encoding="iso-8859-1" ?>
<newsitem itemid="393150" id="root" date="1997-03-13" xml:lang="en">
<title>FRANCE: EU Parliament slams Israel over new settlements. [CORRECTED 18:46 GMT]</title>
<headline>EU Parliament slams Israel over new settlements. [CORRECTED 18:46 GMT]</headline>
<byline>Gillian Handyside</byline>
<dateline>STRASBOURG, France 1997-03-13</dateline>
<text>
<p>The European Parliament on Thursday added its voice to widespread criticism of Israel's decision to build a Jewish settlement of some 6,500 houses in Arab East Jerusalem.</p>
<p>&quot;Such action is bound to have a negative impact on the peace negotiations (with the Palestinians),&quot; the European Union assembly said in a resolution deploring the decision and demanding a halt to the project.</p>
<p>The resolution, supported by Euro-deputies from across the political divide, reminded the government of Israeli Prime Minister (corrects from &quot;president&quot;) Benjamin Netanyahu that the Middle East peace accords committed Israel and the Palestinians to reach an agreement on the final status of Jerusalem.</p>
<p>Neither side should attempt to alter their position in East Jerusalem before those negotiations, due to begin next week, had been completed, the parliament insisted.</p>
<p>The Israeli decision would make the search for peace even more complicated and trigger new violence which would be very hard to quench, warned Spanish Socialist Carmen Diez de Rivera.</p>
<p>Dutch Liberal Jan Bertens slammed the decision as &quot;foolish&quot;.</p>
<p>While it did not breach the letter of the Oslo peace accord, it certainly violated its spirit and would, he said, do the conservative government &quot;more harm than good in the long term&quot;.</p>
<p>Israel views Jerusalem as its undivided capital while the Palestine Liberation Organisation regards East Jerusalem, captured by the Jewish state in the 1967 Middle East war and annexed, as the capital of a future Palestinian state.</p>
<p>The EU's commissioner for the Middle East, Manuel Marin, said that as far as the EU was concerned, &quot;the settlements and the Occupied Territories go against international law and do comprise a very serious obstacle to the peace process&quot;.</p>
<p>&quot;The Union cannot, nor should not, accept that East Jerusalem be considered part of the territory and sovereignty of Israel,&quot; Marin told the parliament.</p>
</text>
<copyright>(c) Reuters Limited 1997</copyright>
<metadata>
<codes class="bip:countries:1.0">
  <code code="EEC">
    <editdetail attribution="Reuters BIP Coding Group" action="confirmed" date="1997-03-13"/>
  </code>
  <code code="ISRAEL">
    <editdetail attribution="Reuters BIP Coding Group" action="confirmed" date="1997-03-13"/>
  </code>
</codes>
<codes class="bip:topics:1.0">
  <code code="G15">
    <editdetail attribution="Reuters BIP Coding Group" action="confirmed" date="1997-03-13"/>
  </code>
  <code code="G158">
    <editdetail attribution="Reuters BIP Coding Group" action="confirmed" date="1997-03-13"/>
  </code>
  <code code="GCAT">
    <editdetail attribution="Reuters BIP Coding Group" action="confirmed" date="1997-03-13"/>
  </code>
  <code code="GDIP">
    <editdetail attribution="Reuters BIP Coding Group" action="confirmed" date="1997-03-13"/>
  </code>
</codes>
<dc element="dc.date.created" value="1997-03-13"/>
<dc element="dc.publisher" value="Reuters Holdings Plc"/>
<dc element="dc.date.published" value="1997-03-13"/>
<dc element="dc.source" value="Reuters"/>
<dc element="dc.creator.location" value="STRASBOURG, France"/>
<dc element="dc.creator.location.country.name" value="FRANCE"/>
<dc element="dc.source" value="Reuters"/>
</metadata>
</newsitem>
