<?xml version="1.0" encoding="iso-8859-1" ?>
<newsitem itemid="393153" id="root" date="1997-03-13" xml:lang="en">
<title>FRANCE: French porn suspect cites single European market.</title>
<headline>French porn suspect cites single European market.</headline>
<dateline>SAINT-GAUDENS, France 1997-03-13</dateline>
<text>
<p>A Frenchman charged with posession of child pornography pleaded not guilty on Thursday, saying he bought kiddy-porn videos legally in Germany and citing the single European Union market.</p>
<p>Alain M., 32, told a court in Saint-Gaudens, near Toulouse: &quot;I bought these pornographic cassettes in Germany believing that if they were freely on sale there, I could possess them here. Otherwise, it makes a nonsense of Europe.&quot;</p>
<p>The public prosecutor said it was &quot;a danger for our society if men can freely possess such atrocities on video&quot;, saying that adolescents from eastern Europe were lured into appearing in such films with promises of movie careers.</p>
<p>The court will give its verdict on April 24.</p>
</text>
<copyright>(c) Reuters Limited 1997</copyright>
<metadata>
<codes class="bip:countries:1.0">
  <code code="EEC">
    <editdetail attribution="Reuters BIP Coding Group" action="confirmed" date="1997-03-13"/>
  </code>
  <code code="FRA">
    <editdetail attribution="Reuters BIP Coding Group" action="confirmed" date="1997-03-13"/>
  </code>
  <code code="GFR">
    <editdetail attribution="Reuters BIP Coding Group" action="confirmed" date="1997-03-13"/>
  </code>
</codes>
<codes class="bip:topics:1.0">
  <code code="G15">
    <editdetail attribution="Reuters BIP Coding Group" action="confirmed" date="1997-03-13"/>
  </code>
  <code code="G151">
    <editdetail attribution="Reuters BIP Coding Group" action="confirmed" date="1997-03-13"/>
  </code>
  <code code="GCAT">
    <editdetail attribution="Reuters BIP Coding Group" action="confirmed" date="1997-03-13"/>
  </code>
  <code code="GCRIM">
    <editdetail attribution="Reuters BIP Coding Group" action="confirmed" date="1997-03-13"/>
  </code>
</codes>
<dc element="dc.date.created" value="1997-03-13"/>
<dc element="dc.publisher" value="Reuters Holdings Plc"/>
<dc element="dc.date.published" value="1997-03-13"/>
<dc element="dc.source" value="Reuters"/>
<dc element="dc.creator.location" value="SAINT-GAUDENS, France"/>
<dc element="dc.creator.location.country.name" value="FRANCE"/>
<dc element="dc.source" value="Reuters"/>
</metadata>
</newsitem>
