<?xml version="1.0" encoding="iso-8859-1" ?>
<newsitem itemid="393156" id="root" date="1997-03-13" xml:lang="en">
<title>SWEDEN: Sweden govt plans to remove electricity taxes.</title>
<headline>Sweden govt plans to remove electricity taxes.</headline>
<dateline>STOCKHOLM 1997-03-13</dateline>
<text>
<p>The Swedish government said on Thursday it would remove taxes on electricity production, making energy cheaper for the industry despite the planned phase out of nuclear power.</p>
<p>&quot;It will be a lower price for the industry, as we gradually remove taxes on production on electricity,&quot; the Swedish Minister of Industry and Commerce Anders Sundstrom told a seminar.</p>
<p>When asked at what speed taxes will be removed, he did not answer but referred to the proposition on energy which will be presented on Friday.</p>
<p>The minority Social Democratic government has agreed with two other parties to phase out nuclear power, starting with one reactor at the Barseback plant on the southern tip of Sweden in 1998 and the plant's other reactor sometime thereafter.</p>
<p>-- Olle Lindstrom, Stockholm newsroom +46-8-700 1017</p>
</text>
<copyright>(c) Reuters Limited 1997</copyright>
<metadata>
<codes class="bip:countries:1.0">
  <code code="SWED">
    <editdetail attribution="Reuters BIP Coding Group" action="confirmed" date="1997-03-13"/>
  </code>
</codes>
<codes class="bip:topics:1.0">
  <code code="C13">
    <editdetail attribution="Reuters BIP Coding Group" action="confirmed" date="1997-03-13"/>
  </code>
  <code code="CCAT">
    <editdetail attribution="Reuters BIP Coding Group" action="confirmed" date="1997-03-13"/>
  </code>
  <code code="E21">
    <editdetail attribution="Reuters BIP Coding Group" action="confirmed" date="1997-03-13"/>
  </code>
  <code code="E211">
    <editdetail attribution="Reuters BIP Coding Group" action="confirmed" date="1997-03-13"/>
  </code>
  <code code="ECAT">
    <editdetail attribution="Reuters BIP Coding Group" action="confirmed" date="1997-03-13"/>
  </code>
</codes>
<dc element="dc.date.created" value="1997-03-13"/>
<dc element="dc.publisher" value="Reuters Holdings Plc"/>
<dc element="dc.date.published" value="1997-03-13"/>
<dc element="dc.source" value="Reuters"/>
<dc element="dc.creator.location" value="STOCKHOLM"/>
<dc element="dc.creator.location.country.name" value="SWEDEN"/>
<dc element="dc.source" value="Reuters"/>
</metadata>
</newsitem>
