<?xml version="1.0" encoding="iso-8859-1" ?>
<newsitem itemid="393165" id="root" date="1997-03-13" xml:lang="en">
<title>REPUBLIC OF IRELAND: Irish bourse drifts with U.S. and UK markets.</title>
<headline>Irish bourse drifts with U.S. and UK markets.</headline>
<dateline>DUBLIN 1997-03-13</dateline>
<text>
<p>The Irish bourse ended marginally down in thin trading on Thursday in sympathy with unsettled UK and U.S. markets, dealers said.</p>
<p>&quot;The market was weaker in the leaders today, with the banks and CRH selling off, mainly due to weaker results from the UK and the U.S. coming through this afternoon,&quot; a dealer said. &quot;We saw some two-way trade but volume wasn't impressive.&quot;</p>
<p>Markets on both sides of the Atlantic were unsettled by worries about a possible near-term U.S. interest rate hike. Weaker bond markets also weighed on share prices.</p>
<p>Dealers said Smurfit remained the best bid of the larger stocks, but second-line industrials were also still attracting strong bids.</p>
<p>&quot;There are sellers around in some of the food stocks but generally people are trying to get money into the smaller names,&quot; a dealer said.</p>
<p>Irish financial services group Woodchester Investments Plc, which added 15 pence to its share price after news this morning that the group may become a takeover target, fell back five pence to 285 amid restrained trade in the afternoon, dealers said.</p>
<p>Woodchester earlier announced that Credit Lyonnais will sell its 54 percent shareholding in the group once it receives a price which reflects the full value of its interest. The move is expected to lead to a full bid for Woodchester.</p>
<p>Woodchester also reported a 22 percent rise in 1996 pre-tax profits to 44 million Irish pounds earlier.</p>
<p>Among leading financials AIB fell four pence to 449, Bank of Ireland dropped four pence to 648, while Irish Life was off one pence at 330, and Irish Permanent was down two pence at 623.</p>
<p>Among leading industrials, food stock Avonmore remained unchanged at 235 while CRH fell five pence to 647. Kerry Group was flat at 660.</p>
<p>By 1710 GMT, the ISEQ index of Irish shares was down 13.38 points or 0.44 percent at 3,042.13.</p>
<p>Elsewhere the FTSE 100 and the Dow both followed bonds down in the wake of a stronger-than-expected U.S. retail sales report. Sales rose by 0.8 percent in February, 0.2 percent above Wall Street estimates, after a revised 1.5 percent jump in January.</p>
<p>The strength in U.S. sales fanned concerns that the Federal Open Market Committee, the policy-making arm of the Federal Reserve, may tighten credit at its next meeting on March 25, dealers said.</p>
<p>-- Dublin newsroom 353-1-661-3377</p>
</text>
<copyright>(c) Reuters Limited 1997</copyright>
<metadata>
<codes class="bip:countries:1.0">
  <code code="IRE">
    <editdetail attribution="Reuters BIP Coding Group" action="confirmed" date="1997-03-13"/>
  </code>
</codes>
<codes class="bip:topics:1.0">
  <code code="M11">
    <editdetail attribution="Reuters BIP Coding Group" action="confirmed" date="1997-03-13"/>
  </code>
  <code code="MCAT">
    <editdetail attribution="Reuters BIP Coding Group" action="confirmed" date="1997-03-13"/>
  </code>
</codes>
<dc element="dc.date.created" value="1997-03-13"/>
<dc element="dc.publisher" value="Reuters Holdings Plc"/>
<dc element="dc.date.published" value="1997-03-13"/>
<dc element="dc.source" value="Reuters"/>
<dc element="dc.creator.location" value="DUBLIN"/>
<dc element="dc.creator.location.country.name" value="REPUBLIC OF IRELAND"/>
<dc element="dc.source" value="Reuters"/>
</metadata>
</newsitem>
