<?xml version="1.0" encoding="iso-8859-1" ?>
<newsitem itemid="393160" id="root" date="1997-03-13" xml:lang="en">
<title>ITALY: Will Marzotto merger escape &quot;holding&quot; tag?.</title>
<headline>Will Marzotto merger escape &quot;holding&quot; tag?.</headline>
<byline>David Jones</byline>
<dateline>MILAN 1997-03-13</dateline>
<text>
<p>A planned merger of Italian textile group Marzotto and HPI has posed a difficult question for analysts: is it a marriage made in heaven or the birth of another ugly Italian industrial holding company?</p>
<p>Marzotto announced plans late last week to merge with newly-formed HPI. Although the merger was first greeted with enthusiasm, analysts now have reservations on how the market will eventually value the new company.</p>
<p>Marzotto is set to merge with Holding Partecipazioni Industriali (HPI), which itself has been spun off from industrial holding group Gemina, to form a new company to be called Gruppo Industriale Marzotto (GIM).</p>
<p>The new grouping will have two thirds of its sales in textiles and one third in publishing, and a string of stakes in a number of seemingly unrelated quoted companies.</p>
<p>&quot;There is industrial logic to the merger, but the really good synergies only involve around 23 percent of the new group's aggregrate turnover,&quot; said Paul Gordon, analyst at IMI Sigeco.</p>
<p>These included Marzotto's clothing business being linked with HPI's GFT business, which produces clothes for top designer labels such as Armani and Prada.</p>
<p>Other analysts said the positive aspect of the merger could be the synergies achieved without paying hefty goodwill in a full-blow takeover. But they wondered if the market would value the group as a diverse industrial holding group, which usually trade at a discount of 20 percent to their net asset values.</p>
<p>Share markets generally rated publishing shares with their low capital intensity and large market shares higher than companies in the fragmented textile industry, they said.</p>
<p>This means the new group's share price could be lower than if the textile and publishing arms traded separately, thus losing overall shareholding value.</p>
<p>The merger brings together Marzotto's clothing business, its materials and yarns business and a majority holding in German clothing label Hugo Boss, with HPI's CFT business and its majority holding in sportswear group Fila, whose shares are quoted in New York.</p>
<p>Marie-Christine Keith, Italian equities analyst with HSBC James Capel in London, sees the logic of the merger. The fact that Pietro Marzotto was to remain chairman of the enlarged group was good news as he was a well respected figure, she said.</p>
<p>But she too was concerned over the new company being labelled a holding company, and she calculated the net asset value of the new group's share at 14,637 lire ($8.65) per ordinary share.</p>
<p>Marzotto shares leapt over six percent on Monday after the merger was announced and hit a record high on March 11 of 15,210 lire. On Thursday, the shares traded down 2.54 percent at 14,000 lire in a generally lower Milan share market.</p>
<p>Analysts said the new management's hands would be tied over HPI's interest in the nation's number two publishing house Rizzoli Corriere della Sera (RCS), which includes Italy's top selling mainstream daily paper Corriere della Sera.</p>
<p>&quot;It would make sense to sell off the publishing side, but that seems unlikely given the old problems at RCS and the prestige of owning a publisher,&quot; said another Milan analyst.</p>
<p>A so-called Super Gemina plan was hatched in late 1995 to fold Gemina's interests into the then-named Ferruzzi Finanziaria but it was abandoned after the discovery of huge losses at RCS. The deal was orchestrated by Milan's top merchant bank Mediobanca, which is also behind this latest Marzotto merger.</p>
<p>&quot;This deal clearly makes more sense than Super Gemina, which was understood by few outside Mediobanca, but how will the market see it in the clear light of day?&quot; asked the analyst. ($1=1,692 lire)</p>
</text>
<copyright>(c) Reuters Limited 1997</copyright>
<metadata>
<codes class="bip:countries:1.0">
  <code code="ITALY">
    <editdetail attribution="Reuters BIP Coding Group" action="confirmed" date="1997-03-13"/>
  </code>
</codes>
<codes class="bip:industries:1.0">
  <code code="I43000">
    <editdetail attribution="Reuters BIP Coding Group" action="confirmed" date="1997-03-13"/>
  </code>
  <code code="I45300">
    <editdetail attribution="Reuters BIP Coding Group" action="confirmed" date="1997-03-13"/>
  </code>
  <code code="I81502">
    <editdetail attribution="Reuters BIP Coding Group" action="confirmed" date="1997-03-13"/>
  </code>
</codes>
<codes class="bip:topics:1.0">
  <code code="C18">
    <editdetail attribution="Reuters BIP Coding Group" action="confirmed" date="1997-03-13"/>
  </code>
  <code code="C181">
    <editdetail attribution="Reuters BIP Coding Group" action="confirmed" date="1997-03-13"/>
  </code>
  <code code="CCAT">
    <editdetail attribution="Reuters BIP Coding Group" action="confirmed" date="1997-03-13"/>
  </code>
</codes>
<dc element="dc.date.created" value="1997-03-13"/>
<dc element="dc.publisher" value="Reuters Holdings Plc"/>
<dc element="dc.date.published" value="1997-03-13"/>
<dc element="dc.source" value="Reuters"/>
<dc element="dc.creator.location" value="MILAN"/>
<dc element="dc.creator.location.country.name" value="ITALY"/>
<dc element="dc.source" value="Reuters"/>
</metadata>
</newsitem>
