<?xml version="1.0" encoding="iso-8859-1" ?>
<newsitem itemid="393140" id="root" date="1997-03-13" xml:lang="en">
<title>NETHERLANDS: Boskalis turnover up, operating result down.</title>
<headline>Boskalis turnover up, operating result down.</headline>
<dateline>PAPENDRECHT, Netherlands 1997-03-13</dateline>
<text>
<p>Dutch dredger Boskalis said on Thursday turnover from work done rose to record levels in 1996, but that growth had mainly been generated by acquisitions.</p>
<p>&quot;The autonomous growth for dredging was very small, and capacity utilisation remained unchanged from 1995,&quot; chairman Rob van Gelder told a results news conference.</p>
<p>Turnover from work done rose to 1.26 billion guilders in 1996 from a year-earlier 1.09 billion, while turnover on completed contracts rose to 1.15 billion from 1.10 billion.</p>
<p>However operating profits fell to 62.9 million guilders from a year-earlier 68.0 million, despite lower writedowns on equipment.</p>
<p>He said an upturn in the 1996 second half had been unable to offset a poor first half, when margins were squeezed by business taken on in 1995 when price competition was severe.</p>
<p>Van Gelder said the decline in first half operating profits had been slightly offset by income from projects completed in previous years that had been in dispute.</p>
<p>Such settlements were not booked until paid, he said, adding the sums in question were &quot;relatively small items&quot;.</p>
<p>He said interest income had fallen due to the investment in the WD Fairway, which had eaten into Boskalis' cash position.</p>
<p>&quot;As a result of this and lower interest rates, interest gains fell (to 2.6 million guilders from a year-earlier 6.6 million),&quot; he said.</p>
<p>-- Amsterdam newsroom, +31 20 504 5000, fax +31 20 5045040</p>
</text>
<copyright>(c) Reuters Limited 1997</copyright>
<metadata>
<codes class="bip:countries:1.0">
  <code code="NETH">
    <editdetail attribution="Reuters BIP Coding Group" action="confirmed" date="1997-03-13"/>
  </code>
</codes>
<codes class="bip:industries:1.0">
  <code code="I50200">
    <editdetail attribution="Reuters BIP Coding Group" action="confirmed" date="1997-03-13"/>
  </code>
</codes>
<codes class="bip:topics:1.0">
  <code code="C15">
    <editdetail attribution="Reuters BIP Coding Group" action="confirmed" date="1997-03-13"/>
  </code>
  <code code="C151">
    <editdetail attribution="Reuters BIP Coding Group" action="confirmed" date="1997-03-13"/>
  </code>
  <code code="C1511">
    <editdetail attribution="Reuters BIP Coding Group" action="confirmed" date="1997-03-13"/>
  </code>
  <code code="CCAT">
    <editdetail attribution="Reuters BIP Coding Group" action="confirmed" date="1997-03-13"/>
  </code>
</codes>
<dc element="dc.date.created" value="1997-03-13"/>
<dc element="dc.publisher" value="Reuters Holdings Plc"/>
<dc element="dc.date.published" value="1997-03-13"/>
<dc element="dc.source" value="Reuters"/>
<dc element="dc.creator.location" value="PAPENDRECHT, Netherlands"/>
<dc element="dc.creator.location.country.name" value="NETHERLANDS"/>
<dc element="dc.source" value="Reuters"/>
</metadata>
</newsitem>
