<?xml version="1.0" encoding="iso-8859-1" ?>
<newsitem itemid="393142" id="root" date="1997-03-13" xml:lang="en">
<title>BELGIUM: Creyf's eyes France, Germany for expansion.</title>
<headline>Creyf's eyes France, Germany for expansion.</headline>
<byline>Bert Lauwers</byline>
<dateline>BRUSSELS 1997-03-13</dateline>
<text>
<p>Belgian temporary employment group Creyf's NV is eyeing France and Germany for further expansion, chairman and chief executive Michel Van Hemele said on Thursday.</p>
<p>He told a news conference on 1996 results that Creyf's wanted to &quot;work quite actively on France&quot; this year and had made the consolidation of its position in France a priority.</p>
<p>The company also wants to pierce the German market, which he described as the least developed market for temporary employment in Europe.</p>
<p>He said Creyf's was likely to clinch a new purchase next month related to the temporary employment sector.</p>
<p>Van Hemele said he was waiting for a change of law in Germany later this year which would facilitate temporary employment agencies.</p>
<p>&quot;If it changes we can push ahead with our presence there,&quot; he said.</p>
<p>Van Hemele said he was not interested in investing in Britain nor any countries further away.</p>
<p>&quot;A car drive of two and a half hours is a good criteria. That's still feasible. We want to be a group of a normal size, which is still controllable,&quot; he said.</p>
<p>Creyf's, which had a 1996 group net profit of 143 million francs against 141 million the year before, was not suffering from any price pressure in the Netherlands but had to cope with a lack of job seekers there, Van Hemele said.</p>
<p>&quot;There's enough demand, but offer is insufficient,&quot; he said.</p>
<p>Van Hemele said Creyf's would hold on to its policy of steady dividend growth although the company kept 1996 net dividend unchanged at 25 francs per share.</p>
<p>He noted the same dividend would be paid on a 25 percent higher number of shares following a capital increase last October. Creyf's now has about 1.326 million shares.</p>
<p>Van Hemele said a drop in margins had been more than compensated for by the performance of the units in the group.</p>
<p>&quot;Each of the units now contributes more than when we acquired it,&quot; he said.</p>
<p>He said Creyf's remained market leader in Luxembourg where it had booked a &quot;fine increase in turnover&quot;.</p>
<p>He said that own funds had increased to more than one billion francs on the consolidated level -- and 864 million on the parent company level -- after the capital increase.</p>
<p>He said Creyf's had cut its debt, but that the capital boost did not serve to improve its debt position but fuel further growth.</p>
<p>-- Bert Lauwers, Brussels Newsroom +32 2 287 6815, Fax +32 2 230 7710</p>
</text>
<copyright>(c) Reuters Limited 1997</copyright>
<metadata>
<codes class="bip:countries:1.0">
  <code code="BELG">
    <editdetail attribution="Reuters BIP Coding Group" action="confirmed" date="1997-03-13"/>
  </code>
  <code code="FRA">
    <editdetail attribution="Reuters BIP Coding Group" action="confirmed" date="1997-03-13"/>
  </code>
  <code code="GFR">
    <editdetail attribution="Reuters BIP Coding Group" action="confirmed" date="1997-03-13"/>
  </code>
</codes>
<codes class="bip:industries:1.0">
  <code code="I83954">
    <editdetail attribution="Reuters BIP Coding Group" action="confirmed" date="1997-03-13"/>
  </code>
</codes>
<codes class="bip:topics:1.0">
  <code code="C11">
    <editdetail attribution="Reuters BIP Coding Group" action="confirmed" date="1997-03-13"/>
  </code>
  <code code="CCAT">
    <editdetail attribution="Reuters BIP Coding Group" action="confirmed" date="1997-03-13"/>
  </code>
</codes>
<dc element="dc.date.created" value="1997-03-13"/>
<dc element="dc.publisher" value="Reuters Holdings Plc"/>
<dc element="dc.date.published" value="1997-03-13"/>
<dc element="dc.source" value="Reuters"/>
<dc element="dc.creator.location" value="BRUSSELS"/>
<dc element="dc.creator.location.country.name" value="BELGIUM"/>
<dc element="dc.source" value="Reuters"/>
</metadata>
</newsitem>
