<?xml version="1.0" encoding="iso-8859-1" ?>
<newsitem itemid="393141" id="root" date="1997-03-13" xml:lang="en">
<title>BELGIUM: Social affairs ministers to debate unemployment.</title>
<headline>Social affairs ministers to debate unemployment.</headline>
<dateline>BRUSSELS 1997-03-13</dateline>
<text>
<p>European Union social affairs and employment ministers will debate ways to coordinate efforts to bring down unemployment at an informal meeting on Friday and Saturday in Rotterdam.</p>
<p>At Belgium's request, they will also discuss the recent decision by French carmaker Renault to close a plant in Belgium, EU officials said.</p>
<p>During the unemployment debate, the ministers will look especially at the question of tax policies that may be hampering job creation and at the use of common economic indicators, EU officials said.</p>
<p>&quot;Taxation systems should be made more employment-friendly by ensuring that they provide clear incentives for job seekers to take jobs and for employers to hire more workers,&quot; a paper prepared by the Dutch presidency says.</p>
<p>It notes that charges on capital are falling in Europe while those on labour are rising and says the Social Affairs Council could give debate over that problem &quot;fresh momentum&quot;. Up to now, it says, the issue has been discussed only by the ECOFIN Council.</p>
<p>The ministers will also discuss ways to develop common employment indicators in the member states so the EU can monitor labour-market developments and determine which policies are most effective.</p>
<p>The indicators should measure the outcome of various policies, such as those aimed at fighting general unemployment along with those targeted as priority areas such as young people, women and the long-term unemployed, the paper says.</p>
<p>They should also look at issues such as investment in vocational training and reducing non-wage labour costs, it says.</p>
<p>The paper says the EU needs to coordinate employment policies as it builds a monetary union. &quot;A stable, competitive currency has to bring with it a common social and economic policy, social stability being a necessary condition for economic integration,&quot; it says.</p>
<p>In addition to their discussions, the ministers will participate in a European Youth Forum on Friday afternoon and visit some employment projects in Rotterdam on Saturday.</p>
</text>
<copyright>(c) Reuters Limited 1997</copyright>
<metadata>
<codes class="bip:countries:1.0">
  <code code="BELG">
    <editdetail attribution="Reuters BIP Coding Group" action="confirmed" date="1997-03-13"/>
  </code>
  <code code="EEC">
    <editdetail attribution="Reuters BIP Coding Group" action="confirmed" date="1997-03-13"/>
  </code>
  <code code="FRA">
    <editdetail attribution="Reuters BIP Coding Group" action="confirmed" date="1997-03-13"/>
  </code>
  <code code="NETH">
    <editdetail attribution="Reuters BIP Coding Group" action="confirmed" date="1997-03-13"/>
  </code>
</codes>
<codes class="bip:topics:1.0">
  <code code="E41">
    <editdetail attribution="Reuters BIP Coding Group" action="confirmed" date="1997-03-13"/>
  </code>
  <code code="E411">
    <editdetail attribution="Reuters BIP Coding Group" action="confirmed" date="1997-03-13"/>
  </code>
  <code code="ECAT">
    <editdetail attribution="Reuters BIP Coding Group" action="confirmed" date="1997-03-13"/>
  </code>
  <code code="G15">
    <editdetail attribution="Reuters BIP Coding Group" action="confirmed" date="1997-03-13"/>
  </code>
  <code code="G154">
    <editdetail attribution="Reuters BIP Coding Group" action="confirmed" date="1997-03-13"/>
  </code>
  <code code="GCAT">
    <editdetail attribution="Reuters BIP Coding Group" action="confirmed" date="1997-03-13"/>
  </code>
  <code code="GJOB">
    <editdetail attribution="Reuters BIP Coding Group" action="confirmed" date="1997-03-13"/>
  </code>
</codes>
<dc element="dc.date.created" value="1997-03-13"/>
<dc element="dc.publisher" value="Reuters Holdings Plc"/>
<dc element="dc.date.published" value="1997-03-13"/>
<dc element="dc.source" value="Reuters"/>
<dc element="dc.creator.location" value="BRUSSELS"/>
<dc element="dc.creator.location.country.name" value="BELGIUM"/>
<dc element="dc.source" value="Reuters"/>
</metadata>
</newsitem>
