<?xml version="1.0" encoding="iso-8859-1" ?>
<newsitem itemid="393170" id="root" date="1997-03-13" xml:lang="en">
<title>REPUBLIC OF IRELAND: Irish C.Bank happy with rate gap over Europe.</title>
<headline>Irish C.Bank happy with rate gap over Europe.</headline>
<dateline>DUBLIN 1997-03-13</dateline>
<text>
<p>Ireland's Central Bank said on Thursday that it was happy with the current differential over European interest rates and saw very little room for manoeuvre.</p>
<p>&quot;Current interest rates will be maintained by and large, all things being equal in Europe,&quot; a central bank official told a news conference after the release of the quarterly bulletin.  </p>
<p>He said interest rates were geared to keep inflation down and current levels were not high enough to restrict economic growth.</p>
<p>The central bank official said a key issue with the bank was to stay on course for monetary union.</p>
<p>&quot;It looks likely we will pass the Maastricht criteria, it is almost a given, as long as we keep inflation at reasonable levels,&quot; the official said.</p>
<p>He said Ireland's public finances have been generally well-managed over the past decade. The strong performance of the economy ensured that the Exchequer Borrowing Requirement has been consistently below three percent for several years.</p>
<p>The central bank said this has faciliatated a remarkable reduction in the public debt burden with the debt to GDP ratio expected to amount to 69 percent at the end of 1997, compared to 116 percent at the of 1987.</p>
<p>&quot;This is really a very good performance and brings us very close to the Maastricht guideline of 60 percent,&quot; the official said.</p>
<p>He said the bank wanted to maintain a stable 5.5 to 6.0 percent growth rate. &quot;What we do not want is a boom and bust situation,&quot; he said.</p>
<p>He said the central bank was concerned about the strong growth in mortgage lending and intended to write to the retail banks, possibly in the next week, to ask them to reflect on certain aspects of mortgage credit.</p>
<p>&quot;It is something we have to check on,&quot; he said. &quot;Mortgage lending has been a very rapidly growing part of credit growth.&quot;</p>
<p>&quot;If house prices increase it could lead to rising inflation and coming into Maastricht we cannot take that risk,&quot; he said.</p>
<p>He said, however, that mortgage lending in Ireland was quite secure and lenders tended to be conservative.</p>
<p>&quot;I don't think they (lenders) are taking unnessessary risks but it is no harm to put a finger on the pulse and take a reading to see if there is a likely cause for a correction.&quot;</p>
<p>He said mortgage lending reached double digit growth rates in 1996 and was showing continued strength in 1997.</p>
<p>&quot;The economy is heading into uncharted waters and the central bank wants to make sure panic does not set in if the bubble bursts.&quot;</p>
<p>&quot;We could have lean years ahead and we do not want a situation like happened in England of getting into negative equity. That is the fear,&quot; he said.</p>
<p>-- Carmel Linnane + 353 1 676 9775</p>
</text>
<copyright>(c) Reuters Limited 1997</copyright>
<metadata>
<codes class="bip:countries:1.0">
  <code code="IRE">
    <editdetail attribution="Reuters BIP Coding Group" action="confirmed" date="1997-03-13"/>
  </code>
</codes>
<codes class="bip:topics:1.0">
  <code code="E12">
    <editdetail attribution="Reuters BIP Coding Group" action="confirmed" date="1997-03-13"/>
  </code>
  <code code="ECAT">
    <editdetail attribution="Reuters BIP Coding Group" action="confirmed" date="1997-03-13"/>
  </code>
</codes>
<dc element="dc.date.created" value="1997-03-13"/>
<dc element="dc.publisher" value="Reuters Holdings Plc"/>
<dc element="dc.date.published" value="1997-03-13"/>
<dc element="dc.source" value="Reuters"/>
<dc element="dc.creator.location" value="DUBLIN"/>
<dc element="dc.creator.location.country.name" value="REPUBLIC OF IRELAND"/>
<dc element="dc.source" value="Reuters"/>
</metadata>
</newsitem>
