<?xml version="1.0" encoding="iso-8859-1" ?>
<newsitem itemid="393138" id="root" date="1997-03-13" xml:lang="en">
<title>FRANCE: Aerospatiale seen key to Thomson-CSF sale.</title>
<headline>Aerospatiale seen key to Thomson-CSF sale.</headline>
<byline>Pierre Tran</byline>
<dateline>PARIS 1997-03-13</dateline>
<text>
<p>Rival bidders in the privatisation of French defence electronics firm Thomson-CSF will need to woo planes-to-missiles group Aerospatiale to stand a chance of winning the deal, analysts said.</p>
<p>France is selling Thomson-CSF as part of a defence industry restructuring which will affect state-owned Aerospatiale's business and the government has said it will ask Aerospatiale's chairman for his opinion about the offers.</p>
<p>The government on Tuesday said it had ruled out Aerospatiale from bidding for Thomson-CSF either on its own or as part of a group because it is a public sector company already.</p>
<p>A defence ministry official said on Thursday that if Aerospatiale, as a state-owned firm, had entered the bidding it would have meant &quot;the state upsetting the equitable handling of the privatisation procedure&quot;.</p>
<p>The government, through Aerospatiale, would have been throwing its weight behind one of the bidders, he said.</p>
<p>Engineering group Alcatel Alsthom had enlisted Aerospatiale, and family-owned Dassault Industries, in its pitch for Thomson-CSF, to rival that of books-to-missiles group Lagardere.</p>
<p>Because Aerospatiale has close ties with Thomson-CSF on a number of programmes, it would be directly affected by the sale and the government said it would consult Aerospatiale chairman Yves Michaud on offers for Thomson-CSF.</p>
<p>Lagardere responded to the news by asking for a formal process to gain access to financial and industrial information on Aerospatiale to allow it to mount its bid for Thomson-CSF.</p>
<p>But an analyst at a large French brokerage said relations between Lagardere and Aerospatiale were bad and the chances of Alcatel winning Thomson-CSF had improved.</p>
<p>&quot;The chances of Lagardere (getting Thomson-CSF) are less today,&quot; he said.</p>
<p>Aerospatiale and Lagardere compete directly in the same markets and products, notably in missiles and satellites.</p>
<p>Lagardere has long considered it and not Aerospatiale should be the French centre for a European consolidation in missiles and satellites.</p>
<p>Lagardere has tried to persuade Daimler-Benz Aerospace (DASA) to merge its missiles and satellites with its own joint ventures with British companies, instead linking up with Aerospatiale.</p>
<p>Aerospatiale said it was &quot;pleased that the government, in its role of shareholder, will consult Aerospatiale's chairman on the parts of the offers for Thomson-CSF which will affect Aerospatiale.&quot;</p>
<p>Alcatel Alstom declined comment.</p>
<p>Newspaper La Tribune reported earlier this month that Alcatel, Dassault Industries and Aerospatiale had agreed a plan to carve up Thomson-CSF's capital between them if Alcatel won the bidding.</p>
<p>In that plan, Dassault would sell its holding in aircraft avionics firm Dassault Electronique to Thomson-CSF, and Thomson-CSF would sell its estimated four billion francs worth of missiles activities to Aerospatiale, boosting its presence in tactical missiles to better rival Lagardere's Matra/BAe Dynamics joint venture with British Aerospace Plc.</p>
</text>
<copyright>(c) Reuters Limited 1997</copyright>
<metadata>
<codes class="bip:countries:1.0">
  <code code="FRA">
    <editdetail attribution="Reuters BIP Coding Group" action="confirmed" date="1997-03-13"/>
  </code>
</codes>
<codes class="bip:industries:1.0">
  <code code="I34000">
    <editdetail attribution="Reuters BIP Coding Group" action="confirmed" date="1997-03-13"/>
  </code>
  <code code="I34400">
    <editdetail attribution="Reuters BIP Coding Group" action="confirmed" date="1997-03-13"/>
  </code>
  <code code="I34430">
    <editdetail attribution="Reuters BIP Coding Group" action="confirmed" date="1997-03-13"/>
  </code>
  <code code="I35000">
    <editdetail attribution="Reuters BIP Coding Group" action="confirmed" date="1997-03-13"/>
  </code>
  <code code="I36400">
    <editdetail attribution="Reuters BIP Coding Group" action="confirmed" date="1997-03-13"/>
  </code>
  <code code="I3640010">
    <editdetail attribution="Reuters BIP Coding Group" action="confirmed" date="1997-03-13"/>
  </code>
  <code code="I83960">
    <editdetail attribution="Reuters BIP Coding Group" action="confirmed" date="1997-03-13"/>
  </code>
</codes>
<codes class="bip:topics:1.0">
  <code code="C18">
    <editdetail attribution="Reuters BIP Coding Group" action="confirmed" date="1997-03-13"/>
  </code>
  <code code="C181">
    <editdetail attribution="Reuters BIP Coding Group" action="confirmed" date="1997-03-13"/>
  </code>
  <code code="C183">
    <editdetail attribution="Reuters BIP Coding Group" action="confirmed" date="1997-03-13"/>
  </code>
  <code code="CCAT">
    <editdetail attribution="Reuters BIP Coding Group" action="confirmed" date="1997-03-13"/>
  </code>
</codes>
<dc element="dc.date.created" value="1997-03-13"/>
<dc element="dc.publisher" value="Reuters Holdings Plc"/>
<dc element="dc.date.published" value="1997-03-13"/>
<dc element="dc.source" value="Reuters"/>
<dc element="dc.creator.location" value="PARIS"/>
<dc element="dc.creator.location.country.name" value="FRANCE"/>
<dc element="dc.source" value="Reuters"/>
</metadata>
</newsitem>
