<?xml version="1.0" encoding="iso-8859-1" ?>
<newsitem itemid="393168" id="root" date="1997-03-13" xml:lang="en">
<title>ITALY: Mediaset declines third mobile licence bid.</title>
<headline>Mediaset declines third mobile licence bid.</headline>
<dateline>ROME 1997-03-13</dateline>
<text>
<p>Italian opposition leader Silvio Berlusconi and the majority shareholder in TV and media group Mediaset said that Mediaset does not intend to compete for Italy's third mobile phone licence.</p>
<p>He also added that Mediaset does not intend to enter the shareholding of Italy's second mobile phone consortium Omnitel, where the major shareholder is Olivetti. Berlusconi was speaking at a meeting with the foreign reporters.  </p>
<p>&quot;I am sure that Mediaset will not participate in the round for the third mobile telephone licence because frankly we have no hope of getting the concession from the government,&quot; said Berlusconi.</p>
<p>&quot;I can guarantee that Mediaset has no intention of entering into Omnitel, in the telecoms sector,&quot; Berlusconi added.</p>
<p>Mediaset had been believed to be a leading candidate to apply for the third mobile licence through its relationship with Albacom, the joint venture between state-controlled bank BNL and British Telecommunications.</p>
<p>Berlusconi's company Fininvest has a near half share in Mediaset, while he is also leader of the centre-right opposition in Italy's parliament.</p>
<p>The competition for the third mobile licence was scheduled for this year, with the successful bidder set to join other operators -- the state controlled Telecom Italia Mobile TIM) and Omnitel.</p>
<p>-- Milan newsroom +392 66129502</p>
</text>
<copyright>(c) Reuters Limited 1997</copyright>
<metadata>
<codes class="bip:countries:1.0">
  <code code="ITALY">
    <editdetail attribution="Reuters BIP Coding Group" action="confirmed" date="1997-03-13"/>
  </code>
</codes>
<codes class="bip:industries:1.0">
  <code code="I34440">
    <editdetail attribution="Reuters BIP Coding Group" action="confirmed" date="1997-03-13"/>
  </code>
  <code code="I79020">
    <editdetail attribution="Reuters BIP Coding Group" action="confirmed" date="1997-03-13"/>
  </code>
  <code code="I81402">
    <editdetail attribution="Reuters BIP Coding Group" action="confirmed" date="1997-03-13"/>
  </code>
</codes>
<codes class="bip:topics:1.0">
  <code code="C13">
    <editdetail attribution="Reuters BIP Coding Group" action="confirmed" date="1997-03-13"/>
  </code>
  <code code="C24">
    <editdetail attribution="Reuters BIP Coding Group" action="confirmed" date="1997-03-13"/>
  </code>
  <code code="C33">
    <editdetail attribution="Reuters BIP Coding Group" action="confirmed" date="1997-03-13"/>
  </code>
  <code code="CCAT">
    <editdetail attribution="Reuters BIP Coding Group" action="confirmed" date="1997-03-13"/>
  </code>
</codes>
<dc element="dc.date.created" value="1997-03-13"/>
<dc element="dc.publisher" value="Reuters Holdings Plc"/>
<dc element="dc.date.published" value="1997-03-13"/>
<dc element="dc.source" value="Reuters"/>
<dc element="dc.creator.location" value="ROME"/>
<dc element="dc.creator.location.country.name" value="ITALY"/>
<dc element="dc.source" value="Reuters"/>
</metadata>
</newsitem>
