<?xml version="1.0" encoding="iso-8859-1" ?>
<newsitem itemid="393169" id="root" date="1997-03-13" xml:lang="en">
<title>NETHERLANDS: ARA bunkers head higher but buyers still reluctant.</title>
<headline>ARA bunkers head higher but buyers still reluctant.</headline>
<dateline>AMSTERDAM 1997-03-13</dateline>
<text>
<p>Rotterdam bunker prices edged higher on Thursday following the barge market's strength, dealers said.</p>
<p>Rotterdam 380 CST bunkers were quoted at around $85/$87 fob after the barge market first surged to $87 then withdrew to $85. The bunker market had another day of thin activity as buyers appeared to have little faith in the dramatic rise.</p>
<p>The desire to conclude some business before the day was out persuaded some to sell at levels no higher than barge prices.</p>
<p>&quot;The suppliers were complaining like crazy. Some of them were desperate for business,&quot; one supplier said.</p>
<p>Hamburg 380 CST fuel oil dropped to narrow the differential above Rotterdam prices which encouraged some buyers towards the end of the day.</p>
<p>Mediterranean prices were broadly steady and activity in most ports was slight. Just a few suppliers found reasonable enquiries with some shipowners expecting prices to firm.</p>
<p>Fujairah prices started softer as Singapore came off, but rose in the afternoon, killing many enquiries.</p>
<p>-- Amsterdam Newsroom +31 20 504 5000</p>
</text>
<copyright>(c) Reuters Limited 1997</copyright>
<metadata>
<codes class="bip:countries:1.0">
  <code code="NETH">
    <editdetail attribution="Reuters BIP Coding Group" action="confirmed" date="1997-03-13"/>
  </code>
</codes>
<codes class="bip:topics:1.0">
  <code code="M14">
    <editdetail attribution="Reuters BIP Coding Group" action="confirmed" date="1997-03-13"/>
  </code>
  <code code="M143">
    <editdetail attribution="Reuters BIP Coding Group" action="confirmed" date="1997-03-13"/>
  </code>
  <code code="MCAT">
    <editdetail attribution="Reuters BIP Coding Group" action="confirmed" date="1997-03-13"/>
  </code>
</codes>
<dc element="dc.date.created" value="1997-03-13"/>
<dc element="dc.publisher" value="Reuters Holdings Plc"/>
<dc element="dc.date.published" value="1997-03-13"/>
<dc element="dc.source" value="Reuters"/>
<dc element="dc.creator.location" value="AMSTERDAM"/>
<dc element="dc.creator.location.country.name" value="NETHERLANDS"/>
<dc element="dc.source" value="Reuters"/>
</metadata>
</newsitem>
