<?xml version="1.0" encoding="iso-8859-1" ?>
<newsitem itemid="393139" id="root" date="1997-03-13" xml:lang="en">
<title>BELGIUM: France wants to end EU calf early marketing scheme.</title>
<headline>France wants to end EU calf early marketing scheme.</headline>
<dateline>BRUSSELS 1997-03-13</dateline>
<text>
<p>France has asked EU farm ministers to discuss next week a French memorandum calling for the immediate suspension of an early marketing scheme for calves which it says is ruining the veal market.</p>
<p>The scheme was approved last October as part of a package to reduce beef and veal production so as to bring it into line with lower consumer demand following the mad cow crisis.</p>
<p>&quot;Faced with such a situation, it's no longer possible to extend the early slaughter premium, which at great expense is ruining the veal sector and already disrupting other essential agricultural sectors,&quot; the memorandum said.</p>
<p>France warned that if nothing was done quickly to resolve what it called an &quot;absurd and dangerous&quot; situation it would be forced to take emergency action to safeguard its veal industry and make it competitive again.</p>
<p>However EU officials said that some member states, including Italy and Belgium, were reluctant to discuss the issue at short notice.</p>
</text>
<copyright>(c) Reuters Limited 1997</copyright>
<metadata>
<codes class="bip:countries:1.0">
  <code code="EEC">
    <editdetail attribution="Reuters BIP Coding Group" action="confirmed" date="1997-03-13"/>
  </code>
  <code code="FRA">
    <editdetail attribution="Reuters BIP Coding Group" action="confirmed" date="1997-03-13"/>
  </code>
</codes>
<codes class="bip:industries:1.0">
  <code code="I01001">
    <editdetail attribution="Reuters BIP Coding Group" action="confirmed" date="1997-03-13"/>
  </code>
  <code code="I0100105">
    <editdetail attribution="Reuters BIP Coding Group" action="confirmed" date="1997-03-13"/>
  </code>
  <code code="I41220">
    <editdetail attribution="Reuters BIP Coding Group" action="confirmed" date="1997-03-13"/>
  </code>
</codes>
<codes class="bip:topics:1.0">
  <code code="C13">
    <editdetail attribution="Reuters BIP Coding Group" action="confirmed" date="1997-03-13"/>
  </code>
  <code code="CCAT">
    <editdetail attribution="Reuters BIP Coding Group" action="confirmed" date="1997-03-13"/>
  </code>
  <code code="G15">
    <editdetail attribution="Reuters BIP Coding Group" action="confirmed" date="1997-03-13"/>
  </code>
  <code code="G153">
    <editdetail attribution="Reuters BIP Coding Group" action="confirmed" date="1997-03-13"/>
  </code>
  <code code="GCAT">
    <editdetail attribution="Reuters BIP Coding Group" action="confirmed" date="1997-03-13"/>
  </code>
</codes>
<dc element="dc.date.created" value="1997-03-13"/>
<dc element="dc.publisher" value="Reuters Holdings Plc"/>
<dc element="dc.date.published" value="1997-03-13"/>
<dc element="dc.source" value="Reuters"/>
<dc element="dc.creator.location" value="BRUSSELS"/>
<dc element="dc.creator.location.country.name" value="BELGIUM"/>
<dc element="dc.source" value="Reuters"/>
</metadata>
</newsitem>
