<?xml version="1.0" encoding="iso-8859-1" ?>
<newsitem itemid="393162" id="root" date="1997-03-13" xml:lang="en">
<title>ITALY: Specialists allocated 200 bln lire of Italy CCTs.</title>
<headline>Specialists allocated 200 bln lire of Italy CCTs.</headline>
<dateline>ROME 1997-03-13</dateline>
<text>
<p>Specialist bond traders were allocated 200 billion lire of variable-rate certificates (CCT) against bids for 800 billion and the Italian Treasury's offer of 200 billion lire of paper.</p>
<p>Earlier, the Treasury received bids for 6.786 trillion lire at the open auction for the new March 1, 2004 paper, against 2.0 trillion lire worth of certificates on offer.</p>
<p>The auction price was set at 99.10 giving a gross yield of 7.01 percent.</p>
</text>
<copyright>(c) Reuters Limited 1997</copyright>
<metadata>
<codes class="bip:countries:1.0">
  <code code="ITALY">
    <editdetail attribution="Reuters BIP Coding Group" action="confirmed" date="1997-03-13"/>
  </code>
</codes>
<codes class="bip:topics:1.0">
  <code code="M12">
    <editdetail attribution="Reuters BIP Coding Group" action="confirmed" date="1997-03-13"/>
  </code>
  <code code="M13">
    <editdetail attribution="Reuters BIP Coding Group" action="confirmed" date="1997-03-13"/>
  </code>
  <code code="M131">
    <editdetail attribution="Reuters BIP Coding Group" action="confirmed" date="1997-03-13"/>
  </code>
  <code code="MCAT">
    <editdetail attribution="Reuters BIP Coding Group" action="confirmed" date="1997-03-13"/>
  </code>
</codes>
<dc element="dc.date.created" value="1997-03-13"/>
<dc element="dc.publisher" value="Reuters Holdings Plc"/>
<dc element="dc.date.published" value="1997-03-13"/>
<dc element="dc.source" value="Reuters"/>
<dc element="dc.creator.location" value="ROME"/>
<dc element="dc.creator.location.country.name" value="ITALY"/>
<dc element="dc.source" value="Reuters"/>
</metadata>
</newsitem>
