<?xml version="1.0" encoding="iso-8859-1" ?>
<newsitem itemid="393143" id="root" date="1997-03-13" xml:lang="en">
<title>ITALY: Specialists get 100 bln lire of Italy 30-yr BTP.</title>
<headline>Specialists get 100 bln lire of Italy 30-yr BTP.</headline>
<dateline>ROME 1997-03-13</dateline>
<text>
<p>Specialist bond traders were allocated 100 billion lire worth of 30-year fixed-rate bonds (BTP) against bids for 339 billion lire worth and the Italian Treasury's offer of 100 billion lire of paper.</p>
<p>Earlier, the Treasury received bids for 2.040 trillion lire at the open auction for the November 1, 2026 paper, against one trillion lire worth of paper on offer.</p>
<p>The auction price was set at 89.20 from 93.70 at the previous sale on February 27 giving a gross yield of 8.39 percent against 7.94 percent.</p>
</text>
<copyright>(c) Reuters Limited 1997</copyright>
<metadata>
<codes class="bip:countries:1.0">
  <code code="ITALY">
    <editdetail attribution="Reuters BIP Coding Group" action="confirmed" date="1997-03-13"/>
  </code>
</codes>
<codes class="bip:topics:1.0">
  <code code="M12">
    <editdetail attribution="Reuters BIP Coding Group" action="confirmed" date="1997-03-13"/>
  </code>
  <code code="M13">
    <editdetail attribution="Reuters BIP Coding Group" action="confirmed" date="1997-03-13"/>
  </code>
  <code code="M131">
    <editdetail attribution="Reuters BIP Coding Group" action="confirmed" date="1997-03-13"/>
  </code>
  <code code="MCAT">
    <editdetail attribution="Reuters BIP Coding Group" action="confirmed" date="1997-03-13"/>
  </code>
</codes>
<dc element="dc.date.created" value="1997-03-13"/>
<dc element="dc.publisher" value="Reuters Holdings Plc"/>
<dc element="dc.date.published" value="1997-03-13"/>
<dc element="dc.source" value="Reuters"/>
<dc element="dc.creator.location" value="ROME"/>
<dc element="dc.creator.location.country.name" value="ITALY"/>
<dc element="dc.source" value="Reuters"/>
</metadata>
</newsitem>
