<?xml version="1.0" encoding="iso-8859-1" ?>
<newsitem itemid="393167" id="root" date="1997-03-13" xml:lang="en">
<title>ITALY: Italy evacuates 400 people from Albania.</title>
<headline>Italy evacuates 400 people from Albania.</headline>
<dateline>ROME 1997-03-13</dateline>
<text>
<p>Italy was evacuating some 400 foreign nationals, 330 of them Italians, from Albania on Thursday as the Balkan state descended into anarchy, diplomatic sources said.</p>
<p>They said the evacuees were being ferried to Italian navy ships in the Adriatic Sea by helicopters from two air fields near the Albanian port of Durres. &quot;The operation is still in progress,&quot; one source said.  </p>
<p>The sources said the evacuees included about 70 non-Italians but could not specify nationalities. More than 70 Italians and other nationals were moved to safety in three Italian helicopter missions to the Albanian port of Vlore in the past 11 days.</p>
<p>U.S. forces in the Adriatic were also poised for a possible evacuation of Americans from Albania because of worsening instability in the small Balkan country and Britain was preparing to evacuate some 120 British and other nationals.</p>
<p>Albania, rocked by armed unrest, slid towards anarchy on Thursday as arms depots in several towns including the capital Tirana were looted and people used the weapons to raid food warehouses for emergency stockpiles.</p>
<p>Italy, Albania's closest economic partner, had about 1,900 of its nationals in the country before this month. Diplomatic sources said that all but 350 to 400 had left on commercial flights and ferries before Thursday.</p>
</text>
<copyright>(c) Reuters Limited 1997</copyright>
<metadata>
<codes class="bip:countries:1.0">
  <code code="ALB">
    <editdetail attribution="Reuters BIP Coding Group" action="confirmed" date="1997-03-13"/>
  </code>
  <code code="ITALY">
    <editdetail attribution="Reuters BIP Coding Group" action="confirmed" date="1997-03-13"/>
  </code>
</codes>
<codes class="bip:topics:1.0">
  <code code="GCAT">
    <editdetail attribution="Reuters BIP Coding Group" action="confirmed" date="1997-03-13"/>
  </code>
  <code code="GDIP">
    <editdetail attribution="Reuters BIP Coding Group" action="confirmed" date="1997-03-13"/>
  </code>
  <code code="GVIO">
    <editdetail attribution="Reuters BIP Coding Group" action="confirmed" date="1997-03-13"/>
  </code>
</codes>
<dc element="dc.date.created" value="1997-03-13"/>
<dc element="dc.publisher" value="Reuters Holdings Plc"/>
<dc element="dc.date.published" value="1997-03-13"/>
<dc element="dc.source" value="Reuters"/>
<dc element="dc.creator.location" value="ROME"/>
<dc element="dc.creator.location.country.name" value="ITALY"/>
<dc element="dc.source" value="Reuters"/>
</metadata>
</newsitem>
