<?xml version="1.0" encoding="iso-8859-1" ?>
<newsitem itemid="393161" id="root" date="1997-03-13" xml:lang="en">
<title>FRANCE: AGF says needs more details on GAN.</title>
<headline>AGF says needs more details on GAN.</headline>
<dateline>PARIS 1997-03-13</dateline>
<text>
<p>France's second largest insurer AGF said on Thursday it needed more details about how the government planned to privatise rival GAN before saying whether it would bid for it.</p>
<p>&quot;It (GAN) has activities which are similar and complement our own,&quot; chairman Antoine Jeancourt-Galignani told a news conference at which he announced the insurer's 1996 net profit had jumped 42 percent 1.54 billion francs ($269.3 million).</p>
<p>But he said AGF, which was privatised last year, needed more information about how GAN would be sold before saying it was interested in the state-controlled insurer.</p>
<p>&quot;We have to know how, when and under what conditions it (the government) plans to privatise it,&quot; he said. &quot;The privatisation decree hasn't been issued yet.&quot;</p>
<p>&quot;We're observing things,&quot; he said. &quot;When the government moves, we will carry out our reflection...we're watching with enormous interest what is happening.&quot;</p>
<p>The merger announced last year between French insurers Axa and UAP, creating the world's second largest insurance group, has triggered market speculation about further consolidation in the French sector.</p>
<p>AGF chairman said GAN's new management had made a &quot;very complete inventory of the losses and problems of GAN which are considerable&quot; and that GAN could look forward to a future as a &quot;normal player&quot; in the insurance sector.</p>
<p>The centre-right government has said it will pay at least 20 billion francs to cover GAN's losses and ready it for sale. It plans to sell GAN this year.</p>
<p>GAN was badly hit by France's property slump as well by an ill-fated policy of cutting insurance premiums.</p>
<p>Published reports have said privatisation of the principal operating businesses of GAN -- UIC, its property lending arm, GAN Assurances, its insurance division, and CIC, its regional banking network, could begin in the next three months.</p>
<p>Referring to speculation AGF itself could be a bid target, the chairman said any bid launched for the insurer would be a hostile one.</p>
<p>&quot;An offer for us would be hostile. We do not consider a takeover to be in the interest of our shareholders,&quot; he said.</p>
<p>There has been widespread market speculation that German insurer Allianz  ALVD.F might bid for AGF. But Allianz, which wants to boost its French presence, indicated on Wednesday that it was more interested in GAN.</p>
<p>At the same time, the AGF chairman did not rule out alliances or partnships with other European companies.</p>
<p>He said the merger between Axa and UAP had accelerated consolidation in the sector and AGF could not sit on the sidelines.</p>
<p>-- Paris Newsroom +33 1 4221 5452 ($ = 5.718 French Francs)</p>
</text>
<copyright>(c) Reuters Limited 1997</copyright>
<metadata>
<codes class="bip:countries:1.0">
  <code code="FRA">
    <editdetail attribution="Reuters BIP Coding Group" action="confirmed" date="1997-03-13"/>
  </code>
</codes>
<codes class="bip:industries:1.0">
  <code code="I82000">
    <editdetail attribution="Reuters BIP Coding Group" action="confirmed" date="1997-03-13"/>
  </code>
  <code code="I82001">
    <editdetail attribution="Reuters BIP Coding Group" action="confirmed" date="1997-03-13"/>
  </code>
</codes>
<codes class="bip:topics:1.0">
  <code code="C18">
    <editdetail attribution="Reuters BIP Coding Group" action="confirmed" date="1997-03-13"/>
  </code>
  <code code="C181">
    <editdetail attribution="Reuters BIP Coding Group" action="confirmed" date="1997-03-13"/>
  </code>
  <code code="C183">
    <editdetail attribution="Reuters BIP Coding Group" action="confirmed" date="1997-03-13"/>
  </code>
  <code code="CCAT">
    <editdetail attribution="Reuters BIP Coding Group" action="confirmed" date="1997-03-13"/>
  </code>
</codes>
<dc element="dc.date.created" value="1997-03-13"/>
<dc element="dc.publisher" value="Reuters Holdings Plc"/>
<dc element="dc.date.published" value="1997-03-13"/>
<dc element="dc.source" value="Reuters"/>
<dc element="dc.creator.location" value="PARIS"/>
<dc element="dc.creator.location.country.name" value="FRANCE"/>
<dc element="dc.source" value="Reuters"/>
</metadata>
</newsitem>
