<?xml version="1.0" encoding="iso-8859-1" ?>
<newsitem itemid="393147" id="root" date="1997-03-13" xml:lang="en">
<title>FRANCE: Gle Des Eaux parks firm sold in MBO deal.</title>
<headline>Gle Des Eaux parks firm sold in MBO deal.</headline>
<dateline>PARIS 1997-03-13</dateline>
<text>
<p>French conglomerate Generale des Eaux said on Thursday its Esys Montenay unit had sold Compagnie Generale d'Espaces Vertes (CGEV) in a management buyout deal.</p>
<p>The buyout team, including four CGEV executives and Barclays Capital Developement, told Reuters the acquisition of the CGEV park building and maintenance firm was for a little more than 110 million francs.</p>
<p>The CGEV capital was bought to the tune of 49 percent by the Barclays unit and 20 percent by four CGEV executives, with a firm called Segur taking 31 percent as a &quot;passive&quot; investor, a represenative of the buyout team said.</p>
<p>-- Paris Newsroom +331 4221 5452</p>
</text>
<copyright>(c) Reuters Limited 1997</copyright>
<metadata>
<codes class="bip:countries:1.0">
  <code code="FRA">
    <editdetail attribution="Reuters BIP Coding Group" action="confirmed" date="1997-03-13"/>
  </code>
</codes>
<codes class="bip:industries:1.0">
  <code code="I17000">
    <editdetail attribution="Reuters BIP Coding Group" action="confirmed" date="1997-03-13"/>
  </code>
</codes>
<codes class="bip:topics:1.0">
  <code code="C18">
    <editdetail attribution="Reuters BIP Coding Group" action="confirmed" date="1997-03-13"/>
  </code>
  <code code="C181">
    <editdetail attribution="Reuters BIP Coding Group" action="confirmed" date="1997-03-13"/>
  </code>
  <code code="CCAT">
    <editdetail attribution="Reuters BIP Coding Group" action="confirmed" date="1997-03-13"/>
  </code>
</codes>
<dc element="dc.date.created" value="1997-03-13"/>
<dc element="dc.publisher" value="Reuters Holdings Plc"/>
<dc element="dc.date.published" value="1997-03-13"/>
<dc element="dc.source" value="Reuters"/>
<dc element="dc.creator.location" value="PARIS"/>
<dc element="dc.creator.location.country.name" value="FRANCE"/>
<dc element="dc.source" value="Reuters"/>
</metadata>
</newsitem>
