<?xml version="1.0" encoding="iso-8859-1" ?>
<newsitem itemid="393164" id="root" date="1997-03-13" xml:lang="en">
<title>BELGIUM: Kredietbank stock div to fund expansion.</title>
<headline>Kredietbank stock div to fund expansion.</headline>
<dateline>BRUSSELS 1997-03-13</dateline>
<text>
<p>Kredietbank, one of Belgium's top four banks, said that proceeds of its optional stock dividend would be used to fund further expansion, notably in emerging markets and its brokerage unit.</p>
<p>&quot;Our bank still has a lot of expansion plans. To secure future growth and a sound risk asset ratio, we offer an optional stock dividend,&quot; Kredietbank chief executive officer Marcel Cockaerts told a news conference on 1996 earnings.</p>
<p>KB director Remi Vermeiren said that if all shareholders took shares instead of cash, KB would raise a maximum of 5.2 billion francs. He said that four billion francs would be a more realistic figure, adding that KB's current majority shareholders had all said they would take shares rather than cash.</p>
<p>Vermeiren said that part of the funds might be used for the foreign expansion of KB's brokerage unit KB Securities, already the largest broker on the Brussels market in volume terms.</p>
<p>&quot;KBS has gone 70 percent of the way in Brussels, it is time to gradually start looking for similar activities abroad,&quot; he said.</p>
<p>He said this could possibly be done in cooperation with KB-Petercam Derivatives.</p>
<p>Cockaerts said that KB was continuing to look for opportunities in growth areas such as eastern Europe, sourth-east Asia and Latin America.</p>
<p>The bank is in the process of establishing a merchant bank in Singapore and has requested a licence to open representative offices in Sao Paulo in Brazil and Buenos Aires in Argentina.</p>
<p>-- Geert De Clercq, Brussels Newsroom +32 2 287 6813, Fax +32 2 230 7710</p>
</text>
<copyright>(c) Reuters Limited 1997</copyright>
<metadata>
<codes class="bip:countries:1.0">
  <code code="BELG">
    <editdetail attribution="Reuters BIP Coding Group" action="confirmed" date="1997-03-13"/>
  </code>
</codes>
<codes class="bip:industries:1.0">
  <code code="I81402">
    <editdetail attribution="Reuters BIP Coding Group" action="confirmed" date="1997-03-13"/>
  </code>
</codes>
<codes class="bip:topics:1.0">
  <code code="C15">
    <editdetail attribution="Reuters BIP Coding Group" action="confirmed" date="1997-03-13"/>
  </code>
  <code code="C151">
    <editdetail attribution="Reuters BIP Coding Group" action="confirmed" date="1997-03-13"/>
  </code>
  <code code="CCAT">
    <editdetail attribution="Reuters BIP Coding Group" action="confirmed" date="1997-03-13"/>
  </code>
</codes>
<dc element="dc.date.created" value="1997-03-13"/>
<dc element="dc.publisher" value="Reuters Holdings Plc"/>
<dc element="dc.date.published" value="1997-03-13"/>
<dc element="dc.source" value="Reuters"/>
<dc element="dc.creator.location" value="BRUSSELS"/>
<dc element="dc.creator.location.country.name" value="BELGIUM"/>
<dc element="dc.source" value="Reuters"/>
</metadata>
</newsitem>
