<?xml version="1.0" encoding="iso-8859-1" ?>
<newsitem itemid="393152" id="root" date="1997-03-13" xml:lang="en">
<title>ITALY: Specialists get 150 bln lire of Italy 10-yr BTP.</title>
<headline>Specialists get 150 bln lire of Italy 10-yr BTP.</headline>
<dateline>ROME 1997-03-13</dateline>
<text>
<p>Specialist bond traders were allocated 150 billion lire of 10-year fixed-rate bonds (BTP) against bids for 405 billion and the Italian Treasury's offer of 150 billion lire of paper.</p>
<p>Earlier, the Treasury received bids for 2.344 trillion lire at the open auction for the February 1, 2007 paper, against 1.5 trillion lire worth on offer.</p>
<p>The auction price was set at 94.40 from 97.50 at the previous sale on February 27 and gross yield was 7.69 against 7.22 percent.</p>
</text>
<copyright>(c) Reuters Limited 1997</copyright>
<metadata>
<codes class="bip:countries:1.0">
  <code code="ITALY">
    <editdetail attribution="Reuters BIP Coding Group" action="confirmed" date="1997-03-13"/>
  </code>
</codes>
<codes class="bip:topics:1.0">
  <code code="M12">
    <editdetail attribution="Reuters BIP Coding Group" action="confirmed" date="1997-03-13"/>
  </code>
  <code code="M13">
    <editdetail attribution="Reuters BIP Coding Group" action="confirmed" date="1997-03-13"/>
  </code>
  <code code="M131">
    <editdetail attribution="Reuters BIP Coding Group" action="confirmed" date="1997-03-13"/>
  </code>
  <code code="MCAT">
    <editdetail attribution="Reuters BIP Coding Group" action="confirmed" date="1997-03-13"/>
  </code>
</codes>
<dc element="dc.date.created" value="1997-03-13"/>
<dc element="dc.publisher" value="Reuters Holdings Plc"/>
<dc element="dc.date.published" value="1997-03-13"/>
<dc element="dc.source" value="Reuters"/>
<dc element="dc.creator.location" value="ROME"/>
<dc element="dc.creator.location.country.name" value="ITALY"/>
<dc element="dc.source" value="Reuters"/>
</metadata>
</newsitem>
