<?xml version="1.0" encoding="iso-8859-1" ?>
<newsitem itemid="393151" id="root" date="1997-03-13" xml:lang="en">
<title>BELGIUM: WEU says no word from Tirana on intervention.</title>
<headline>WEU says no word from Tirana on intervention.</headline>
<dateline>BRUSSELS 1997-03-13</dateline>
<text>
<p>The Western European Union (WEU), the EU's fledging defence arm, said on Thursday it had not received any request from Albania to provide military assistance to restore order to the troubled Balkan country.</p>
<p>&quot;There has been no formal approach,&quot; said one source at the Brussels headquarters of the organisation. He added the mechanism for such an approach did not exist, but President Sali Berisha could ask NATO's European allies individually to intervene.  </p>
<p>Reports from the capital Tirana earlier on Thursday said Berisha and all political forces in the country wanted WEU countries to intervene &quot;to restore the constitutional order and to preserve the country's integrity&quot;.</p>
<p>WEU diplomats said some of the main European countries, including Italy, France and Britain, believed it was still possible to have a political settlement to the crisis and would be reluctant to become mired in the latest Balkan crisis.</p>
<p>Military analysts said the WEU, which was revamped only a few years ago, did not have the operational capacity at present to conduct a major military intervention.</p>
<p>&quot;Technically, only WEU members can call for a WEU operation. Members who want to be involved could of course call for it to be done under the auspices of the WEU, but at the moment that is most doubtful,&quot; said one military source.</p>
</text>
<copyright>(c) Reuters Limited 1997</copyright>
<metadata>
<codes class="bip:countries:1.0">
  <code code="ALB">
    <editdetail attribution="Reuters BIP Coding Group" action="confirmed" date="1997-03-13"/>
  </code>
  <code code="EEC">
    <editdetail attribution="Reuters BIP Coding Group" action="confirmed" date="1997-03-13"/>
  </code>
</codes>
<codes class="bip:topics:1.0">
  <code code="G15">
    <editdetail attribution="Reuters BIP Coding Group" action="confirmed" date="1997-03-13"/>
  </code>
  <code code="G158">
    <editdetail attribution="Reuters BIP Coding Group" action="confirmed" date="1997-03-13"/>
  </code>
  <code code="GCAT">
    <editdetail attribution="Reuters BIP Coding Group" action="confirmed" date="1997-03-13"/>
  </code>
  <code code="GDEF">
    <editdetail attribution="Reuters BIP Coding Group" action="confirmed" date="1997-03-13"/>
  </code>
  <code code="GDIP">
    <editdetail attribution="Reuters BIP Coding Group" action="confirmed" date="1997-03-13"/>
  </code>
  <code code="GVIO">
    <editdetail attribution="Reuters BIP Coding Group" action="confirmed" date="1997-03-13"/>
  </code>
</codes>
<dc element="dc.date.created" value="1997-03-13"/>
<dc element="dc.publisher" value="Reuters Holdings Plc"/>
<dc element="dc.date.published" value="1997-03-13"/>
<dc element="dc.source" value="Reuters"/>
<dc element="dc.creator.location" value="BRUSSELS"/>
<dc element="dc.creator.location.country.name" value="BELGIUM"/>
<dc element="dc.source" value="Reuters"/>
</metadata>
</newsitem>
