<?xml version="1.0" encoding="iso-8859-1" ?>
<newsitem itemid="393163" id="root" date="1997-03-13" xml:lang="en">
<title>ITALY: Italy's oil consumption falls 8.7 pct in Feb - tra.</title>
<headline>Italy's oil consumption falls 8.7 pct in Feb - tra.</headline>
<dateline>ROME 1997-03-13</dateline>
<text>
<p>Italian consumption of petroleum products fell 8.7 percent to 7.7 million tonnes in February compared with the same month in 1996, according to data from trade group Unione Petrolifera.</p>
<p>  Category		  Feb 1997 (million tonnes)  Chg vs 1996</p>
<p>  Total				 7.7		  -8.7  pct</p>
<p>  Total petrol			 --		  -2.6  pct</p>
<p>  Total diesel oil		   --		 -10.7  pct</p>
<p>Note: Unione Petrolifera said in a statement that as seen in January demand for fuel oil in power plants again fell, down 16 percent in February.</p>
<p>-- Rome newsroom +396 6782501</p>
</text>
<copyright>(c) Reuters Limited 1997</copyright>
<metadata>
<codes class="bip:countries:1.0">
  <code code="ITALY">
    <editdetail attribution="Reuters BIP Coding Group" action="confirmed" date="1997-03-13"/>
  </code>
</codes>
<codes class="bip:industries:1.0">
  <code code="I13000">
    <editdetail attribution="Reuters BIP Coding Group" action="confirmed" date="1997-03-13"/>
  </code>
  <code code="I14000">
    <editdetail attribution="Reuters BIP Coding Group" action="confirmed" date="1997-03-13"/>
  </code>
</codes>
<codes class="bip:topics:1.0">
  <code code="C21">
    <editdetail attribution="Reuters BIP Coding Group" action="confirmed" date="1997-03-13"/>
  </code>
  <code code="C31">
    <editdetail attribution="Reuters BIP Coding Group" action="confirmed" date="1997-03-13"/>
  </code>
  <code code="CCAT">
    <editdetail attribution="Reuters BIP Coding Group" action="confirmed" date="1997-03-13"/>
  </code>
  <code code="M14">
    <editdetail attribution="Reuters BIP Coding Group" action="confirmed" date="1997-03-13"/>
  </code>
  <code code="M143">
    <editdetail attribution="Reuters BIP Coding Group" action="confirmed" date="1997-03-13"/>
  </code>
  <code code="MCAT">
    <editdetail attribution="Reuters BIP Coding Group" action="confirmed" date="1997-03-13"/>
  </code>
</codes>
<dc element="dc.date.created" value="1997-03-13"/>
<dc element="dc.publisher" value="Reuters Holdings Plc"/>
<dc element="dc.date.published" value="1997-03-13"/>
<dc element="dc.source" value="Reuters"/>
<dc element="dc.creator.location" value="ROME"/>
<dc element="dc.creator.location.country.name" value="ITALY"/>
<dc element="dc.source" value="Reuters"/>
</metadata>
</newsitem>
