<?xml version="1.0" encoding="iso-8859-1" ?>
<newsitem itemid="406193" id="root" date="1997-03-13" xml:lang="en">
<title>FRANCE: Euro-MPs approve accords with Caucasian republics.</title>
<headline>Euro-MPs approve accords with Caucasian republics.</headline>
<dateline>STRASBOURG 1997-03-13</dateline>
<text>
<p>The European Parliament on Thursday approved a series of planned agreements between the European Union and four former Soviet republics.</p>
<p>Euro-MPs had to give their assent to the partnership agreements with Georgia, Armenia, Azerbaijan and Kazakhstan, before they could become law.</p>
<p>The accords cover a wide range of aspects, including political cooperation, trade, environmental protection, cross-border provision of services, regional cooperation and nuclear safety.</p>
<p>They also provide for cooperation to be suspended in the case of grave violations of human rights.</p>
<p>Hans van den Broek, the EU commissioner for relations with central and eastern Europe, told the parliament the agreements were important for the EU because the former Soviet republics were major suppliers of products ranging from energy sources, minerals, metals and chemicals.</p>
<p>They were also important markets for EU products, the commissioner said.</p>
</text>
<copyright>(c) Reuters Limited 1997</copyright>
<metadata>
<codes class="bip:countries:1.0">
  <code code="ARMEN">
    <editdetail attribution="Reuters BIP Coding Group" action="confirmed" date="1997-03-13"/>
  </code>
  <code code="AZERB">
    <editdetail attribution="Reuters BIP Coding Group" action="confirmed" date="1997-03-13"/>
  </code>
  <code code="EEC">
    <editdetail attribution="Reuters BIP Coding Group" action="confirmed" date="1997-03-13"/>
  </code>
  <code code="GRGIA">
    <editdetail attribution="Reuters BIP Coding Group" action="confirmed" date="1997-03-13"/>
  </code>
  <code code="KAZK">
    <editdetail attribution="Reuters BIP Coding Group" action="confirmed" date="1997-03-13"/>
  </code>
</codes>
<codes class="bip:topics:1.0">
  <code code="E51">
    <editdetail attribution="Reuters BIP Coding Group" action="confirmed" date="1997-03-13"/>
  </code>
  <code code="E512">
    <editdetail attribution="Reuters BIP Coding Group" action="confirmed" date="1997-03-13"/>
  </code>
  <code code="ECAT">
    <editdetail attribution="Reuters BIP Coding Group" action="confirmed" date="1997-03-13"/>
  </code>
  <code code="G15">
    <editdetail attribution="Reuters BIP Coding Group" action="confirmed" date="1997-03-13"/>
  </code>
  <code code="G158">
    <editdetail attribution="Reuters BIP Coding Group" action="confirmed" date="1997-03-13"/>
  </code>
  <code code="GCAT">
    <editdetail attribution="Reuters BIP Coding Group" action="confirmed" date="1997-03-13"/>
  </code>
  <code code="GDIP">
    <editdetail attribution="Reuters BIP Coding Group" action="confirmed" date="1997-03-13"/>
  </code>
</codes>
<dc element="dc.date.created" value="1997-03-13"/>
<dc element="dc.publisher" value="Reuters Holdings Plc"/>
<dc element="dc.date.published" value="1997-03-13"/>
<dc element="dc.source" value="Reuters"/>
<dc element="dc.creator.location" value="STRASBOURG"/>
<dc element="dc.creator.location.country.name" value="FRANCE"/>
<dc element="dc.source" value="Reuters"/>
</metadata>
</newsitem>
