<?xml version="1.0" encoding="iso-8859-1" ?>
<newsitem itemid="406198" id="root" date="1997-03-13" xml:lang="en">
<title>FRANCE: Thai plans extra Paris freighter flight.</title>
<headline>Thai plans extra Paris freighter flight.</headline>
<dateline>PARIS 1997-03-13</dateline>
<text>
<p>Thai Airways said it was planning to introduce an additional weekly Boeing 747 freighter frequency between Paris and Bangkok at the end of the month.</p>
<p>&quot;This is very much a last-minute decision in that Thai has a spare freighter on its hands and we are around 90 percent certain it will be deployed on the Paris route,&quot; a Paris-based Thai cargo official told Reuters.</p>
<p>Thai already runs a twice-weekly Paris-Bangkok 747F service in conjunction with Air France and also transports freight in the bellyhold of a daily passenger service on the route.</p>
<p>&quot;Last Autumn, under similar circumstances, we introduced an additional freighter on the route for a limited period and this co-incided with a surge in demand and the extra capacity was fully-utilised. Hopefully it will be the same this time round. Cargo load factors are already good at present,&quot; the official said.</p>
<p>A mooted Tuesday departure from CDG for the flight would not be optimal in terms of French shippers production cycles but would provide a useful midweek option for spot shipments, the official added.</p>
<p>&quot;The flight's timetabling will probably be more suited to shipments coming from our off-line cargo stations, notably in Spain, where Madrid and Barcelona are generating a good level of business and also for westbound shipments from Asia to Europe,&quot; the official added.</p>
<p>The extra freighter frequency will be operated independently of Air France and is scheduled to operate until end-October 1997.</p>
<p>Thai increased its ex-Paris cargo rates by around five percent, effective March 1. - Reuters Air Cargo Newsroom Tel+44 171 542 7706 Fax+5017</p>
</text>
<copyright>(c) Reuters Limited 1997</copyright>
<metadata>
<codes class="bip:countries:1.0">
  <code code="FRA">
    <editdetail attribution="Reuters BIP Coding Group" action="confirmed" date="1997-03-13"/>
  </code>
  <code code="THAIL">
    <editdetail attribution="Reuters BIP Coding Group" action="confirmed" date="1997-03-13"/>
  </code>
</codes>
<codes class="bip:industries:1.0">
  <code code="I75000">
    <editdetail attribution="Reuters BIP Coding Group" action="confirmed" date="1997-03-13"/>
  </code>
</codes>
<codes class="bip:topics:1.0">
  <code code="C22">
    <editdetail attribution="Reuters BIP Coding Group" action="confirmed" date="1997-03-13"/>
  </code>
  <code code="CCAT">
    <editdetail attribution="Reuters BIP Coding Group" action="confirmed" date="1997-03-13"/>
  </code>
</codes>
<dc element="dc.date.created" value="1997-03-13"/>
<dc element="dc.publisher" value="Reuters Holdings Plc"/>
<dc element="dc.date.published" value="1997-03-13"/>
<dc element="dc.source" value="Reuters"/>
<dc element="dc.creator.location" value="PARIS"/>
<dc element="dc.creator.location.country.name" value="FRANCE"/>
<dc element="dc.source" value="Reuters"/>
</metadata>
</newsitem>
