<?xml version="1.0" encoding="iso-8859-1" ?>
<newsitem itemid="406195" id="root" date="1997-03-13" xml:lang="en">
<title>UNITED NATIONS: U.N. chief deplores killing of Israeli schoolgirls.</title>
<headline>U.N. chief deplores killing of Israeli schoolgirls.</headline>
<dateline>UNITED NATIONS 1997-03-13</dateline>
<text>
<p>Secretary-General Kofi Annan deplored the killing on Thursday of seven Israeli schoolgirls by a Jordanian soldier on the border between the two countries and said the tragic incident highlighted the need to renew confidence in the Middle East peace process.</p>
<p>&quot;The secretary-general was shocked by the news that a Jordanian soldier fired upon a group of Israeli schoolgirls, killing seven and wounding several others,&quot; a statement issued through his spokesman said.</p>
<p>&quot;The secretary-general deplores this act of violence and extends condolences to the families of the victims and the government and people of Israel.</p>
<p>&quot;Today's tragic incident highlights the need to renew confidence in the peace process whose objective is the achievement of a comprehensive, just and lasting settlement in the Middle East,&quot; the statement added.</p>
<p>The incident occurred at a time when the peace process is at a low ebb as a result of a number of recent developments.</p>
<p>These include a widely criticised Israeli decision to build a new Jewish neighbourhood in largely Arab East Jerusalem; an exchange of recriminations between Jordan's King Hussein and Israeli Prime Minister Benjamin Netanyahu; and Palestinian dissastisfaction with Israel's decision to withdraw from 9 percent of occupied territory in the first of three scheduled pullbacks, instead of the 30 percent they said they had expected.</p>
<p>The General Assembly was expected to adopt a resolution by a large majority later in the day calling on Israel to rescind its decision to build 6,500 homes for Jews on a tree-lined hill between East Jerusalem and Bethlehem called Har Homa by Israel and Jabal Abu Ghneim by the Palestinians.</p>
</text>
<copyright>(c) Reuters Limited 1997</copyright>
<metadata>
<codes class="bip:countries:1.0">
  <code code="ISRAEL">
    <editdetail attribution="Reuters BIP Coding Group" action="confirmed" date="1997-03-13"/>
  </code>
  <code code="JORDAN">
    <editdetail attribution="Reuters BIP Coding Group" action="confirmed" date="1997-03-13"/>
  </code>
  <code code="UN">
    <editdetail attribution="Reuters BIP Coding Group" action="confirmed" date="1997-03-13"/>
  </code>
</codes>
<codes class="bip:topics:1.0">
  <code code="GCAT">
    <editdetail attribution="Reuters BIP Coding Group" action="confirmed" date="1997-03-13"/>
  </code>
  <code code="GDIP">
    <editdetail attribution="Reuters BIP Coding Group" action="confirmed" date="1997-03-13"/>
  </code>
  <code code="GPOL">
    <editdetail attribution="Reuters BIP Coding Group" action="confirmed" date="1997-03-13"/>
  </code>
  <code code="GVIO">
    <editdetail attribution="Reuters BIP Coding Group" action="confirmed" date="1997-03-13"/>
  </code>
</codes>
<dc element="dc.date.created" value="1997-03-13"/>
<dc element="dc.publisher" value="Reuters Holdings Plc"/>
<dc element="dc.date.published" value="1997-03-13"/>
<dc element="dc.source" value="Reuters"/>
<dc element="dc.creator.location" value="UNITED NATIONS"/>
<dc element="dc.creator.location.country.name" value="UNITED NATIONS"/>
<dc element="dc.source" value="Reuters"/>
</metadata>
</newsitem>
