<?xml version="1.0" encoding="iso-8859-1" ?>
<newsitem itemid="406192" id="root" date="1997-03-13" xml:lang="en">
<title>BELGIUM: Police expect up to 100,000 at Brussels jobs march.</title>
<headline>Police expect up to 100,000 at Brussels jobs march.</headline>
<byline>Jeremy Lovell</byline>
<dateline>BRUSSELS 1997-03-13</dateline>
<text>
<p>Police said on Thursday they expected up to 100,000 people to turn up for a march through Brussels on Sunday protesting at increasing job losses and insecurity.</p>
<p>The Brussels police department said in a statement they expected between 70,000 and 100,000 protesters, adding that 23 special trains and 500 coaches had already been booked.</p>
<p>Belgium has been shaken by the announcement in January of the closure of steelmaker Forges de Clabecq with the threatened loss of 1,800 jobs, and the more recent decision by French carmaker Renault to close its Belgian plant with the loss of 3,100 jobs.</p>
<p>There have been sporadic protests and marches in Brussels and elsewhere because of the Clabecq closure -- the most recent being on Wednesday.</p>
<p>But the employment issue took on international proportions and a diplomatic dimension when Renault suddenly announced at the end of February its decision to close the plant at Vilvoorde near Brussels.</p>
<p>Prime Minister Jean-Luc Dehaene, who lives in Vilvoorde, condemned the decision and the lack of consultation, and the Belgian Federal and Flemish regional governments said they would take Renault to court.</p>
<p>French Prime Minister Alain Juppe carpeted Renault Chairman Louis Schweitzer, and even President Jacques Chirac was said to be angered at the manner in which the decision was made known.</p>
<p>Renault made matters worse by refusing to reverse its decision and declaring it would also shed more than 2,700 jobs in France this year.</p>
<p>Belgian Renault workers have taken their protest to France on several occasions -- including taking part in a demonstration on Tuesday in Paris with their colleagues from France and Spain.</p>
<p>Belgian union leaders have called for Sunday's march to be a major international event to force governments focused on budget cuts to get their economies ready for the European Union's single currency to realise the social consequences.</p>
<p>Workers from many of Belgium's neighbours -- but especially France -- are expected to take part in the march, and are several leading French and Belgian politicians.</p>
</text>
<copyright>(c) Reuters Limited 1997</copyright>
<metadata>
<codes class="bip:countries:1.0">
  <code code="BELG">
    <editdetail attribution="Reuters BIP Coding Group" action="confirmed" date="1997-03-13"/>
  </code>
</codes>
<codes class="bip:topics:1.0">
  <code code="E41">
    <editdetail attribution="Reuters BIP Coding Group" action="confirmed" date="1997-03-13"/>
  </code>
  <code code="ECAT">
    <editdetail attribution="Reuters BIP Coding Group" action="confirmed" date="1997-03-13"/>
  </code>
  <code code="GCAT">
    <editdetail attribution="Reuters BIP Coding Group" action="confirmed" date="1997-03-13"/>
  </code>
  <code code="GJOB">
    <editdetail attribution="Reuters BIP Coding Group" action="confirmed" date="1997-03-13"/>
  </code>
  <code code="GPOL">
    <editdetail attribution="Reuters BIP Coding Group" action="confirmed" date="1997-03-13"/>
  </code>
  <code code="GVIO">
    <editdetail attribution="Reuters BIP Coding Group" action="confirmed" date="1997-03-13"/>
  </code>
</codes>
<dc element="dc.date.created" value="1997-03-13"/>
<dc element="dc.publisher" value="Reuters Holdings Plc"/>
<dc element="dc.date.published" value="1997-03-13"/>
<dc element="dc.source" value="Reuters"/>
<dc element="dc.creator.location" value="BRUSSELS"/>
<dc element="dc.creator.location.country.name" value="BELGIUM"/>
<dc element="dc.source" value="Reuters"/>
</metadata>
</newsitem>
