<?xml version="1.0" encoding="iso-8859-1" ?>
<newsitem itemid="406186" id="root" date="1997-03-13" xml:lang="en">
<title>BELGIUM: EU urges easterns to adopt its standards.</title>
<headline>EU urges easterns to adopt its standards.</headline>
<dateline>BRUSSELS 1997-03-13</dateline>
<text>
<p>The European Union underlined on Thursday that eastern European countries must bring their goods like pharmaceutical products, food and vehicles into line with EU standards on health and safety as part of their process of accession.</p>
<p>At a meeting of the Internal Market Council the European Commission said it wanted to approach the issue in the same way it was doing with candidate Poland.</p>
<p>Poland is working towards the progressive alignment to the &quot;acquis communautaire&quot; according to an agreed calendar and on this basis a system of European conformity assessment agreements is being set up.</p>
<p>In return, the EU agrees measures to help the trade in the products which fulfil the EU requirements and provides technical assistance and cooperation.</p>
<p>The Commission said in a document made available to the ministerial meeting it would seek confirmation of these four elements from other candidate countries in the framework of the association agreements they hold with the EU.</p>
<p>It said a calendar for progressive alignment to the acquis communautaire would need to be established by the candidate ocuntries.</p>
<p>It said that conformity agreements should be seen only as an intermediate step, designed not only to facilitate trade, but at the same time to support the alignment process.</p>
</text>
<copyright>(c) Reuters Limited 1997</copyright>
<metadata>
<codes class="bip:countries:1.0">
  <code code="EEC">
    <editdetail attribution="Reuters BIP Coding Group" action="confirmed" date="1997-03-13"/>
  </code>
  <code code="POL">
    <editdetail attribution="Reuters BIP Coding Group" action="confirmed" date="1997-03-13"/>
  </code>
</codes>
<codes class="bip:industries:1.0">
  <code code="I25700">
    <editdetail attribution="Reuters BIP Coding Group" action="confirmed" date="1997-03-13"/>
  </code>
  <code code="I35000">
    <editdetail attribution="Reuters BIP Coding Group" action="confirmed" date="1997-03-13"/>
  </code>
  <code code="I41000">
    <editdetail attribution="Reuters BIP Coding Group" action="confirmed" date="1997-03-13"/>
  </code>
  <code code="I42000">
    <editdetail attribution="Reuters BIP Coding Group" action="confirmed" date="1997-03-13"/>
  </code>
</codes>
<codes class="bip:topics:1.0">
  <code code="C13">
    <editdetail attribution="Reuters BIP Coding Group" action="confirmed" date="1997-03-13"/>
  </code>
  <code code="CCAT">
    <editdetail attribution="Reuters BIP Coding Group" action="confirmed" date="1997-03-13"/>
  </code>
  <code code="G15">
    <editdetail attribution="Reuters BIP Coding Group" action="confirmed" date="1997-03-13"/>
  </code>
  <code code="G152">
    <editdetail attribution="Reuters BIP Coding Group" action="confirmed" date="1997-03-13"/>
  </code>
  <code code="GCAT">
    <editdetail attribution="Reuters BIP Coding Group" action="confirmed" date="1997-03-13"/>
  </code>
</codes>
<dc element="dc.date.created" value="1997-03-13"/>
<dc element="dc.publisher" value="Reuters Holdings Plc"/>
<dc element="dc.date.published" value="1997-03-13"/>
<dc element="dc.source" value="Reuters"/>
<dc element="dc.creator.location" value="BRUSSELS"/>
<dc element="dc.creator.location.country.name" value="BELGIUM"/>
<dc element="dc.source" value="Reuters"/>
</metadata>
</newsitem>
