<?xml version="1.0" encoding="iso-8859-1" ?>
<newsitem itemid="406194" id="root" date="1997-03-13" xml:lang="en">
<title>PORTUGAL: Portugal confident of EMU berth despite doubters.</title>
<headline>Portugal confident of EMU berth despite doubters.</headline>
<byline>Richard Waddington</byline>
<dateline>LISBON 1997-03-13</dateline>
<text>
<p>Portugal is convinced that it can be amongst a European elite to launch the single currency in 1999 whatever the doubts of international markets.</p>
<p>According to a Reuter poll of 45 economists from across Europe published on Thursday, Portugal has only a 24 percent chance of being chosen when European Union leaders meet in the spring of next year to decide who can join monetary union.</p>
<p>But the view from Lisbon is altogether more optimistic.</p>
<p>&quot;I would rate the chances of Portugal being in the single currency in 1999 as 70 percent,&quot; said Marcelo Rebelo de Sousa, leader of the main opposition party, the Social Democrats.</p>
<p>The conservative leader, whose party recently joined the Socialist government to table a joint motion in parliament backing Portugal's campaign for single currency membership, said that he was confident that the country would meet the economic requirements for entry.</p>
<p>&quot;I am 90 percent sure,&quot; he told journalists on Thursday.</p>
<p>Socialist government ministers, who have made qualifying for the single currency their top policy priority, have never been less than convinced. &quot;I have absolutely no doubt we will be in (monetary union),&quot; deputy finance minister Fernando Teixeira dos Santos told Reuters in a recent interview.</p>
<p>International economists who follow Portugal closely say that the country has a good chance of passing key economic tests, with the budget deficit and inflation both set to be below entry limits.</p>
<p>Portugal's cause was helped by a ruling last week by the European Union's statistics body Eurostat that would result in both lower debt and inflation levels than officially calculated.</p>
<p>&quot;Just looking at the figures, it would appear that they could be there,&quot; said economist Deborah Bennellick of UBS Ltd in London.</p>
<p>Portugal has budgeted for a state deficit of 2.9 percent in 1997, inside the three percent ceiling.</p>
<p>Although inflation edged up over the turn of the year, it is widely expected to resume its downward path from the spring to hit the government's 2.5 percent target by the year's end.</p>
<p>But even many economists who are optimistic on the numbers prefer to be cautious when it comes to forecasting whether Portugal and its Iberian neighbour Spain will be in the vanguard of economic and monetary union (EMU).</p>
<p>Rebelo da Sousa said that the risk of some sort of political interference explained why he was more certain of Portugal meeting the requirements than of its gaining entry.</p>
<p>Economists say that the suspicion is that international political considerations will take a hand, particularly if, as many expect, founder EU member Italy fails to pass muster.</p>
<p>&quot;If Italy does not make it, it would be politically difficult to let Spain in. And the argument goes for Portugal as well,&quot; said another London analyst.</p>
<p>It is a view that the Portuguese, who resent attempts to lump southern European countries together in a so-called 'Club Med', have been seeking to combat.</p>
<p>On recent visits to European Union partners France and Luxembourg, both expected to form part of an EMU core, Prime Minister Antonio Guterres won pledges that the decision on single currency membership would be based on economics and not politics.</p>
<p>&quot;We received express guarantees that whoever meets the targets should be allowed in,&quot; a government spokesman said.</p>
</text>
<copyright>(c) Reuters Limited 1997</copyright>
<metadata>
<codes class="bip:countries:1.0">
  <code code="EEC">
    <editdetail attribution="Reuters BIP Coding Group" action="confirmed" date="1997-03-13"/>
  </code>
  <code code="PORL">
    <editdetail attribution="Reuters BIP Coding Group" action="confirmed" date="1997-03-13"/>
  </code>
</codes>
<codes class="bip:topics:1.0">
  <code code="E12">
    <editdetail attribution="Reuters BIP Coding Group" action="confirmed" date="1997-03-13"/>
  </code>
  <code code="ECAT">
    <editdetail attribution="Reuters BIP Coding Group" action="confirmed" date="1997-03-13"/>
  </code>
  <code code="G15">
    <editdetail attribution="Reuters BIP Coding Group" action="confirmed" date="1997-03-13"/>
  </code>
  <code code="G154">
    <editdetail attribution="Reuters BIP Coding Group" action="confirmed" date="1997-03-13"/>
  </code>
  <code code="GCAT">
    <editdetail attribution="Reuters BIP Coding Group" action="confirmed" date="1997-03-13"/>
  </code>
</codes>
<dc element="dc.date.created" value="1997-03-13"/>
<dc element="dc.publisher" value="Reuters Holdings Plc"/>
<dc element="dc.date.published" value="1997-03-13"/>
<dc element="dc.source" value="Reuters"/>
<dc element="dc.creator.location" value="LISBON"/>
<dc element="dc.creator.location.country.name" value="PORTUGAL"/>
<dc element="dc.source" value="Reuters"/>
</metadata>
</newsitem>
