<?xml version="1.0" encoding="iso-8859-1" ?>
<newsitem itemid="406190" id="root" date="1997-03-13" xml:lang="en">
<title>SWITZERLAND: Turkey urged to act on freedom of expression.</title>
<headline>Turkey urged to act on freedom of expression.</headline>
<dateline>GENEVA 1997-03-13</dateline>
<text>
<p>A U.N. human rights report accused Turkey of a long list of abuses on Thursday, including imprisonment of writers, police torture of journalists, use of force against protesters and routine seizure of newspapers.</p>
<p>Investigator Abid Hussain's report to the U.N. human rights commission meeting in Geneva urged Turkey to relax its curbs on freedom of speech and review laws penalising peaceful expression of views by the press, human rights activists and political groups.</p>
<p>It cited a long list of abuses against writers, journalists, human rights lawyers and a musician, as well as ordinary people detained for speaking in public about police torture.</p>
<p>The list included the cases of 28-year-old photographer Metin Goktepe who died from a brain haemorrhage after he was tortured in police custody and journalist Ragip Duran who was accused of conducting anti-government propaganda.</p>
<p>Also on the list was Yasar Kemal, one of Turkey's most famous living authors who was convicted for writings defending Kurd rights which the court said had promoted Kurdish separatism.</p>
<p>The European Parliament has blocked millions of dollars of aid to Ankara, partly as a result of Turkey's shaky human rights record. Senior European politicians have spoken out against Turkey's membership of the European Union where the Turks are seen by many as too poor, too numerous and too Moslem.</p>
<p>The U.N. report also voiced concern about &quot;the regular occurrence&quot; of death threats against people seeking to take part in public affairs -- &quot;a heavy mortgage on the openness of political debate.&quot;</p>
<p>&quot;To have a cultural identity requires having the liberty to express it and protect it when it is threatened. But not by any means possible. Certainly not by violent means,&quot; it said.</p>
</text>
<copyright>(c) Reuters Limited 1997</copyright>
<metadata>
<codes class="bip:countries:1.0">
  <code code="TURK">
    <editdetail attribution="Reuters BIP Coding Group" action="confirmed" date="1997-03-13"/>
  </code>
  <code code="UN">
    <editdetail attribution="Reuters BIP Coding Group" action="confirmed" date="1997-03-13"/>
  </code>
</codes>
<codes class="bip:topics:1.0">
  <code code="GCAT">
    <editdetail attribution="Reuters BIP Coding Group" action="confirmed" date="1997-03-13"/>
  </code>
  <code code="GDIP">
    <editdetail attribution="Reuters BIP Coding Group" action="confirmed" date="1997-03-13"/>
  </code>
  <code code="GPOL">
    <editdetail attribution="Reuters BIP Coding Group" action="confirmed" date="1997-03-13"/>
  </code>
  <code code="GVIO">
    <editdetail attribution="Reuters BIP Coding Group" action="confirmed" date="1997-03-13"/>
  </code>
</codes>
<dc element="dc.date.created" value="1997-03-13"/>
<dc element="dc.publisher" value="Reuters Holdings Plc"/>
<dc element="dc.date.published" value="1997-03-13"/>
<dc element="dc.source" value="Reuters"/>
<dc element="dc.creator.location" value="GENEVA"/>
<dc element="dc.creator.location.country.name" value="SWITZERLAND"/>
<dc element="dc.source" value="Reuters"/>
</metadata>
</newsitem>
