<?xml version="1.0" encoding="iso-8859-1" ?>
<newsitem itemid="406184" id="root" date="1997-03-13" xml:lang="en">
<title>AUSTRIA: Austria unveils plans to cut immigration.</title>
<headline>Austria unveils plans to cut immigration.</headline>
<byline>Elizabeth Fullerton</byline>
<dateline>VIENNA 1997-03-13</dateline>
<text>
<p>Austria on Thursday unveiled a package aimed at tightening immigration laws and giving preference to Austrians in the job market.</p>
<p>The coalition government of Social Democrats and the conservative People's Party faces growing public concern over mounting unemployment. In January, unemployment hit a post-World War Two record of 4.1 percent at 300,000 people.</p>
<p>From now on no new immigrants would be allowed into Austria except those with key skills that are not available in the country, Interior Minister Karl Schloegl told a news conference.</p>
<p>Foreign families would only be allowed to join relatives who had been living in Austria for a long time, he added, without specifying how long.</p>
<p>&quot;Some 60,000 foreigners who live here legally but have no job permits will get access step by step to the job market. But foreigners will only be employed when no Austrians can be found to fill the vacancies,&quot; said Schloegl.</p>
<p>Far-right Freedom Party leader Joerg Haider, who has pressed for years for curbs on immigration, described the proposals as &quot;misleading packaging&quot;.</p>
<p>Haider demands an immediate halt to all immigration and the forced repatriation of unemployed foreigners who have lived in the country for less than three years.</p>
<p>State benefit to jobless foreigners costs Austria 780 million schillings ($65 million) annually, he claims.</p>
<p>Haider told a news conference on Thursday that foreigners should be sent home with the help of state loans which they would then have to repay.</p>
</text>
<copyright>(c) Reuters Limited 1997</copyright>
<metadata>
<codes class="bip:countries:1.0">
  <code code="AUST">
    <editdetail attribution="Reuters BIP Coding Group" action="confirmed" date="1997-03-13"/>
  </code>
</codes>
<codes class="bip:topics:1.0">
  <code code="GCAT">
    <editdetail attribution="Reuters BIP Coding Group" action="confirmed" date="1997-03-13"/>
  </code>
  <code code="GDIP">
    <editdetail attribution="Reuters BIP Coding Group" action="confirmed" date="1997-03-13"/>
  </code>
  <code code="GPOL">
    <editdetail attribution="Reuters BIP Coding Group" action="confirmed" date="1997-03-13"/>
  </code>
</codes>
<dc element="dc.date.created" value="1997-03-13"/>
<dc element="dc.publisher" value="Reuters Holdings Plc"/>
<dc element="dc.date.published" value="1997-03-13"/>
<dc element="dc.source" value="Reuters"/>
<dc element="dc.creator.location" value="VIENNA"/>
<dc element="dc.creator.location.country.name" value="AUSTRIA"/>
<dc element="dc.source" value="Reuters"/>
</metadata>
</newsitem>
