<?xml version="1.0" encoding="iso-8859-1" ?>
<newsitem itemid="406199" id="root" date="1997-03-13" xml:lang="en">
<title>SWEDEN: Swedish PM not calmed by de Silguy's tax statement.</title>
<headline>Swedish PM not calmed by de Silguy's tax statement.</headline>
<dateline>STOCKHOLM 1997-03-13</dateline>
<text>
<p>Swedish Prime Minister Goran Persson said on Thursday that he remained wary of possible EU moves to harmonise taxes despite assurances from European Economic Affairs Commissioner Yves Thibault de Silguy.</p>
<p>&quot;I don't know if I am calmer,&quot; Prime Minister Goran Persson told reporters. &quot;A few weeks ago, he made a statement to the contrary. We do not know where the discussion will end.&quot;</p>
<p>&quot;There is no tax or social precondition attached to EMU,&quot; de Silguy told Swedish journalists in Brussels on Thursday ahead of a visit on Friday to Stockholm.</p>
<p>Persson said that the statement was good, although he would like to see harmonised taxes on capital as there were &quot;free-riders,&quot; in some countries ayt the moment.</p>
<p>De Silguy also said that no EU member country could be forced to join Europe's economic and monetary union (EMU), a position which Sweden's minority Social Democratic government has said all along.</p>
<p>&quot;He has apparently sided with the general opinion,&quot; Persson said. &quot;You cannot force a country into a monetary union.&quot; -- Barbara Taltavull, Stockholm newsroom +46-8-700 1017</p>
</text>
<copyright>(c) Reuters Limited 1997</copyright>
<metadata>
<codes class="bip:countries:1.0">
  <code code="EEC">
    <editdetail attribution="Reuters BIP Coding Group" action="confirmed" date="1997-03-13"/>
  </code>
  <code code="SWED">
    <editdetail attribution="Reuters BIP Coding Group" action="confirmed" date="1997-03-13"/>
  </code>
</codes>
<codes class="bip:topics:1.0">
  <code code="E21">
    <editdetail attribution="Reuters BIP Coding Group" action="confirmed" date="1997-03-13"/>
  </code>
  <code code="E211">
    <editdetail attribution="Reuters BIP Coding Group" action="confirmed" date="1997-03-13"/>
  </code>
  <code code="ECAT">
    <editdetail attribution="Reuters BIP Coding Group" action="confirmed" date="1997-03-13"/>
  </code>
  <code code="G15">
    <editdetail attribution="Reuters BIP Coding Group" action="confirmed" date="1997-03-13"/>
  </code>
  <code code="G154">
    <editdetail attribution="Reuters BIP Coding Group" action="confirmed" date="1997-03-13"/>
  </code>
  <code code="GCAT">
    <editdetail attribution="Reuters BIP Coding Group" action="confirmed" date="1997-03-13"/>
  </code>
  <code code="GPOL">
    <editdetail attribution="Reuters BIP Coding Group" action="confirmed" date="1997-03-13"/>
  </code>
</codes>
<dc element="dc.date.created" value="1997-03-13"/>
<dc element="dc.publisher" value="Reuters Holdings Plc"/>
<dc element="dc.date.published" value="1997-03-13"/>
<dc element="dc.source" value="Reuters"/>
<dc element="dc.creator.location" value="STOCKHOLM"/>
<dc element="dc.creator.location.country.name" value="SWEDEN"/>
<dc element="dc.source" value="Reuters"/>
</metadata>
</newsitem>
