<?xml version="1.0" encoding="iso-8859-1" ?>
<newsitem itemid="406187" id="root" date="1997-03-13" xml:lang="en">
<title>PORTUGAL: Portugal Feb inflation to be published Friday.</title>
<headline>Portugal Feb inflation to be published Friday.</headline>
<dateline>LISBON 1997-03-13</dateline>
<text>
<p>Portugal's National Statistics Institute (INE) is expected to publish February consumer prices data on Friday, an official source of INE said. -- Lisbon newsroom +(351-1) 3538254</p>
</text>
<copyright>(c) Reuters Limited 1997</copyright>
<metadata>
<codes class="bip:countries:1.0">
  <code code="PORL">
    <editdetail attribution="Reuters BIP Coding Group" action="confirmed" date="1997-03-13"/>
  </code>
</codes>
<codes class="bip:topics:1.0">
  <code code="E13">
    <editdetail attribution="Reuters BIP Coding Group" action="confirmed" date="1997-03-13"/>
  </code>
  <code code="E131">
    <editdetail attribution="Reuters BIP Coding Group" action="confirmed" date="1997-03-13"/>
  </code>
  <code code="ECAT">
    <editdetail attribution="Reuters BIP Coding Group" action="confirmed" date="1997-03-13"/>
  </code>
</codes>
<dc element="dc.date.created" value="1997-03-13"/>
<dc element="dc.publisher" value="Reuters Holdings Plc"/>
<dc element="dc.date.published" value="1997-03-13"/>
<dc element="dc.source" value="Reuters"/>
<dc element="dc.creator.location" value="LISBON"/>
<dc element="dc.creator.location.country.name" value="PORTUGAL"/>
<dc element="dc.source" value="Reuters"/>
</metadata>
</newsitem>
