<?xml version="1.0" encoding="iso-8859-1" ?>
<newsitem itemid="406196" id="root" date="1997-03-13" xml:lang="en">
<title>ITALY: Italian coalition breaks stalemate over jobs law.</title>
<headline>Italian coalition breaks stalemate over jobs law.</headline>
<byline>Crispian Balmer</byline>
<dateline>ROME 1997-03-13</dateline>
<text>
<p>Italy's centre-left government struck a deal on Thursday with parliamentary ally Communist Refoundation over disputed employment issues, easing tensions within the troubled coalition.</p>
<p>Deputy Prime Minister Walter Veltroni told reporters that the accord, reached after a four hour meeting between the heads of coalition parties and Refoundation leader Fausto Bertinotti, had strengthened the 10-month-old government.</p>
<p>&quot;There is political solidarity in the (parliamentary) majority and this coalition confirms that it intends to last for the entire legislature,&quot; Veltroni said.</p>
<p>Bertinotti said the deal meant that 100,000 new jobs would be created for young people in the underdeveloped south.</p>
<p>&quot;The stalemate and division that had arisen within the majority has been unblocked,&quot; Bertinotti said in a statement. &quot;The problem of employment is so dramatic that we need to do something constructive immediately. This we can now do.&quot;</p>
<p>Refoundation, which holds the balance of power in the lower house of parliament, infuriated coalition parties this week by threatening to scupper a new jobs initiative being prepared by Prime Minister Romano Prodi's cabinet.</p>
<p>The argument was the latest in a series of flare-ups with Refoundation, leaving some coalition allies to privately question whether they should continue to court the support of the small, hardline party.</p>
<p>The leader of the centre-right opposition, former prime minister Silvio Berlusconi, said on Thursday the government looked secure, despite the bickering.</p>
<p>&quot;The forces of the left might argue, but they will never let this coalition fall,&quot; Berlusconi told reporters.</p>
<p>He added that Prodi's government was at more risk from centrist parties within the coalition. &quot;It could fall if moderates understand that they are distancing themselves from their principles and from their electorate,&quot; he said.</p>
<p>A senior politician from the government told Reuters this week that some coalition partners wanted to ditch Refoundation and link up with centrist parties in the Berlusconi bloc.</p>
<p>&quot;Unfortunately we are far from reaching that sort of deal. There is no alternative to the current set-up,&quot; he said, declining to be named.</p>
<p>Prodi still faces the difficult task of persuading Bertinotti to accept a further dose of tough budgetary medicine needed to give Italy a chance of becoming a founding member of planned European economic and monetary union (EMU).</p>
<p>Refoundation has already said it will block any cuts to welfare spending or fresh tax hikes, raising the threat of another clash with Prodi.</p>
<p>Nonetheless, Thursday's accord should help clear the air for a while. Under the terms of the deal, the government said it would release funds for jobs creation schemes in the south, but refused to drop plans to encourage new temporary work contracts.</p>
<p>According to latest data some 12.2 percent of the Italian workforce is without a job, and unions have accused the government of dragging its feet over the problem.</p>
<p>Labour Minister Tiziano Treu introduced an employment bill to parliament earlier this month, which includes provisions aimed at cutting the working week, introducing more flexible work contracts and boosting apprenticeship schemes.</p>
</text>
<copyright>(c) Reuters Limited 1997</copyright>
<metadata>
<codes class="bip:countries:1.0">
  <code code="ITALY">
    <editdetail attribution="Reuters BIP Coding Group" action="confirmed" date="1997-03-13"/>
  </code>
</codes>
<codes class="bip:topics:1.0">
  <code code="E12">
    <editdetail attribution="Reuters BIP Coding Group" action="confirmed" date="1997-03-13"/>
  </code>
  <code code="E41">
    <editdetail attribution="Reuters BIP Coding Group" action="confirmed" date="1997-03-13"/>
  </code>
  <code code="ECAT">
    <editdetail attribution="Reuters BIP Coding Group" action="confirmed" date="1997-03-13"/>
  </code>
  <code code="GCAT">
    <editdetail attribution="Reuters BIP Coding Group" action="confirmed" date="1997-03-13"/>
  </code>
  <code code="GJOB">
    <editdetail attribution="Reuters BIP Coding Group" action="confirmed" date="1997-03-13"/>
  </code>
  <code code="GPOL">
    <editdetail attribution="Reuters BIP Coding Group" action="confirmed" date="1997-03-13"/>
  </code>
</codes>
<dc element="dc.date.created" value="1997-03-13"/>
<dc element="dc.publisher" value="Reuters Holdings Plc"/>
<dc element="dc.date.published" value="1997-03-13"/>
<dc element="dc.source" value="Reuters"/>
<dc element="dc.creator.location" value="ROME"/>
<dc element="dc.creator.location.country.name" value="ITALY"/>
<dc element="dc.source" value="Reuters"/>
</metadata>
</newsitem>
