<?xml version="1.0" encoding="iso-8859-1" ?>
<newsitem itemid="406197" id="root" date="1997-03-13" xml:lang="en">
<title>BELGIUM: Big Belgian bank merger seen only matter of time.</title>
<headline>Big Belgian bank merger seen only matter of time.</headline>
<byline>Paul de Bendern</byline>
<dateline>BRUSSELS 1997-03-13</dateline>
<text>
<p>The Belgian banking sector is moving inexorably towards concentration in the run-up to European economic and monetary union (EMU), analysts and top industry executives said on Thursday.</p>
<p>&quot;(In Belgium) there are too many banks and none which can compete on a European level. If we can merge two to get a big bank at a European level it makes a lot of sense,&quot; Jean-Pierre Gerard, Chief Executive Officer of Belgian insurance company Royale Belge, told a news conference on its results.</p>
<p>Merger speculation has long centred on Belgium's biggest bank Generale Bank and number four Banque Bruxelles Lambert (BBL). At earnings news conferences this week, the banks' chiefs did not completely rule out the idea of a &quot;Big Belgian Bank&quot;.</p>
<p>The number two Dexia CC already has a cross border link with Credit Local de France and the number three Kredietbank reiterated on Thursday it was happy on its own.</p>
<p>It also denied market talk that it was in merger talks with French Credit Commercial de France, adding that both banks had been &quot;good friends&quot; for many years.</p>
<p>Asked about the possibility that Generale Bank and BBL could merge, Kredietbank Chief Executive Officer Marcel Cockaerts said: &quot;We would have no problem with a 'Big Belgian Bank'. We will be happy to be the 'Fast Other Bank'.&quot;</p>
<p>Analysts said what is driving the urge to get together is the need for economies of scale, particularly on the run up to the introduction of a single European currency in 1999, the cost of which is forecast to be huge.</p>
<p>In January Etienne Davignon, chairman of Societe Generale de Belgique (SGB), Generale bank's parent, said a merger with BBL was still an attractive business proposition despite the fact a similar move was blocked last year by BBL shareholder ING.</p>
<p>A Brussels-based foreign banker later drew attention to the need for concentration by saying Belgium needed European-sized banks with assets of at least $500 billion. All four top Belgian banks would have to link up to create a bank of that size.</p>
<p>Gerard said Royale Belge, which owns around 12.4 percent of BBL, also supported the idea of a large merger in the Belgian banking sector, but did not know if it would come about.</p>
<p>The renewed merger talk has sparked a wave of buying of top bank shares. Generale Bank shares dropped 175 francs to 13,525 on Thursday, but dealers said the mark-down represented a bout of profit-taking rather than a reversal of views on the sector. BBL ended down 20 francs at 8,340 francs.</p>
<p>&quot;The banks which have the most to benefit from the speculation are coming back a bit. It's not because of denials or because the market is disappointed that nothing has been announced yet,&quot; said an analyst at brokerage Petercam.</p>
<p>There were very few sellers of bank shares. &quot;Investors who are convinced of the (merger) story wouldn't sell now,&quot; he said.</p>
<p>Dealers said bank shares were not overvalued. Generale Bank and BBL, which have seen rises of almost 14 percent since the end of February, were not likely to suffer dramatic falls.</p>
<p>Some analysts said however a merger could be costly and it would be difficult to blend two long-standing rivals such as Generale Bank and BBL.</p>
<p>Dealers said that if a merger was on the cards it would not be announced soon because of unrest in Belgium over job losses and the inevitability that such a merger would force layoffs.</p>
<p>&quot;It would take a very long time to integrate two different institutions and only show profitability in the medium to long term,&quot; said the Petercam analyst.</p>
<p>Belgian media have speculated that Belgian financier Albert Frere is a driving force behind a Generale/BBL merger.</p>
<p>Frere, who controls Groupe Bruxelles Lambert (GBL), BBL's parent company, recently bought into the capital of Cie de Suez, the French group which controls Societe Generale de Belgique.</p>
<p>A merger between BBL and Generale would enable Frere to cash in on his BBL shares.</p>
<p>-- Brussels Newsroom +32 2 287 6810, Fax +32 2 230 7710</p>
</text>
<copyright>(c) Reuters Limited 1997</copyright>
<metadata>
<codes class="bip:countries:1.0">
  <code code="BELG">
    <editdetail attribution="Reuters BIP Coding Group" action="confirmed" date="1997-03-13"/>
  </code>
</codes>
<codes class="bip:industries:1.0">
  <code code="I81402">
    <editdetail attribution="Reuters BIP Coding Group" action="confirmed" date="1997-03-13"/>
  </code>
  <code code="I81501">
    <editdetail attribution="Reuters BIP Coding Group" action="confirmed" date="1997-03-13"/>
  </code>
  <code code="I8150106">
    <editdetail attribution="Reuters BIP Coding Group" action="confirmed" date="1997-03-13"/>
  </code>
  <code code="I82001">
    <editdetail attribution="Reuters BIP Coding Group" action="confirmed" date="1997-03-13"/>
  </code>
  <code code="I83960">
    <editdetail attribution="Reuters BIP Coding Group" action="confirmed" date="1997-03-13"/>
  </code>
</codes>
<codes class="bip:topics:1.0">
  <code code="C15">
    <editdetail attribution="Reuters BIP Coding Group" action="confirmed" date="1997-03-13"/>
  </code>
  <code code="C152">
    <editdetail attribution="Reuters BIP Coding Group" action="confirmed" date="1997-03-13"/>
  </code>
  <code code="C18">
    <editdetail attribution="Reuters BIP Coding Group" action="confirmed" date="1997-03-13"/>
  </code>
  <code code="C181">
    <editdetail attribution="Reuters BIP Coding Group" action="confirmed" date="1997-03-13"/>
  </code>
  <code code="CCAT">
    <editdetail attribution="Reuters BIP Coding Group" action="confirmed" date="1997-03-13"/>
  </code>
</codes>
<dc element="dc.date.created" value="1997-03-13"/>
<dc element="dc.publisher" value="Reuters Holdings Plc"/>
<dc element="dc.date.published" value="1997-03-13"/>
<dc element="dc.source" value="Reuters"/>
<dc element="dc.creator.location" value="BRUSSELS"/>
<dc element="dc.creator.location.country.name" value="BELGIUM"/>
<dc element="dc.source" value="Reuters"/>
</metadata>
</newsitem>
