<?xml version="1.0" encoding="iso-8859-1" ?>
<newsitem itemid="406189" id="root" date="1997-03-13" xml:lang="en">
<title>FRANCE: Protesters attack French far-right book stand.</title>
<headline>Protesters attack French far-right book stand.</headline>
<dateline>PARIS 1997-03-13</dateline>
<text>
<p>Unidentified protesters ransacked a book stall displaying literature by France's extreme-right National Front party at the Paris Book Fair on Thursday, police said.</p>
<p>A police spokeswoman said about 20 people were involved in the attack. No one immediately claimed responsibility and there were no arrests.</p>
<p>Sophie Brissaud, a spokeswoman for the anti-immigration party's leader Jean-Marie Le Pen, told Reuters: &quot;Our representatives were attacked. The stand was ransacked.&quot;</p>
<p>In a statement, the party called the attack &quot;deliberate and scandalous&quot; and said it had caused unspecified injuries.</p>
<p>The annual book fair, one of Europe's biggest, opened on Wednesday and runs until March 17.</p>
<p>The newspaper Le Monde reported that other publishers exhibiting at the show had circulated petitions protesting against the presence of the National Front's booth, but stopped short of calling for it to be shut down.</p>
<p>The ransacked booth was displaying books and pamphlets written by National Front party leaders and supporters.</p>
</text>
<copyright>(c) Reuters Limited 1997</copyright>
<metadata>
<codes class="bip:countries:1.0">
  <code code="FRA">
    <editdetail attribution="Reuters BIP Coding Group" action="confirmed" date="1997-03-13"/>
  </code>
</codes>
<codes class="bip:topics:1.0">
  <code code="GCAT">
    <editdetail attribution="Reuters BIP Coding Group" action="confirmed" date="1997-03-13"/>
  </code>
  <code code="GPOL">
    <editdetail attribution="Reuters BIP Coding Group" action="confirmed" date="1997-03-13"/>
  </code>
  <code code="GVIO">
    <editdetail attribution="Reuters BIP Coding Group" action="confirmed" date="1997-03-13"/>
  </code>
</codes>
<dc element="dc.date.created" value="1997-03-13"/>
<dc element="dc.publisher" value="Reuters Holdings Plc"/>
<dc element="dc.date.published" value="1997-03-13"/>
<dc element="dc.source" value="Reuters"/>
<dc element="dc.creator.location" value="PARIS"/>
<dc element="dc.creator.location.country.name" value="FRANCE"/>
<dc element="dc.source" value="Reuters"/>
</metadata>
</newsitem>
