<?xml version="1.0" encoding="iso-8859-1" ?>
<newsitem itemid="406206" id="root" date="1997-03-13" xml:lang="en">
<title>FRANCE: Euro-MPs endorse EU aid for population programmes.</title>
<headline>Euro-MPs endorse EU aid for population programmes.</headline>
<dateline>STRASBOURG 1997-03-13</dateline>
<text>
<p>The European Parliament on Thursday approved European Union plans to support population programmes in the developing countries -- COM(95)295.</p>
<p>Euro-MPs endorsed the provisional decision of EU development ministers to provide 300 million Ecus for population programmes between now and the year 2000.</p>
<p>The world's poorest countries will be the main beneficiaries of the aid, which will concentrate on educating people about birth control and provide propoer health care.</p>
<p>Euro-MPs have insisted EU money should only support countries which allow people free choice over the number of children they have.</p>
</text>
<copyright>(c) Reuters Limited 1997</copyright>
<metadata>
<codes class="bip:countries:1.0">
  <code code="DEVGCO">
    <editdetail attribution="Reuters BIP Coding Group" action="confirmed" date="1997-03-13"/>
  </code>
  <code code="EEC">
    <editdetail attribution="Reuters BIP Coding Group" action="confirmed" date="1997-03-13"/>
  </code>
</codes>
<codes class="bip:topics:1.0">
  <code code="G15">
    <editdetail attribution="Reuters BIP Coding Group" action="confirmed" date="1997-03-13"/>
  </code>
  <code code="G158">
    <editdetail attribution="Reuters BIP Coding Group" action="confirmed" date="1997-03-13"/>
  </code>
  <code code="GCAT">
    <editdetail attribution="Reuters BIP Coding Group" action="confirmed" date="1997-03-13"/>
  </code>
  <code code="GDIP">
    <editdetail attribution="Reuters BIP Coding Group" action="confirmed" date="1997-03-13"/>
  </code>
</codes>
<dc element="dc.date.created" value="1997-03-13"/>
<dc element="dc.publisher" value="Reuters Holdings Plc"/>
<dc element="dc.date.published" value="1997-03-13"/>
<dc element="dc.source" value="Reuters"/>
<dc element="dc.creator.location" value="STRASBOURG"/>
<dc element="dc.creator.location.country.name" value="FRANCE"/>
<dc element="dc.source" value="Reuters"/>
</metadata>
</newsitem>
