<?xml version="1.0" encoding="iso-8859-1" ?>
<newsitem itemid="406204" id="root" date="1997-03-13" xml:lang="en">
<title>ITALY: Albanian patrol boats, helicopters flee to Italy.</title>
<headline>Albanian patrol boats, helicopters flee to Italy.</headline>
<byline>Philip Pullella</byline>
<dateline>ROME 1997-03-13</dateline>
<text>
<p>At least two Albanian military helicopters and three torpedo boats were taken to Italy on Thursday, apparently by deserting crews fleeing the Balkan country's slid into anarchy.</p>
<p>The escapes took place as Prime Minister Romano Prodi held an emergency meeting with his defence, interior and foreign ministers to discuss the crisis engulfing Albania, a short distance across the Adriatic from Italy.</p>
<p>Italy also carried out the latest in a series of dramatic evacuations from Albania, rescuing some 400 foreign nationals with helicopters that were ferrying them to Italian warships in the Adriatic.</p>
<p>Diplomatic sources said the evacuees included about 330 Italians and some 70 other foreigners.</p>
<p>In Brindisi, two Albanian air force helicopters with several people on board landed near the southeastern port city, the city's prefect, Andrea Gentile, told Reuters.</p>
<p>The Italian news agency ANSA said a total of 16 people were on the two aircraft, including women and at least one child.</p>
<p>Military sources in Rome said four more helicopters had been sighted heading for southern Italy's Puglia region. &quot;We are monitoring their route,&quot; one source said.</p>
<p>Earlier, the Italian navy said three Albanian torpedo boats had deserted in international waters where they raised the white flag of surrender after being sighted by an Italian frigate.</p>
<p>Two of the three boats, all ageing Chinese-built Huchuan class vessels, were being led under escort to Brindisi and the third had entered the port of Bari, the navy said.</p>
<p>A merchant ship that had been seized in the port of Durres with scores of Albanians on board was also heading for Brindisi under an Italian navy escort, coastguards said.</p>
<p>The Albanians aboard that vessel were believed to be armed.</p>
<p>The Italian ferry Palladio left Albania earlier than scheduled on Thursday after order broke down in Durres. The ferry was due to arrive at the port of Bari on Thursday night with about 60 people on board.</p>
<p>Unconfirmed reports said a number of small boats were also on their way across the southern Adriatic with Albanians desperate to escape the chaos in their impoverished country.</p>
<p>Last week, an Albanian military plane landed in southern Italy and its two pilots asked for political asylum.</p>
<p>Italy, which has taken an active role in international efforts to end Albania's deepening chaos, was hit by a wave of some 40,000 Albanians who fled in rusting freighters in 1991 after iron-fisted Stalinist rule collapsed in their country.</p>
<p>It has beefed up security in the southern Adriatic as a result of the latest unrest, sparked by the collapse of pyramid investment schemes in which tens of thousands of Albanians lost their savings.</p>
<p>Albania slid further towards chaos on Thursday as arms depots in several towns including the capital Tirana were looted and people used the weapons to raid food warehouses for emergency stockpiles.</p>
</text>
<copyright>(c) Reuters Limited 1997</copyright>
<metadata>
<codes class="bip:countries:1.0">
  <code code="ALB">
    <editdetail attribution="Reuters BIP Coding Group" action="confirmed" date="1997-03-13"/>
  </code>
  <code code="ITALY">
    <editdetail attribution="Reuters BIP Coding Group" action="confirmed" date="1997-03-13"/>
  </code>
</codes>
<codes class="bip:topics:1.0">
  <code code="GCAT">
    <editdetail attribution="Reuters BIP Coding Group" action="confirmed" date="1997-03-13"/>
  </code>
  <code code="GDIP">
    <editdetail attribution="Reuters BIP Coding Group" action="confirmed" date="1997-03-13"/>
  </code>
  <code code="GVIO">
    <editdetail attribution="Reuters BIP Coding Group" action="confirmed" date="1997-03-13"/>
  </code>
</codes>
<dc element="dc.date.created" value="1997-03-13"/>
<dc element="dc.publisher" value="Reuters Holdings Plc"/>
<dc element="dc.date.published" value="1997-03-13"/>
<dc element="dc.source" value="Reuters"/>
<dc element="dc.creator.location" value="ROME"/>
<dc element="dc.creator.location.country.name" value="ITALY"/>
<dc element="dc.source" value="Reuters"/>
</metadata>
</newsitem>
