<?xml version="1.0" encoding="iso-8859-1" ?>
<newsitem itemid="406207" id="root" date="1997-03-13" xml:lang="en">
<title>FRANCE: EP welcomes EU aid to combat drugs in third world.</title>
<headline>EP welcomes EU aid to combat drugs in third world.</headline>
<dateline>STRASBOURG 1997-03-13</dateline>
<text>
<p>The European Parliament on Thursday approved a new European Union programme designed to help developing countries combat drug abuse -- COM(95)296.</p>
<p>Fighting drugs would only be effective if its main root cause -- abject poverty -- was tackled first, Euro-MPs stressed in a report drafted by German Christian Democrat Peter Liese.</p>
<p>The report urged the EU to help provide people in developing countries with legal alternatives to the cultivation of lucrative drug crops.</p>
<p>It should only support projects where respect for human rights is agreed, parliament said.</p>
</text>
<copyright>(c) Reuters Limited 1997</copyright>
<metadata>
<codes class="bip:countries:1.0">
  <code code="DEVGCO">
    <editdetail attribution="Reuters BIP Coding Group" action="confirmed" date="1997-03-13"/>
  </code>
  <code code="EEC">
    <editdetail attribution="Reuters BIP Coding Group" action="confirmed" date="1997-03-13"/>
  </code>
  <code code="GFR">
    <editdetail attribution="Reuters BIP Coding Group" action="confirmed" date="1997-03-13"/>
  </code>
</codes>
<codes class="bip:topics:1.0">
  <code code="G15">
    <editdetail attribution="Reuters BIP Coding Group" action="confirmed" date="1997-03-13"/>
  </code>
  <code code="G158">
    <editdetail attribution="Reuters BIP Coding Group" action="confirmed" date="1997-03-13"/>
  </code>
  <code code="GCAT">
    <editdetail attribution="Reuters BIP Coding Group" action="confirmed" date="1997-03-13"/>
  </code>
  <code code="GCRIM">
    <editdetail attribution="Reuters BIP Coding Group" action="confirmed" date="1997-03-13"/>
  </code>
  <code code="GDIP">
    <editdetail attribution="Reuters BIP Coding Group" action="confirmed" date="1997-03-13"/>
  </code>
</codes>
<dc element="dc.date.created" value="1997-03-13"/>
<dc element="dc.publisher" value="Reuters Holdings Plc"/>
<dc element="dc.date.published" value="1997-03-13"/>
<dc element="dc.source" value="Reuters"/>
<dc element="dc.creator.location" value="STRASBOURG"/>
<dc element="dc.creator.location.country.name" value="FRANCE"/>
<dc element="dc.source" value="Reuters"/>
</metadata>
</newsitem>
