<?xml version="1.0" encoding="iso-8859-1" ?>
<newsitem itemid="406202" id="root" date="1997-03-13" xml:lang="en">
<title>ITALY: Bank of Italy sets 3.0 billion mark repo tender.</title>
<headline>Bank of Italy sets 3.0 billion mark repo tender.</headline>
<dateline>ROME 1997-03-13</dateline>
<text>
<p>The Bank of Italy set a 3.0 billion mark repurchase tender for March 18 for resale on April 18.</p>
<p>The operation renews an expiring repo for the same amount.</p>
<p>The auction will be held tomorrow and the results will be announced soon afterwards.</p>
<p>The Bank said the lira/mark rate on which the tender will be based will be announced tomorrow morning.</p>
</text>
<copyright>(c) Reuters Limited 1997</copyright>
<metadata>
<codes class="bip:countries:1.0">
  <code code="ITALY">
    <editdetail attribution="Reuters BIP Coding Group" action="confirmed" date="1997-03-13"/>
  </code>
</codes>
<codes class="bip:topics:1.0">
  <code code="M13">
    <editdetail attribution="Reuters BIP Coding Group" action="confirmed" date="1997-03-13"/>
  </code>
  <code code="M131">
    <editdetail attribution="Reuters BIP Coding Group" action="confirmed" date="1997-03-13"/>
  </code>
  <code code="MCAT">
    <editdetail attribution="Reuters BIP Coding Group" action="confirmed" date="1997-03-13"/>
  </code>
</codes>
<dc element="dc.date.created" value="1997-03-13"/>
<dc element="dc.publisher" value="Reuters Holdings Plc"/>
<dc element="dc.date.published" value="1997-03-13"/>
<dc element="dc.source" value="Reuters"/>
<dc element="dc.creator.location" value="ROME"/>
<dc element="dc.creator.location.country.name" value="ITALY"/>
<dc element="dc.source" value="Reuters"/>
</metadata>
</newsitem>
