<?xml version="1.0" encoding="iso-8859-1" ?>
<newsitem itemid="406210" id="root" date="1997-03-13" xml:lang="en">
<title>BELGIUM: EU cool on French Zaire request.</title>
<headline>EU cool on French Zaire request.</headline>
<dateline>BRUSSELS 1997-03-13</dateline>
<text>
<p>French pleas to its European Union partners to support sending a security force to Zaire got a cool reception on Thursday, EU diplomats said.</p>
<p>&quot;France asked its European partners if they could support its ideas,&quot; one diplomat said. &quot;There was no response, except for a negative one from Britain.&quot;</p>
<p>The refusal of Britain, together with France the only permanent European member of the United Nations Security Council, effectively blocked the French move at a Brussels meeting of high-level officials from the 15-nation bloc.</p>
<p>Another proposal, presented at the EU meeting by Belgium, for EU countries to show restraint in delivering arms to the warring parties received a warmer reception, the diplomat said.</p>
<p>But Britain had insisted on the right of Rwanda and Burundi to self-defence, the diplomat said.</p>
<p>France called on the international community on Thursday to consider setting up a &quot;security framework&quot; for Zaire in which it would participate.</p>
<p>Paris said on Wednesday it would ask its European partners to get involved in creating an airlift of humanitarian supplies to Kisangani and eastern Zaire.</p>
<p>The &quot;security framework&quot; would protect delivery of the supplies in areas threatened by the advance of Tutsi-led rebels against government forces.</p>
</text>
<copyright>(c) Reuters Limited 1997</copyright>
<metadata>
<codes class="bip:countries:1.0">
  <code code="EEC">
    <editdetail attribution="Reuters BIP Coding Group" action="confirmed" date="1997-03-13"/>
  </code>
  <code code="FRA">
    <editdetail attribution="Reuters BIP Coding Group" action="confirmed" date="1997-03-13"/>
  </code>
  <code code="ZAIRE">
    <editdetail attribution="Reuters BIP Coding Group" action="confirmed" date="1997-03-13"/>
  </code>
</codes>
<codes class="bip:topics:1.0">
  <code code="G15">
    <editdetail attribution="Reuters BIP Coding Group" action="confirmed" date="1997-03-13"/>
  </code>
  <code code="G158">
    <editdetail attribution="Reuters BIP Coding Group" action="confirmed" date="1997-03-13"/>
  </code>
  <code code="GCAT">
    <editdetail attribution="Reuters BIP Coding Group" action="confirmed" date="1997-03-13"/>
  </code>
  <code code="GDIP">
    <editdetail attribution="Reuters BIP Coding Group" action="confirmed" date="1997-03-13"/>
  </code>
</codes>
<dc element="dc.date.created" value="1997-03-13"/>
<dc element="dc.publisher" value="Reuters Holdings Plc"/>
<dc element="dc.date.published" value="1997-03-13"/>
<dc element="dc.source" value="Reuters"/>
<dc element="dc.creator.location" value="BRUSSELS"/>
<dc element="dc.creator.location.country.name" value="BELGIUM"/>
<dc element="dc.source" value="Reuters"/>
</metadata>
</newsitem>
