<?xml version="1.0" encoding="iso-8859-1" ?>
<newsitem itemid="406200" id="root" date="1997-03-13" xml:lang="en">
<title>FRANCE: Euro-MPs attack Dutch handling of EU treaty reform.</title>
<headline>Euro-MPs attack Dutch handling of EU treaty reform.</headline>
<dateline>STRASBOURG 1997-03-13</dateline>
<text>
<p>The European Parliament on Thursday attacked the Dutch presidency of the European Union for its attitude towards reform of the EU treaty.</p>
<p>As president, the Netherlands is responsible for forging an agreement between the 15 member states, whose inter-governmental conference (IGC) on treaty reform is due to end in June.</p>
<p>In a resolution supported by a large majority of Euro-MPs, the parliament slammed the Dutch for proposing strictly to limit the extension to parliament of greater decision-making powers.</p>
<p>Euro-MPs said they also refused to accept a Dutch proposal to delete references to discrimination on the basis of sexual orientation, handicap and age from a new draft treaty article outlawing discrimination.</p>
<p>The Dutch also came under fire for not including sufficient commitment to equality between the sexes in their draft of the new EU treaty.</p>
<p>Dutch European Affairs Minister Michel Patijn came in for personal criticism from Euro-MPs on Wednesday night for refusing to answer their concerns about the direction the treaty reform was taking.</p>
<p>&quot;I think it's stupid,&quot; Hanja Maij-Weggen, the leader of the Dutch Christian Democrats, told Reuters before a parliamentary debate on the IGC.</p>
<p>Maij-Weggen accused the minister of running away from criticism.</p>
</text>
<copyright>(c) Reuters Limited 1997</copyright>
<metadata>
<codes class="bip:countries:1.0">
  <code code="EEC">
    <editdetail attribution="Reuters BIP Coding Group" action="confirmed" date="1997-03-13"/>
  </code>
  <code code="NETH">
    <editdetail attribution="Reuters BIP Coding Group" action="confirmed" date="1997-03-13"/>
  </code>
</codes>
<codes class="bip:topics:1.0">
  <code code="G15">
    <editdetail attribution="Reuters BIP Coding Group" action="confirmed" date="1997-03-13"/>
  </code>
  <code code="G155">
    <editdetail attribution="Reuters BIP Coding Group" action="confirmed" date="1997-03-13"/>
  </code>
  <code code="GCAT">
    <editdetail attribution="Reuters BIP Coding Group" action="confirmed" date="1997-03-13"/>
  </code>
</codes>
<dc element="dc.date.created" value="1997-03-13"/>
<dc element="dc.publisher" value="Reuters Holdings Plc"/>
<dc element="dc.date.published" value="1997-03-13"/>
<dc element="dc.source" value="Reuters"/>
<dc element="dc.creator.location" value="STRASBOURG"/>
<dc element="dc.creator.location.country.name" value="FRANCE"/>
<dc element="dc.source" value="Reuters"/>
</metadata>
</newsitem>
