<?xml version="1.0" encoding="iso-8859-1" ?>
<newsitem itemid="406201" id="root" date="1997-03-13" xml:lang="en">
<title>BELGIUM: Belgian PM asks Renault to rethink plant closure.</title>
<headline>Belgian PM asks Renault to rethink plant closure.</headline>
<dateline>BRUSSELS 1997-03-13</dateline>
<text>
<p>Belgium on Thursday asked French car maker Renault to rethink its decision to close an assembly plant in Vilvoorde near Brussels, a move which will lead to the loss of over 3,000 jobs.</p>
<p>In a letter to Renault chairman Louis Schweitzer, Belgian Prime Minister Jean-Luc Dehaene said he hoped the Frenchman was considering other solutions, and he pointed to new benefits approved by his government for firms being restructured.</p>
<p>&quot;I draw your attention to measures the Belgian government has just approved which let companies going for restructuring and shorter working hours benefit from a substantial cut in employers' social security charges,&quot; Dehaene said in his letter.</p>
<p>Introducing a 32-hour week at the Vilvoorde plant would save 200 million Belgian francs worth of social charges on an annual basis, he said. This represented a fall of four percent in hourly wage costs.</p>
<p>The Belgian Prime Minister had already condemned the closure plan, and the harsh way it was announced.</p>
<p>Commenting on the closure, Belgian employers have pointed the finger at the country's high labour costs. Between 1987 and 1996 these have risen by 4.2 percent, outpacing neighbouring countries.</p>
<p>Workers from the Vilvoorde plant took part in protests at Renault factories in France on Thursday and earlier this week joined thousands of other European car workers on a march in Paris in protest at the Belgian closure and planned job cuts in France.</p>
</text>
<copyright>(c) Reuters Limited 1997</copyright>
<metadata>
<codes class="bip:countries:1.0">
  <code code="BELG">
    <editdetail attribution="Reuters BIP Coding Group" action="confirmed" date="1997-03-13"/>
  </code>
  <code code="FRA">
    <editdetail attribution="Reuters BIP Coding Group" action="confirmed" date="1997-03-13"/>
  </code>
</codes>
<codes class="bip:industries:1.0">
  <code code="I35101">
    <editdetail attribution="Reuters BIP Coding Group" action="confirmed" date="1997-03-13"/>
  </code>
</codes>
<codes class="bip:topics:1.0">
  <code code="C24">
    <editdetail attribution="Reuters BIP Coding Group" action="confirmed" date="1997-03-13"/>
  </code>
  <code code="CCAT">
    <editdetail attribution="Reuters BIP Coding Group" action="confirmed" date="1997-03-13"/>
  </code>
  <code code="E41">
    <editdetail attribution="Reuters BIP Coding Group" action="confirmed" date="1997-03-13"/>
  </code>
  <code code="ECAT">
    <editdetail attribution="Reuters BIP Coding Group" action="confirmed" date="1997-03-13"/>
  </code>
  <code code="GCAT">
    <editdetail attribution="Reuters BIP Coding Group" action="confirmed" date="1997-03-13"/>
  </code>
  <code code="GJOB">
    <editdetail attribution="Reuters BIP Coding Group" action="confirmed" date="1997-03-13"/>
  </code>
</codes>
<dc element="dc.date.created" value="1997-03-13"/>
<dc element="dc.publisher" value="Reuters Holdings Plc"/>
<dc element="dc.date.published" value="1997-03-13"/>
<dc element="dc.source" value="Reuters"/>
<dc element="dc.creator.location" value="BRUSSELS"/>
<dc element="dc.creator.location.country.name" value="BELGIUM"/>
<dc element="dc.source" value="Reuters"/>
</metadata>
</newsitem>
