<?xml version="1.0" encoding="iso-8859-1" ?>
<newsitem itemid="406208" id="root" date="1997-03-13" xml:lang="en">
<title>GERMANY: Hesse-No EMU for Germany if criteria not met.</title>
<headline>Hesse-No EMU for Germany if criteria not met.</headline>
<dateline>BREMEN, Germany 1997-03-13</dateline>
<text>
<p>Bundesbank council member Helmut Hesse said on Thursday that Germany would not be able to join Europe's planned monetary union should it fail to meet the criteria set down in the Maastricht Treaty.</p>
<p>Hesse also told reporters, after delivering a speech on monetary union, that the current developments in the dollar were merely part of normal fluctuations.  </p>
<p>Hesse-No EMU for Germany if criteria not met=2</p>
<p>Hesse also said he was in favour of a strict interpretation of the Maastricht criteria. The deadline for the start of currency union was January 1 1999, he said, and the treaty did not foresee any delay.</p>
<p>Countries could always make another attempt to join the currency union a year later, he added.</p>
<p>Hesse's comments came as worries persist that Germany might not get its public finances in order to make the grade to launch the euro.</p>
<p>Sources at the European Commission said on Thursday that Germany's government debt would hover just above the 60 percent of GDP reference level set in the Maastricht treaty this year.</p>
<p>The decision on which countries qualify for monetary union will be made in early 1998 on the basis of 1997 data.</p>
<p>--Frankfurt Newsroom, +49 69 756525</p>
</text>
<copyright>(c) Reuters Limited 1997</copyright>
<metadata>
<codes class="bip:countries:1.0">
  <code code="EEC">
    <editdetail attribution="Reuters BIP Coding Group" action="confirmed" date="1997-03-13"/>
  </code>
  <code code="GFR">
    <editdetail attribution="Reuters BIP Coding Group" action="confirmed" date="1997-03-13"/>
  </code>
</codes>
<codes class="bip:topics:1.0">
  <code code="E12">
    <editdetail attribution="Reuters BIP Coding Group" action="confirmed" date="1997-03-13"/>
  </code>
  <code code="ECAT">
    <editdetail attribution="Reuters BIP Coding Group" action="confirmed" date="1997-03-13"/>
  </code>
  <code code="G15">
    <editdetail attribution="Reuters BIP Coding Group" action="confirmed" date="1997-03-13"/>
  </code>
  <code code="G151">
    <editdetail attribution="Reuters BIP Coding Group" action="confirmed" date="1997-03-13"/>
  </code>
  <code code="G154">
    <editdetail attribution="Reuters BIP Coding Group" action="confirmed" date="1997-03-13"/>
  </code>
  <code code="GCAT">
    <editdetail attribution="Reuters BIP Coding Group" action="confirmed" date="1997-03-13"/>
  </code>
</codes>
<dc element="dc.date.created" value="1997-03-13"/>
<dc element="dc.publisher" value="Reuters Holdings Plc"/>
<dc element="dc.date.published" value="1997-03-13"/>
<dc element="dc.source" value="Reuters"/>
<dc element="dc.creator.location" value="BREMEN, Germany"/>
<dc element="dc.creator.location.country.name" value="GERMANY"/>
<dc element="dc.source" value="Reuters"/>
</metadata>
</newsitem>
