<?xml version="1.0" encoding="iso-8859-1" ?>
<newsitem itemid="438384" id="root" date="1997-03-13" xml:lang="en">
<title>CANADA: Canada provincial T-bill auction results - Ontario.</title>
<headline>Canada provincial T-bill auction results - Ontario.</headline>
<text>
<p>DATE  PROV   MAT    C$AMT   AVG   CHG  PRICE    HI    LO</p>
<p>03/13/97  ONT   3-MO   50 MLN   3.03  +3   99.250   3.03  3.03</p>
<p>03/13/97  ONT   6-MO   25 MLN   3.32  +1   98.372   3.32  3.32</p>
<p>03/12/97  QUE   3-MO  150 MLN   3.122  0   99.228   3.12  3.12</p>
<p>03/12/97  QUE   1YR    50 MLN   3.839 +27  96.313   3.83  3.84</p>
<p>03/12/97  NFD   3-MO   30 MLN   3.12   0   99.228   3.12  3.12</p>
<p>03/10/97  MAN   3-MO   25 MLN   3.04  +3   99.248   3.04  3.04</p>
<p>02/26/97  QUE   6-MO   75 MLN   3.313 -5   98.375   3.30  3.32</p>
<p>((Reuters Toronto Bureau (416) 941-8100))</p>
</text>
<copyright>(c) Reuters Limited 1997</copyright>
<metadata>
<codes class="bip:countries:1.0">
  <code code="CANA">
    <editdetail attribution="Reuters BIP Coding Group" action="confirmed" date="1997-03-13"/>
  </code>
</codes>
<codes class="bip:topics:1.0">
  <code code="M13">
    <editdetail attribution="Reuters BIP Coding Group" action="confirmed" date="1997-03-13"/>
  </code>
  <code code="M131">
    <editdetail attribution="Reuters BIP Coding Group" action="confirmed" date="1997-03-13"/>
  </code>
  <code code="MCAT">
    <editdetail attribution="Reuters BIP Coding Group" action="confirmed" date="1997-03-13"/>
  </code>
</codes>
<dc element="dc.publisher" value="Reuters Holdings Plc"/>
<dc element="dc.date.published" value="1997-03-13"/>
<dc element="dc.source" value="Reuters"/>
<dc element="dc.creator.location.country.name" value="CANADA"/>
<dc element="dc.source" value="Reuters"/>
</metadata>
</newsitem>
