<?xml version="1.0" encoding="iso-8859-1" ?>
<newsitem itemid="438396" id="root" date="1997-03-13" xml:lang="en">
<title>USA: CONSENSUS: U.S. corporate earnings surprise data.</title>
<headline>CONSENSUS: U.S. corporate earnings surprise data.</headline>
<text>
<p>Earnings surprise for March 13, provided by Zacks Investment Research. The following companies reported the greatest deviations, above or below analysts' mean estimates, as compiled by Zacks</p>
<p>COMPANY		  ESTIMATE  ACTUAL PCT SURPRISE</p>
<p>TCBY			-0.01    0.01   200.00%</p>
<p>NIAGARA MOHAWK	   0.11    0.23   109.09%</p>
<p>OSHAP TECH		 0.02    0.04   100.00%</p>
<p>BOWNE &amp; CO		 0.31    0.48    54.84%</p>
<p>AMES DEPT		  0.84    1.21    44.05%</p>
<p>CHOCK FULL		 0.13    0.16    23.08%</p>
<p>TEXAS BIOTECH	   -0.23   -0.18    21.74%</p>
<p>LANDS END		  1.02    1.15    12.75%</p>
<p>WILLIAMS-SONOMA	  0.86    0.96    11.63%</p>
<p>BLYTH CITY		 0.35    0.39    11.43%</p>
<p>TVX GOLD		  -0.04   -0.19  -375.00%</p>
<p>HOVNANIAN ENTRP	  0.04   -0.08  -300.00%</p>
<p>CALGENE		   -0.12   -0.21   -75.00%</p>
<p>MAID PLC		  -0.18   -0.21   -16.67%</p>
<p>SCHOLASTIC		-0.24   -0.28   -16.67%</p>
<p>BOMBAY		     0.27    0.23   -14.81%</p>
<p>STARSIGHT		  0.25   -0.26    -4.00%</p>
</text>
<copyright>(c) Reuters Limited 1997</copyright>
<metadata>
<codes class="bip:countries:1.0">
  <code code="USA">
    <editdetail attribution="Reuters BIP Coding Group" action="confirmed" date="1997-03-13"/>
  </code>
</codes>
<codes class="bip:industries:1.0">
  <code code="I21000">
    <editdetail attribution="Reuters BIP Coding Group" action="confirmed" date="1997-03-13"/>
  </code>
  <code code="I25670">
    <editdetail attribution="Reuters BIP Coding Group" action="confirmed" date="1997-03-13"/>
  </code>
  <code code="I25700">
    <editdetail attribution="Reuters BIP Coding Group" action="confirmed" date="1997-03-13"/>
  </code>
  <code code="I33020">
    <editdetail attribution="Reuters BIP Coding Group" action="confirmed" date="1997-03-13"/>
  </code>
  <code code="I3302021">
    <editdetail attribution="Reuters BIP Coding Group" action="confirmed" date="1997-03-13"/>
  </code>
  <code code="I34400">
    <editdetail attribution="Reuters BIP Coding Group" action="confirmed" date="1997-03-13"/>
  </code>
  <code code="I41000">
    <editdetail attribution="Reuters BIP Coding Group" action="confirmed" date="1997-03-13"/>
  </code>
  <code code="I47500">
    <editdetail attribution="Reuters BIP Coding Group" action="confirmed" date="1997-03-13"/>
  </code>
  <code code="I47530">
    <editdetail attribution="Reuters BIP Coding Group" action="confirmed" date="1997-03-13"/>
  </code>
  <code code="I65400">
    <editdetail attribution="Reuters BIP Coding Group" action="confirmed" date="1997-03-13"/>
  </code>
  <code code="I65600">
    <editdetail attribution="Reuters BIP Coding Group" action="confirmed" date="1997-03-13"/>
  </code>
  <code code="I6560002">
    <editdetail attribution="Reuters BIP Coding Group" action="confirmed" date="1997-03-13"/>
  </code>
  <code code="I6560003">
    <editdetail attribution="Reuters BIP Coding Group" action="confirmed" date="1997-03-13"/>
  </code>
  <code code="I66100">
    <editdetail attribution="Reuters BIP Coding Group" action="confirmed" date="1997-03-13"/>
  </code>
  <code code="I83940">
    <editdetail attribution="Reuters BIP Coding Group" action="confirmed" date="1997-03-13"/>
  </code>
  <code code="I85000">
    <editdetail attribution="Reuters BIP Coding Group" action="confirmed" date="1997-03-13"/>
  </code>
</codes>
<codes class="bip:topics:1.0">
  <code code="C15">
    <editdetail attribution="Reuters BIP Coding Group" action="confirmed" date="1997-03-13"/>
  </code>
  <code code="C151">
    <editdetail attribution="Reuters BIP Coding Group" action="confirmed" date="1997-03-13"/>
  </code>
  <code code="C152">
    <editdetail attribution="Reuters BIP Coding Group" action="confirmed" date="1997-03-13"/>
  </code>
  <code code="CCAT">
    <editdetail attribution="Reuters BIP Coding Group" action="confirmed" date="1997-03-13"/>
  </code>
</codes>
<dc element="dc.publisher" value="Reuters Holdings Plc"/>
<dc element="dc.date.published" value="1997-03-13"/>
<dc element="dc.source" value="Reuters"/>
<dc element="dc.creator.location.country.name" value="USA"/>
<dc element="dc.source" value="Reuters"/>
</metadata>
</newsitem>
