<?xml version="1.0" encoding="iso-8859-1" ?>
<newsitem itemid="438395" id="root" date="1997-03-13" xml:lang="en">
<title>CANADA: PolyGram film bid approved in Canada.</title>
<headline>PolyGram film bid approved in Canada.</headline>
<dateline>OTTAWA 1997-03-13</dateline>
<text>
<p>Industry Ministry John Manley announced on Thursday approval of PolyGram NV's application to set up a film subsidiary in Canada, over the objections of those who want to bolster Canada's cultural protectionism.</p>
<p>The new company, PolyGram Filmed Entertainment (PFE) Canada, will operate a fully integrated Canadian film company involving film, video and television production and distribution, a government statement said.</p>
<p>PolyGram NV is 75 percent owned by Philips Electronics NV.  </p>
<p>Manley's spokesman, Bill Milliken, clarified subsequently that PolyGram had failed to win approval to be able to distribute foreign films in Canada directly rather than through intermediaries.</p>
<p>&quot;They are not going to be doing (foreign) film distribution. They're going to be doing film production. They've agreed to abide by the law,&quot; Milliken told Reuters.</p>
<p>&quot;The (film) policy is under review but there was no way it was going to be completed prior to the election, and PolyGram wanted to get on with business, so they said, 'OK, we'll abide by the policy, let's go.'&quot;  </p>
<p>Hollywood distributors that had already been operating in Canada have been allowed, under a &quot;grandfathering policy&quot;, to continue to distribute American films after Ottawa brought in its restrictive policy.</p>
<p>PolyGram had sought but failed to win the same exemption, but will be allowed to set up shop to produce Canadian films.</p>
<p>The government statement said: &quot;The company will comply with the government film distribution policy and has committeed to reinvest C$20 million or 20 percent of its Canadian revenues in film products in Canada over a five-year period.&quot;  </p>
<p>&quot;Most of this commitment will be in activities that will directly develop the Canadian film industry (investing in certified Canadian films, contributing to film festivals, distributing Canadian films abroad, etc.),&quot; the statement added.</p>
<p>&quot;PolyGram has established itself as a good corporate citizen during its 25-year history in the Canadian sound recording industry, developing award-winning artists such as Bryan Adams, Jann Arden, Shania Twain, Ashley MacIsaac and Terri Clark,&quot; Manley said. He added that he expected the new venture would provide new opportunities for jobs and growth.  </p>
<p>The decision appeared to be a victory for Canadian Heritage Minister Sheila Copps, regarded as a &quot;culture hawk&quot; for her strong interest in protecting Canadian culture.</p>
<p>&quot;PolyGram's plan is consistent with Canadian film distribution policy and furthers our objective which is to build a strong and health Canadian film industry,&quot; Copps said.</p>
<p>The separatist Bloc Quebecois, the official opposition in the Canadian Parliament, had urged the government in October to block PolyGram from distributing foreign movies in Canada.</p>
<p>((Randall Palmer, Reuters Ottawa Bureau 613-235-6745))</p>
</text>
<copyright>(c) Reuters Limited 1997</copyright>
<metadata>
<codes class="bip:countries:1.0">
  <code code="CANA">
    <editdetail attribution="Reuters BIP Coding Group" action="confirmed" date="1997-03-13"/>
  </code>
</codes>
<codes class="bip:industries:1.0">
  <code code="I34000">
    <editdetail attribution="Reuters BIP Coding Group" action="confirmed" date="1997-03-13"/>
  </code>
  <code code="I34520">
    <editdetail attribution="Reuters BIP Coding Group" action="confirmed" date="1997-03-13"/>
  </code>
  <code code="I97100">
    <editdetail attribution="Reuters BIP Coding Group" action="confirmed" date="1997-03-13"/>
  </code>
</codes>
<codes class="bip:topics:1.0">
  <code code="C11">
    <editdetail attribution="Reuters BIP Coding Group" action="confirmed" date="1997-03-13"/>
  </code>
  <code code="C13">
    <editdetail attribution="Reuters BIP Coding Group" action="confirmed" date="1997-03-13"/>
  </code>
  <code code="CCAT">
    <editdetail attribution="Reuters BIP Coding Group" action="confirmed" date="1997-03-13"/>
  </code>
</codes>
<dc element="dc.date.created" value="1997-03-13"/>
<dc element="dc.publisher" value="Reuters Holdings Plc"/>
<dc element="dc.date.published" value="1997-03-13"/>
<dc element="dc.source" value="Reuters"/>
<dc element="dc.creator.location" value="OTTAWA"/>
<dc element="dc.creator.location.country.name" value="CANADA"/>
<dc element="dc.source" value="Reuters"/>
</metadata>
</newsitem>
