<?xml version="1.0" encoding="iso-8859-1" ?>
<newsitem itemid="438398" id="root" date="1997-03-13" xml:lang="en">
<title>USA: Federal Reserve report 4 (H.4.1) - March 13.</title>
<headline>Federal Reserve report 4 (H.4.1) - March 13.</headline>
<text>
<p>One week ended March 12 daily avgs-millions</p>
<p> Foreign deposits............176  down.......33</p>
<p> Gold stock...............11,051  .........unch</p>
<p> Custody holdings........644,657  up......1,343</p>
<p> Federal funds rate avg.....5.19  vs.......5.16</p>
<p>Factors on Wednesday, March 12</p>
<p> Bank borrowings..............35  vs.........28</p>
<p> Extended credit.............nil  vs.......unch</p>
<p> Matched sales............13,430  vs.....13,558</p>
<p> Including sales w/cust...13,430  vs.....13,558</p>
<p> Float.......................109  vs......1,338</p>
</text>
<copyright>(c) Reuters Limited 1997</copyright>
<metadata>
<codes class="bip:countries:1.0">
  <code code="USA">
    <editdetail attribution="Reuters BIP Coding Group" action="confirmed" date="1997-03-13"/>
  </code>
</codes>
<codes class="bip:topics:1.0">
  <code code="E12">
    <editdetail attribution="Reuters BIP Coding Group" action="confirmed" date="1997-03-13"/>
  </code>
  <code code="E121">
    <editdetail attribution="Reuters BIP Coding Group" action="confirmed" date="1997-03-13"/>
  </code>
  <code code="ECAT">
    <editdetail attribution="Reuters BIP Coding Group" action="confirmed" date="1997-03-13"/>
  </code>
</codes>
<dc element="dc.publisher" value="Reuters Holdings Plc"/>
<dc element="dc.date.published" value="1997-03-13"/>
<dc element="dc.source" value="Reuters"/>
<dc element="dc.creator.location.country.name" value="USA"/>
<dc element="dc.source" value="Reuters"/>
</metadata>
</newsitem>
