<?xml version="1.0" encoding="iso-8859-1" ?>
<newsitem itemid="438397" id="root" date="1997-03-13" xml:lang="en">
<title>USA: US Treasuries end down, data heighten rate fears.</title>
<headline>US Treasuries end down, data heighten rate fears.</headline>
<text>
<p>*U.S. Treasuries end lower again on fear Fed will hike rates.</p>
<p>*30-yr yield at highest level in nearly six months.</p>
<p>*Increased fears of March 25 Fed tightening led to selloff</p>
<p>*Chicago Fed's Moskow says pre-emptive Fed policy needed.</p>
<p>*Jump in Feb retail sales, fall in claims sparked Fed view</p>
</text>
<copyright>(c) Reuters Limited 1997</copyright>
<metadata>
<codes class="bip:countries:1.0">
  <code code="USA">
    <editdetail attribution="Reuters BIP Coding Group" action="confirmed" date="1997-03-13"/>
  </code>
</codes>
<codes class="bip:topics:1.0">
  <code code="M12">
    <editdetail attribution="Reuters BIP Coding Group" action="confirmed" date="1997-03-13"/>
  </code>
  <code code="MCAT">
    <editdetail attribution="Reuters BIP Coding Group" action="confirmed" date="1997-03-13"/>
  </code>
</codes>
<dc element="dc.publisher" value="Reuters Holdings Plc"/>
<dc element="dc.date.published" value="1997-03-13"/>
<dc element="dc.source" value="Reuters"/>
<dc element="dc.creator.location.country.name" value="USA"/>
<dc element="dc.source" value="Reuters"/>
</metadata>
</newsitem>
