<?xml version="1.0" encoding="iso-8859-1" ?>
<newsitem itemid="438391" id="root" date="1997-03-13" xml:lang="en">
<title>CANADA: IBEX Technologies Inc Q2 loss narrows.</title>
<headline>IBEX Technologies Inc Q2 loss narrows.</headline>
<dateline>MONTREAL 1997-03-13</dateline>
<text>
<p>1996		     1995</p>
<p> Shr  Loss		 C$0.11     Loss	C$0.54</p>
<p> Net  Loss		  1,413     Loss	 4,705</p>
<p> Revs			   209			458</p>
<p>		MONTHS</p>
<p> Shr    Loss	     C$0.20     Loss	C$0.73</p>
<p> Net    Loss		2,494     Loss	 6,064</p>
<p> Revs			   434		    1,120</p>
<p> Avg shrs		  12,645		    9,578</p>
<p>(All data above 000s except per share numbers)</p>
<p>((Reuters Montreal bureau 514-985-2434))</p>
</text>
<copyright>(c) Reuters Limited 1997</copyright>
<metadata>
<codes class="bip:countries:1.0">
  <code code="CANA">
    <editdetail attribution="Reuters BIP Coding Group" action="confirmed" date="1997-03-13"/>
  </code>
</codes>
<codes class="bip:industries:1.0">
  <code code="I25700">
    <editdetail attribution="Reuters BIP Coding Group" action="confirmed" date="1997-03-13"/>
  </code>
</codes>
<codes class="bip:topics:1.0">
  <code code="C15">
    <editdetail attribution="Reuters BIP Coding Group" action="confirmed" date="1997-03-13"/>
  </code>
  <code code="C151">
    <editdetail attribution="Reuters BIP Coding Group" action="confirmed" date="1997-03-13"/>
  </code>
  <code code="CCAT">
    <editdetail attribution="Reuters BIP Coding Group" action="confirmed" date="1997-03-13"/>
  </code>
</codes>
<dc element="dc.date.created" value="1997-03-13"/>
<dc element="dc.publisher" value="Reuters Holdings Plc"/>
<dc element="dc.date.published" value="1997-03-13"/>
<dc element="dc.source" value="Reuters"/>
<dc element="dc.creator.location" value="MONTREAL"/>
<dc element="dc.creator.location.country.name" value="CANADA"/>
<dc element="dc.source" value="Reuters"/>
</metadata>
</newsitem>
