<?xml version="1.0" encoding="iso-8859-1" ?>
<newsitem itemid="438399" id="root" date="1997-03-13" xml:lang="en">
<title>USA: Federal Reserve report 3 (H.4.1) - March 13.</title>
<headline>Federal Reserve report 3 (H.4.1) - March 13.</headline>
<text>
<p>ONE WEEK ENDED March 12 - daily avgs-millions</p>
<p> Govts bought outright....395,326 up......3,211</p>
<p> Govts repurchases..........8,345 down......845</p>
<p> Agencies bought outright...2,011 .........unch</p>
<p> Agencies repurchases.......1,294 down.......66</p>
<p> Acceptances repurchases......nil .........unch</p>
<p> Matched sales.............13,381 vs.....14,835</p>
<p> Matched sales with cust...13,381 vs.....14,835</p>
<p> Other Fed assets..........29,868 up........328</p>
<p> Other Fed liabilities.....14,397 up........244</p>
<p> Other deposits with Fed......408 up.........38</p>
</text>
<copyright>(c) Reuters Limited 1997</copyright>
<metadata>
<codes class="bip:countries:1.0">
  <code code="USA">
    <editdetail attribution="Reuters BIP Coding Group" action="confirmed" date="1997-03-13"/>
  </code>
</codes>
<codes class="bip:topics:1.0">
  <code code="E12">
    <editdetail attribution="Reuters BIP Coding Group" action="confirmed" date="1997-03-13"/>
  </code>
  <code code="E121">
    <editdetail attribution="Reuters BIP Coding Group" action="confirmed" date="1997-03-13"/>
  </code>
  <code code="ECAT">
    <editdetail attribution="Reuters BIP Coding Group" action="confirmed" date="1997-03-13"/>
  </code>
</codes>
<dc element="dc.publisher" value="Reuters Holdings Plc"/>
<dc element="dc.date.published" value="1997-03-13"/>
<dc element="dc.source" value="Reuters"/>
<dc element="dc.creator.location.country.name" value="USA"/>
<dc element="dc.source" value="Reuters"/>
</metadata>
</newsitem>
