<?xml version="1.0" encoding="iso-8859-1" ?>
<newsitem itemid="438390" id="root" date="1997-03-13" xml:lang="en">
<title>CANADA: DBRS confirms Royal Bank of Canada ratings.</title>
<headline>DBRS confirms Royal Bank of Canada ratings.</headline>
<dateline>TORONTO 1997-03-13</dateline>
<text>
<p>Dominion Bond Rating Service said on Thursday it confirmed all ratings on the Royal Bank of Canada with stable trends.</p>
<p>DBRS said it confirmed Royal Bank and Royal Bank Mortgage Corp's deposits and senior debt at AA, Royal Bank's subordinated debt at AA (low), its cumulative preferred shares, series E, at Pfd-1, its non-cumulative preferred shares, series F, G, H, I, J, K, at Pfd-1 (low) and the short-term instruments for Royal Bank and Royal Bank Mortgage at R-1 (middle).  </p>
<p>&quot;Capital ratios as a whole compare well with the peer group,&quot; said the agency.</p>
<p>&quot;Strong earnings were led by non-interest revenue sources, particularly security commissions and mutual funds helped by surging capital markets,&quot; it added.</p>
<p>((Reuters Toronto Bureau (416) 941-8100))</p>
</text>
<copyright>(c) Reuters Limited 1997</copyright>
<metadata>
<codes class="bip:countries:1.0">
  <code code="CANA">
    <editdetail attribution="Reuters BIP Coding Group" action="confirmed" date="1997-03-13"/>
  </code>
</codes>
<codes class="bip:industries:1.0">
  <code code="I81402">
    <editdetail attribution="Reuters BIP Coding Group" action="confirmed" date="1997-03-13"/>
  </code>
</codes>
<codes class="bip:topics:1.0">
  <code code="C17">
    <editdetail attribution="Reuters BIP Coding Group" action="confirmed" date="1997-03-13"/>
  </code>
  <code code="C174">
    <editdetail attribution="Reuters BIP Coding Group" action="confirmed" date="1997-03-13"/>
  </code>
  <code code="CCAT">
    <editdetail attribution="Reuters BIP Coding Group" action="confirmed" date="1997-03-13"/>
  </code>
</codes>
<dc element="dc.date.created" value="1997-03-13"/>
<dc element="dc.publisher" value="Reuters Holdings Plc"/>
<dc element="dc.date.published" value="1997-03-13"/>
<dc element="dc.source" value="Reuters"/>
<dc element="dc.creator.location" value="TORONTO"/>
<dc element="dc.creator.location.country.name" value="CANADA"/>
<dc element="dc.source" value="Reuters"/>
</metadata>
</newsitem>
