<?xml version="1.0" encoding="iso-8859-1" ?>
<newsitem itemid="438383" id="root" date="1997-03-13" xml:lang="en">
<title>EU:  OFFICIAL JOURNAL CONTENTS - OJ C 77 OF MARCH 11, 1997.</title>
<headline>OFFICIAL JOURNAL CONTENTS - OJ C 77 OF MARCH 11, 1997.</headline>
<text>
<p>* Proposal for a European Parliament and Council Directive relating to the quality of petrol and diesel fuels and amending Council Directive 93/12/EEC</p>
<p>Proposal for a European Parliament and Council Directive relating to measures to be taken against air pollution by emissions form motor vehicles and amending Council Directives 70/220/EEc END OF DOCUMENT.</p>
</text>
<copyright>(c) Reuters Limited 1997</copyright>
<metadata>
<codes class="bip:countries:1.0">
  <code code="EEC">
    <editdetail attribution="Reuters BIP Coding Group" action="confirmed" date="1997-03-13"/>
  </code>
</codes>
<codes class="bip:topics:1.0">
  <code code="G15">
    <editdetail attribution="Reuters BIP Coding Group" action="confirmed" date="1997-03-13"/>
  </code>
  <code code="GCAT">
    <editdetail attribution="Reuters BIP Coding Group" action="confirmed" date="1997-03-13"/>
  </code>
</codes>
<dc element="dc.publisher" value="Reuters Holdings Plc"/>
<dc element="dc.date.published" value="1997-03-13"/>
<dc element="dc.source" value="Reuters"/>
<dc element="dc.creator.location.country.name" value="EU"/>
<dc element="dc.source" value="Reuters"/>
</metadata>
</newsitem>
