<?xml version="1.0" encoding="iso-8859-1" ?>
<newsitem itemid="438385" id="root" date="1997-03-13" xml:lang="en">
<title>CANADA: BioChem Pharma falls on Q4 profit results.</title>
<headline>BioChem Pharma falls on Q4 profit results.</headline>
<dateline>MONTREAL 1997-03-13</dateline>
<text>
<p>Shares of BioChem Pharma Inc fell on Thursday on disappointment with the AIDS-drug maker's operating earnings, which were reported on Wednesday, analysts said.</p>
<p>On the Toronto Stock Exchange, BioChem Pharma shares were off C$8.10 to trade at C$70.50 on Thursday afternoon. On the Nasdaq, BioChem was off US$5.50 to trade at US$51.63.</p>
<p>Analysts said that despite surging fourth-quarter net profits on royalties from strong sales of its AIDS drug 3TC, which is marketed as Epivir, the Montreal-based biotechnology company's operating earnings were disappointing.  </p>
<p>On Wednesday, BioChem Pharma reported a fourth-quarter net profit of C$19.9 million or C$0.38 a share, compared with C$3.5 million or C$0.08 a share a year earlier. The net profit in the latest quarter came after a C$2 million tax gain and a C$5.5 million gain on share dilution regarding its holding in North American Vaccine Inc.</p>
<p>On an operating basis, BioChem Pharma earned C$12.2 million in the latest quarter, compared with C$4.9 million a year earlier.</p>
<p>&quot;They earned C$12 million on an operating basis, while we were expecting C$18 million,&quot; said an analyst who declined to be identified.</p>
<p>The analyst said that while BioChem Pharma's operating profits were disappointing, royalties from sales of 3TC, which is licensed exclusively to Glaxo Wellcome Plc, were stronger than expected in the fourth quarter.</p>
<p>Looking ahead, analysts will watch for results expected to be released at a conference in London in April on the clinical testing of BioChem Pharma's lamivudine drug, a different formulation of 3TC for use in the treatment of chronic hepatitis B.</p>
<p>((Reuters Montreal bureau 514-985-2434))</p>
</text>
<copyright>(c) Reuters Limited 1997</copyright>
<metadata>
<codes class="bip:countries:1.0">
  <code code="CANA">
    <editdetail attribution="Reuters BIP Coding Group" action="confirmed" date="1997-03-13"/>
  </code>
</codes>
<codes class="bip:industries:1.0">
  <code code="I25700">
    <editdetail attribution="Reuters BIP Coding Group" action="confirmed" date="1997-03-13"/>
  </code>
</codes>
<codes class="bip:topics:1.0">
  <code code="C15">
    <editdetail attribution="Reuters BIP Coding Group" action="confirmed" date="1997-03-13"/>
  </code>
  <code code="C151">
    <editdetail attribution="Reuters BIP Coding Group" action="confirmed" date="1997-03-13"/>
  </code>
  <code code="C1511">
    <editdetail attribution="Reuters BIP Coding Group" action="confirmed" date="1997-03-13"/>
  </code>
  <code code="C152">
    <editdetail attribution="Reuters BIP Coding Group" action="confirmed" date="1997-03-13"/>
  </code>
  <code code="CCAT">
    <editdetail attribution="Reuters BIP Coding Group" action="confirmed" date="1997-03-13"/>
  </code>
</codes>
<dc element="dc.date.created" value="1997-03-13"/>
<dc element="dc.publisher" value="Reuters Holdings Plc"/>
<dc element="dc.date.published" value="1997-03-13"/>
<dc element="dc.source" value="Reuters"/>
<dc element="dc.creator.location" value="MONTREAL"/>
<dc element="dc.creator.location.country.name" value="CANADA"/>
<dc element="dc.source" value="Reuters"/>
</metadata>
</newsitem>
