<?xml version="1.0" encoding="iso-8859-1" ?>
<newsitem itemid="438393" id="root" date="1997-03-13" xml:lang="en">
<title>CANADA: DBRS confirms Toronto-Dominion ratings.</title>
<headline>DBRS confirms Toronto-Dominion ratings.</headline>
<dateline>TORONTO 1997-03-13</dateline>
<text>
<p>Dominion Bond Rating Service said on Thursday it confirmed all ratings on the Toronto-Dominion Bank with stable trends.</p>
<p>DBRS confirmed the deposits and senior debt of T-D and T-D Mortgage Corp at AA, T-D Bank's subordinate debt at AA (low), its cumulative first preferred shares at Pfd-1, its non-cumulative first preferred shares at Pfd-1 (low) and T-D Bank and T-D Mortgage short-term instruments at R-1 (middle).  </p>
<p>&quot;In general terms, the rating continues to reflect the above-average strengths which T-D has in capital and credit quality, which are only partly neutralized by the above-average concentration in Ontario and the fact that although improving, profitability is still lower than some peer banks,&quot; the rating agency said.</p>
<p>((Reuters Toronto Bureau (416) 941-8100))</p>
</text>
<copyright>(c) Reuters Limited 1997</copyright>
<metadata>
<codes class="bip:countries:1.0">
  <code code="CANA">
    <editdetail attribution="Reuters BIP Coding Group" action="confirmed" date="1997-03-13"/>
  </code>
</codes>
<codes class="bip:industries:1.0">
  <code code="I81402">
    <editdetail attribution="Reuters BIP Coding Group" action="confirmed" date="1997-03-13"/>
  </code>
</codes>
<codes class="bip:topics:1.0">
  <code code="C17">
    <editdetail attribution="Reuters BIP Coding Group" action="confirmed" date="1997-03-13"/>
  </code>
  <code code="C174">
    <editdetail attribution="Reuters BIP Coding Group" action="confirmed" date="1997-03-13"/>
  </code>
  <code code="CCAT">
    <editdetail attribution="Reuters BIP Coding Group" action="confirmed" date="1997-03-13"/>
  </code>
</codes>
<dc element="dc.date.created" value="1997-03-13"/>
<dc element="dc.publisher" value="Reuters Holdings Plc"/>
<dc element="dc.date.published" value="1997-03-13"/>
<dc element="dc.source" value="Reuters"/>
<dc element="dc.creator.location" value="TORONTO"/>
<dc element="dc.creator.location.country.name" value="CANADA"/>
<dc element="dc.source" value="Reuters"/>
</metadata>
</newsitem>
