<?xml version="1.0" encoding="iso-8859-1" ?>
<newsitem itemid="438388" id="root" date="1997-03-13" xml:lang="en">
<title>CANADA: FOCUS-Canada denies PolyGram film distribution rights.</title>
<headline>FOCUS-Canada denies PolyGram film distribution rights.</headline>
<byline>Randall Palmer</byline>
<dateline>OTTAWA 1997-03-13</dateline>
<text>
<p>Canada on Thursday denied an application by PolyGram to distribute foreign films in the country, but granted the Dutch-owned film company the right to set up a Canadian production company.</p>
<p>Canada's Industry Minister John Manley said PolyGram would be allowed to operate a fully integrated Canadian film company involving film, video and television production and distribution.</p>
<p>But PolyGram, which is 75 percent owned by Dutch consumer electronics giant Philips Electronics NV, must continue to distribute its foreign films in Canada through intermediaries.</p>
<p>&quot;They are not going to be doing film distribution. They're going to be doing film production. They've agreed to abide by the law,&quot; Manley's spokesman Bill Milliken told Reuters.</p>
<p>&quot;The policy is under review but there was no way it was going to be completed prior to the election, and PolyGram wanted to get on with business, so they said, 'OK, we'll abide by the policy, let's go,'&quot; Milliken said.</p>
<p>A federal election is expected in Canada this year.</p>
<p>Although Ottawa restricts foreign film distribution in Canada as part of its policy of cultural protectionism, some Hollywood distributors have been allowed, under a &quot;grandfathering policy&quot;, to distribute American films here.</p>
<p>PolyGram had sought but failed to win the same exemption. &quot;The company will comply with the government film distribution policy and has committeed to reinvest C$20 million ($15 million U.S.) or 20 percent of its Canadian revenues in film products in Canada over a five-year period,&quot; the government said in a statement.</p>
<p>The decision appeared to be a victory for Canada's Heritage Minister Sheila Copps, regarded as a &quot;culture hawk&quot; for her strong interest in protecting Canadian culture.</p>
<p>&quot;PolyGram's plan is consistent with Canadian film distribution policy and furthers our objective which is to build a strong and healthy Canadian film industry,&quot; Copps said.</p>
<p>The separatist Bloc Quebecois, the official opposition in parliament, had also urged the government to block PolyGram from distributing foreign movies in Canada.</p>
</text>
<copyright>(c) Reuters Limited 1997</copyright>
<metadata>
<codes class="bip:countries:1.0">
  <code code="CANA">
    <editdetail attribution="Reuters BIP Coding Group" action="confirmed" date="1997-03-13"/>
  </code>
  <code code="NETH">
    <editdetail attribution="Reuters BIP Coding Group" action="confirmed" date="1997-03-13"/>
  </code>
</codes>
<codes class="bip:industries:1.0">
  <code code="I34520">
    <editdetail attribution="Reuters BIP Coding Group" action="confirmed" date="1997-03-13"/>
  </code>
  <code code="I97100">
    <editdetail attribution="Reuters BIP Coding Group" action="confirmed" date="1997-03-13"/>
  </code>
</codes>
<codes class="bip:topics:1.0">
  <code code="C13">
    <editdetail attribution="Reuters BIP Coding Group" action="confirmed" date="1997-03-13"/>
  </code>
  <code code="C21">
    <editdetail attribution="Reuters BIP Coding Group" action="confirmed" date="1997-03-13"/>
  </code>
  <code code="CCAT">
    <editdetail attribution="Reuters BIP Coding Group" action="confirmed" date="1997-03-13"/>
  </code>
  <code code="GCAT">
    <editdetail attribution="Reuters BIP Coding Group" action="confirmed" date="1997-03-13"/>
  </code>
  <code code="GENT">
    <editdetail attribution="Reuters BIP Coding Group" action="confirmed" date="1997-03-13"/>
  </code>
</codes>
<dc element="dc.date.created" value="1997-03-13"/>
<dc element="dc.publisher" value="Reuters Holdings Plc"/>
<dc element="dc.date.published" value="1997-03-13"/>
<dc element="dc.source" value="Reuters"/>
<dc element="dc.creator.location" value="OTTAWA"/>
<dc element="dc.creator.location.country.name" value="CANADA"/>
<dc element="dc.source" value="Reuters"/>
</metadata>
</newsitem>
