<?xml version="1.0" encoding="iso-8859-1" ?>
<newsitem itemid="438382" id="root" date="1997-03-13" xml:lang="en">
<title>EU:  OFFICIAL JOURNAL CONTENTS - OJ C 80 OF MARCH 13, 1997.</title>
<headline>OFFICIAL JOURNAL CONTENTS - OJ C 80 OF MARCH 13, 1997.</headline>
<text>
<p>* (Note - contents are displayed in reverse order to that in the printed Journal)</p>
<p>* Organization of an open competition (97/C 80/11)</p>
<p>Proposal for a Council Regulation (EC) temporarily withdrawing access to generalized tariff preferences for agricultural goods from the Union of Myanmar (97/C 80/10) COM(97) 58 final - 97/0041(ACC)</p>
<p>Amended proposal for a European Parliament and Council Directive on injunctions for the protection of consumers' interests (1) (97/C 80/09) (Text with EEA relevance) COM(96) 725 final - 96/0025(COD)</p>
<p>STATE AID C 10/94 (ex NN 104/93) Greece (97/C 80/08)</p>
<p>Communication of Decisions under sundry tendering procedures in agriculture (milk and milk products) (97/C 80/07)</p>
<p>Communication of Decisions under sundry tendering procedures in agriculture (milk and milk products) (97/C 80/06)</p>
<p>Communication of Decisions under sundry tendering procedures in agriculture (milk and milk products) (97/C 80/05)</p>
<p>Standing invitation to tender pursuant to Commission Regulation (EEC) No 570/88 of 16 February 1988 on the sale of butter at reduced prices and the granting of aid for butter and concentrated butter for use in the manufacture of pastry products, ice-cream and other foodstuffs (97/C 80/04)</p>
<p>Notice pursuant to Article 12 (2) of Regulation (EEC) No 4056/86 concerning Case IV/MAR/36.253 - P&amp; O Stena Line (97/C 80/03)</p>
<p>Average prices and representative prices for table wines at the various marketing centres (97/C 80/02)</p>
<p>Ecu (1) 12 March 1997 (97/C 80/01) END OF DOCUMENT.</p>
</text>
<copyright>(c) Reuters Limited 1997</copyright>
<metadata>
<codes class="bip:countries:1.0">
  <code code="EEC">
    <editdetail attribution="Reuters BIP Coding Group" action="confirmed" date="1997-03-13"/>
  </code>
</codes>
<codes class="bip:topics:1.0">
  <code code="G15">
    <editdetail attribution="Reuters BIP Coding Group" action="confirmed" date="1997-03-13"/>
  </code>
  <code code="GCAT">
    <editdetail attribution="Reuters BIP Coding Group" action="confirmed" date="1997-03-13"/>
  </code>
</codes>
<dc element="dc.publisher" value="Reuters Holdings Plc"/>
<dc element="dc.date.published" value="1997-03-13"/>
<dc element="dc.source" value="Reuters"/>
<dc element="dc.creator.location.country.name" value="EU"/>
<dc element="dc.source" value="Reuters"/>
</metadata>
</newsitem>
