<?xml version="1.0" encoding="iso-8859-1" ?>
<newsitem itemid="438487" id="root" date="1997-03-13" xml:lang="en">
<title>USA: MatriDigm wins Year 2000 deal, to go through Zitel.</title>
<headline>MatriDigm wins Year 2000 deal, to go through Zitel.</headline>
<dateline>DENVER 1997-03-13</dateline>
<text>
<p>MatriDigm Corp said on Thursday it won a contract from the state of Nevada to provide them with Year 2000 conversion services and it expected to contract almost exclusively through Zitel Corp and BRC Holdings Inc.</p>
<p>The MatriDigm Advanced Process 2000, a factory conversion series, would be used to the so-called &quot;find, fix and test&quot; portion of the project. the company said.  </p>
<p>Zitel shares closed up 7-1/2 at 37-1/2, while BRC Holdings shares were up 7/8 at 37-1/2 and the overall stock market fell sharply.</p>
<p>&quot;After a great trial-run with MAP2000, it was very clear that we wanted MatriDigm involved in our conversion effort,&quot; said Marlene Lockard, Director of Department of Information Services in Nevada.</p>
<p>&quot;MatriDigm offers us a real solution that will potentially save us millions of dollars.&quot;</p>
<p>While MatriDigm  expected to contract almost exclusively through Zitel and BRC, it said other technology associate agreements were being negotiated and several were in executive review.</p>
<p>MatriDigm was not immediately available to comment on the potential value of the deal and Zitel declined to comment on the deal's value.</p>
<p>((New York newsdesk 212-859-1610))</p>
</text>
<copyright>(c) Reuters Limited 1997</copyright>
<metadata>
<codes class="bip:countries:1.0">
  <code code="USA">
    <editdetail attribution="Reuters BIP Coding Group" action="confirmed" date="1997-03-13"/>
  </code>
</codes>
<codes class="bip:industries:1.0">
  <code code="I33020">
    <editdetail attribution="Reuters BIP Coding Group" action="confirmed" date="1997-03-13"/>
  </code>
  <code code="I3302003">
    <editdetail attribution="Reuters BIP Coding Group" action="confirmed" date="1997-03-13"/>
  </code>
  <code code="I3302019">
    <editdetail attribution="Reuters BIP Coding Group" action="confirmed" date="1997-03-13"/>
  </code>
</codes>
<codes class="bip:topics:1.0">
  <code code="C33">
    <editdetail attribution="Reuters BIP Coding Group" action="confirmed" date="1997-03-13"/>
  </code>
  <code code="CCAT">
    <editdetail attribution="Reuters BIP Coding Group" action="confirmed" date="1997-03-13"/>
  </code>
</codes>
<dc element="dc.date.created" value="1997-03-13"/>
<dc element="dc.publisher" value="Reuters Holdings Plc"/>
<dc element="dc.date.published" value="1997-03-13"/>
<dc element="dc.source" value="Reuters"/>
<dc element="dc.creator.location" value="DENVER"/>
<dc element="dc.creator.location.country.name" value="USA"/>
<dc element="dc.source" value="Reuters"/>
</metadata>
</newsitem>
