<?xml version="1.0" encoding="iso-8859-1" ?>
<newsitem itemid="438445" id="root" date="1997-03-13" xml:lang="en">
<title>USA: Orthofix Q4 shr loss widens.</title>
<headline>Orthofix Q4 shr loss widens.</headline>
<dateline>NEW YORK 1997-03-13</dateline>
<text>
<p>ORTHOFIX INTERNATIONAL N.V.</p>
<p>			   CONSOLIDATED INCOME STATEMENTS</p>
<p>		 In thousands, except per share and share data</p>
<p>			For the three months  For the twelve months</p>
<p>			   ended December 31,  ended December 31,</p>
<p>			   1996	 1995	  1996	  1995</p>
<p> Net sales	 $ 19,992    $ 16,777    $ 77,221    $ 52,272</p>
<p> Cost of sales	6,588	 6,604	23,451	18,781</p>
<p> Gross profit	13,404	10,173	53,770	33,491</p>
<p>Operating expenses</p>
<p>Sales and marketing</p>
<p>			  6,940	 5,249	26,685	13,393</p>
<p>General and administrative</p>
<p>			  2,773	 3,890	11,686	 7,743</p>
<p>Research and development</p>
<p>			  1,136	 1,458	 4,883	 3,521</p>
<p>  Amortization	1,201	   695	 3,775	 1,406</p>
<p>Restructuring charges</p>
<p>			  3,100	     0	 3,100	     0</p>
<p>  Nonrecurring charges  0	     0	     0	24,300</p>
</text>
<copyright>(c) Reuters Limited 1997</copyright>
<metadata>
<codes class="bip:countries:1.0">
  <code code="NANT">
    <editdetail attribution="Reuters BIP Coding Group" action="confirmed" date="1997-03-13"/>
  </code>
  <code code="USA">
    <editdetail attribution="Reuters BIP Coding Group" action="confirmed" date="1997-03-13"/>
  </code>
</codes>
<codes class="bip:industries:1.0">
  <code code="I37200">
    <editdetail attribution="Reuters BIP Coding Group" action="confirmed" date="1997-03-13"/>
  </code>
</codes>
<codes class="bip:topics:1.0">
  <code code="C15">
    <editdetail attribution="Reuters BIP Coding Group" action="confirmed" date="1997-03-13"/>
  </code>
  <code code="C151">
    <editdetail attribution="Reuters BIP Coding Group" action="confirmed" date="1997-03-13"/>
  </code>
  <code code="C1511">
    <editdetail attribution="Reuters BIP Coding Group" action="confirmed" date="1997-03-13"/>
  </code>
  <code code="CCAT">
    <editdetail attribution="Reuters BIP Coding Group" action="confirmed" date="1997-03-13"/>
  </code>
</codes>
<dc element="dc.date.created" value="1997-03-13"/>
<dc element="dc.publisher" value="Reuters Holdings Plc"/>
<dc element="dc.date.published" value="1997-03-13"/>
<dc element="dc.source" value="Reuters"/>
<dc element="dc.creator.location" value="NEW YORK"/>
<dc element="dc.creator.location.country.name" value="USA"/>
<dc element="dc.source" value="Reuters"/>
</metadata>
</newsitem>
