<?xml version="1.0" encoding="iso-8859-1" ?>
<newsitem itemid="438436" id="root" date="1997-03-13" xml:lang="en">
<title>USA: Urethane units to sell assets, unable to pay debts.</title>
<headline>Urethane units to sell assets, unable to pay debts.</headline>
<dateline>SANTA ANA, Calif 1997-03-13</dateline>
<text>
<p>Urethane Technologies Inc said Thursday that two subsidiaries had relinquished the assets of their operations because they were not able to pay their creditors.  </p>
<p>The company, which makes proprietary polyurethane products used in construction, has been looking for a buyer or investor during the last six months.</p>
<p>It said it was talking with &quot;various interested parties&quot; about selling part or all of the company to them.</p>
<p>Last month, it said its future was in danger after Endeavor Capital Corp withdrew from an agreement to invest up to $1.65 million in it.</p>
<p>The company said in its latest statement that Sirram Capital of Nashville, Tennessee had foreclosed on the collateral of the Greensboro plant run by subsidiary Brin Mont Acquisition Inc on March 4.</p>
<p>It said Finova Capital of Los Angeles forced subsidiary PDL Inc to seek to assign its assets to the CMA Creditor Assignment Group. &quot;No conclusion has been reached relative to this assignment,&quot; it said.</p>
<p>The two units represent practically all of the company's assets and business.</p>
<p>&quot;With the (Brin Mont) asset gone, we hope to find a buyer for the PDL assets in Georgia and California,&quot; it said. Urethane did not say how much its assets were worth and its officials were not available for comment.</p>
<p>In November, the company reported a third-quarter loss of $0.25 a share including discontinued operations against a loss of $0.03 a year ago.</p>
<p>&quot;During the last twelve months, we have experienced a significant squeeze in our operating margins due to higher levels of competition and increasing raw materials prices,&quot; it said after presenting the results.</p>
</text>
<copyright>(c) Reuters Limited 1997</copyright>
<metadata>
<codes class="bip:countries:1.0">
  <code code="USA">
    <editdetail attribution="Reuters BIP Coding Group" action="confirmed" date="1997-03-13"/>
  </code>
</codes>
<codes class="bip:industries:1.0">
  <code code="I48300">
    <editdetail attribution="Reuters BIP Coding Group" action="confirmed" date="1997-03-13"/>
  </code>
</codes>
<codes class="bip:topics:1.0">
  <code code="C17">
    <editdetail attribution="Reuters BIP Coding Group" action="confirmed" date="1997-03-13"/>
  </code>
  <code code="C18">
    <editdetail attribution="Reuters BIP Coding Group" action="confirmed" date="1997-03-13"/>
  </code>
  <code code="C182">
    <editdetail attribution="Reuters BIP Coding Group" action="confirmed" date="1997-03-13"/>
  </code>
  <code code="CCAT">
    <editdetail attribution="Reuters BIP Coding Group" action="confirmed" date="1997-03-13"/>
  </code>
</codes>
<dc element="dc.date.created" value="1997-03-13"/>
<dc element="dc.publisher" value="Reuters Holdings Plc"/>
<dc element="dc.date.published" value="1997-03-13"/>
<dc element="dc.source" value="Reuters"/>
<dc element="dc.creator.location" value="SANTA ANA, Calif"/>
<dc element="dc.creator.location.country.name" value="USA"/>
<dc element="dc.source" value="Reuters"/>
</metadata>
</newsitem>
