<?xml version="1.0" encoding="iso-8859-1" ?>
<newsitem itemid="438453" id="root" date="1997-03-13" xml:lang="en">
<title>USA: Tobacco stocks wait to exhale after bad market day.</title>
<headline>Tobacco stocks wait to exhale after bad market day.</headline>
<byline>Nick Louth</byline>
<dateline>NEW YORK 1997-03-13</dateline>
<text>
<p>Investors in tobacco stocks held their breath on Thursday as industry leaders like Philip Morris Cos Inc plummeted almost ten percent on rekindled litigation worries and an overall weak market.</p>
<p>But analysts say investors should relax and buy at these bargain prices, citing the industry's robust earnings growth, and strong defenses against litigation.</p>
<p>&quot;I see these threats as buying opportunities,&quot; said Smith Barney analyst Martin Feldman.  </p>
<p>&quot;Buy on the dips and that is how you accumulate and make money on the stocks,&quot; he told television channel CNBC.</p>
<p>On the New York Stock Exchange, shares of Philip Morris plunged 10-3/4 to 126 by the close. RJR Nabisco Holdings Corp dropped 2-7/8 to 34-1/4, Loews Corp fell 6 to 104-3/8.</p>
<p>The Dow Jones Industrial Average fell 160 points or 2.25 percent. About 30 points of that fall was due to the decrease in Philip Morris shares.</p>
<p>Two blows landed on Thursday.  </p>
<p>The Mississippi Supreme Court on Thursday rejected a legal challenge by Governor Kirk Fordice to his own state attorney general allowing a suit to recover state Medicaid funds to proceed.</p>
<p>Mississippi Attorney General Michael Moore is seeking redress for state Medicaid funds spent treating poor people who suffered smoking related illnesses.</p>
<p>This is the first of 22 such suits filed by state attorney generals across the country seeking to recoup Medicaid costs.  </p>
<p>Second, Liggett Group Inc, a unit of Brook Group Ltd, is preparing to expand its negotiated settlement of tobacco liability suits to dozens of those states, sources told Reuters on Wednesday.</p>
<p>Liggett struck its landmark settlement in New Orleans a year ago to settle a federal class-action lawsuit. Any deal which expands the settlement is seen pressuring other tobacco firms to follow suit.</p>
<p>Brook Group shares rose 1/4 to 4-1/2.</p>
<p>Analysts noted that it was a nerve-testing time for shareholders, watching court cases proceeding one by one.  </p>
<p>&quot;Over the next five months I would be looking for a little more volatility in the (tobacco stocks),&quot; Feldman said.</p>
<p>But analysts repeated that the rate of earnings growth, the legal defences and already weak share prices should soothe fears.</p>
<p>&quot;The fundamentals of the business are extremely strong, Philip Morris is growing its earnings by about 18 percent (per year) and...its defences are incredible,&quot; he said.</p>
<p>No tobacco company has been forced to pay a cent in damages in a U.S. court, and the industry argues that long-standing health warnings on packs are a strong defense against most charges.  </p>
<p>PaineWebber's Emanuel Goldman said the threat that Liggett will release industry documents that imply a higher degree of culpability by the industry in personal injuries was toothless, because the documents &quot;are nothing.&quot;</p>
<p>&quot;Even with those documents, you have to prove fraud at the highest level (of a tobacco company), and that's the hard part here,&quot; Goldman said.</p>
<p>&quot;Today's fall was an $11 gift on Philip Morris,&quot; Feldman said.</p>
<p>(( Nick Louth, New York Newsroom 212 859 1712))</p>
</text>
<copyright>(c) Reuters Limited 1997</copyright>
<metadata>
<codes class="bip:countries:1.0">
  <code code="USA">
    <editdetail attribution="Reuters BIP Coding Group" action="confirmed" date="1997-03-13"/>
  </code>
</codes>
<codes class="bip:industries:1.0">
  <code code="I42900">
    <editdetail attribution="Reuters BIP Coding Group" action="confirmed" date="1997-03-13"/>
  </code>
  <code code="I83960">
    <editdetail attribution="Reuters BIP Coding Group" action="confirmed" date="1997-03-13"/>
  </code>
</codes>
<codes class="bip:topics:1.0">
  <code code="C12">
    <editdetail attribution="Reuters BIP Coding Group" action="confirmed" date="1997-03-13"/>
  </code>
  <code code="C15">
    <editdetail attribution="Reuters BIP Coding Group" action="confirmed" date="1997-03-13"/>
  </code>
  <code code="C152">
    <editdetail attribution="Reuters BIP Coding Group" action="confirmed" date="1997-03-13"/>
  </code>
  <code code="CCAT">
    <editdetail attribution="Reuters BIP Coding Group" action="confirmed" date="1997-03-13"/>
  </code>
  <code code="GCAT">
    <editdetail attribution="Reuters BIP Coding Group" action="confirmed" date="1997-03-13"/>
  </code>
  <code code="GCRIM">
    <editdetail attribution="Reuters BIP Coding Group" action="confirmed" date="1997-03-13"/>
  </code>
</codes>
<dc element="dc.date.created" value="1997-03-13"/>
<dc element="dc.publisher" value="Reuters Holdings Plc"/>
<dc element="dc.date.published" value="1997-03-13"/>
<dc element="dc.source" value="Reuters"/>
<dc element="dc.creator.location" value="NEW YORK"/>
<dc element="dc.creator.location.country.name" value="USA"/>
<dc element="dc.source" value="Reuters"/>
</metadata>
</newsitem>
