<?xml version="1.0" encoding="iso-8859-1" ?>
<newsitem itemid="438441" id="root" date="1997-03-13" xml:lang="en">
<title>USA: Trinity to distribute 15 mln Halter shares.</title>
<headline>Trinity to distribute 15 mln Halter shares.</headline>
<dateline>DALLAS 1997-03-13</dateline>
<text>
<p>Trinity Industries Inc said on Thursday its board declared a distribution of the 15 million shares it holds of Halter Marine Group Inc.</p>
<p>The tax-free distribution is payable on March 31 to Trinity stockholders of record as of March 21, each of whom will receive 0.348 of a Halter share for each Trinity share they hold.</p>
<p>Trinity makes products related to railcars, containers, metal components and marine and construction products.</p>
</text>
<copyright>(c) Reuters Limited 1997</copyright>
<metadata>
<codes class="bip:countries:1.0">
  <code code="USA">
    <editdetail attribution="Reuters BIP Coding Group" action="confirmed" date="1997-03-13"/>
  </code>
</codes>
<codes class="bip:industries:1.0">
  <code code="I36200">
    <editdetail attribution="Reuters BIP Coding Group" action="confirmed" date="1997-03-13"/>
  </code>
</codes>
<codes class="bip:topics:1.0">
  <code code="C17">
    <editdetail attribution="Reuters BIP Coding Group" action="confirmed" date="1997-03-13"/>
  </code>
  <code code="C171">
    <editdetail attribution="Reuters BIP Coding Group" action="confirmed" date="1997-03-13"/>
  </code>
  <code code="CCAT">
    <editdetail attribution="Reuters BIP Coding Group" action="confirmed" date="1997-03-13"/>
  </code>
</codes>
<dc element="dc.date.created" value="1997-03-13"/>
<dc element="dc.publisher" value="Reuters Holdings Plc"/>
<dc element="dc.date.published" value="1997-03-13"/>
<dc element="dc.source" value="Reuters"/>
<dc element="dc.creator.location" value="DALLAS"/>
<dc element="dc.creator.location.country.name" value="USA"/>
<dc element="dc.source" value="Reuters"/>
</metadata>
</newsitem>
