<?xml version="1.0" encoding="iso-8859-1" ?>
<newsitem itemid="438456" id="root" date="1997-03-13" xml:lang="en">
<title>USA: Federal Express Q3 Feb 28 net rises.</title>
<headline>Federal Express Q3 Feb 28 net rises.</headline>
<dateline>MEMPHIS, Tenn. 1997-03-13</dateline>
<text>
<p>FEDERAL EXPRESS CORPORATION FINANCIAL HIGHLIGHTS</p>
<p>		(Unaudited; Current year data is preliminary)</p>
<p>		  Third Quarter Fiscal 1997</p>
<p>(In millions, except earnings per share and operating data)</p>
<p>			   Three Months Ended    Nine Months Ended</p>
<p>			   2/28/97    2/29/96    2/28/97    2/29/96</p>
<p>FINANCIAL RESULTS</p>
<p> Revenues	  $   2,906.8$   2,535.5$   8,451.5$   7,535.9</p>
<p> Net Income		 63.0	 27.2	228.7	192.4</p>
<p> Earnings Per Share     0.54	 0.24	 1.98	 1.69</p>
<p>Common and Common</p>
<p>  Equivalent Shares  115,849    114,515    115,305    114,137</p>
</text>
<copyright>(c) Reuters Limited 1997</copyright>
<metadata>
<codes class="bip:countries:1.0">
  <code code="USA">
    <editdetail attribution="Reuters BIP Coding Group" action="confirmed" date="1997-03-13"/>
  </code>
</codes>
<codes class="bip:industries:1.0">
  <code code="I77002">
    <editdetail attribution="Reuters BIP Coding Group" action="confirmed" date="1997-03-13"/>
  </code>
</codes>
<codes class="bip:topics:1.0">
  <code code="C15">
    <editdetail attribution="Reuters BIP Coding Group" action="confirmed" date="1997-03-13"/>
  </code>
  <code code="C151">
    <editdetail attribution="Reuters BIP Coding Group" action="confirmed" date="1997-03-13"/>
  </code>
  <code code="CCAT">
    <editdetail attribution="Reuters BIP Coding Group" action="confirmed" date="1997-03-13"/>
  </code>
</codes>
<dc element="dc.date.created" value="1997-03-13"/>
<dc element="dc.publisher" value="Reuters Holdings Plc"/>
<dc element="dc.date.published" value="1997-03-13"/>
<dc element="dc.source" value="Reuters"/>
<dc element="dc.creator.location" value="MEMPHIS, Tenn."/>
<dc element="dc.creator.location.country.name" value="USA"/>
<dc element="dc.source" value="Reuters"/>
</metadata>
</newsitem>
