<?xml version="1.0" encoding="iso-8859-1" ?>
<newsitem itemid="438474" id="root" date="1997-03-13" xml:lang="en">
<title>USA: Sunriver Corp says TradeWave discontinued.</title>
<headline>Sunriver Corp says TradeWave discontinued.</headline>
<dateline>AUSTIN 1997-03-13</dateline>
<text>
<p>SunRiver Corp on Thursday said it has discontinued the operations of its wholly-owned TradeWave Corp subsidiary.</p>
<p>The Company will maintain a small core of employees to support the TradeWave customer base until the discontinuation is completed.</p>
<p>&quot;The Company has explored every alternative to a discontinuation of TradeWave, but at this time, we firmly believe this decision is in the best interests of the Company and its shareholders.&quot; said Len Mackenzie, chairman and chief executive officer of SunRiver.</p>
<p>The Company expects to take a one-time after-tax charge of approximately $6.6 million in the fourth quarter of 1996 covering all expected costs associated with the discontinuation of TradeWave, including all operating losses through the date of discontinuance, as well as related write-downs and write-offs.</p>
</text>
<copyright>(c) Reuters Limited 1997</copyright>
<metadata>
<codes class="bip:countries:1.0">
  <code code="USA">
    <editdetail attribution="Reuters BIP Coding Group" action="confirmed" date="1997-03-13"/>
  </code>
</codes>
<codes class="bip:industries:1.0">
  <code code="I83954">
    <editdetail attribution="Reuters BIP Coding Group" action="confirmed" date="1997-03-13"/>
  </code>
</codes>
<codes class="bip:topics:1.0">
  <code code="C11">
    <editdetail attribution="Reuters BIP Coding Group" action="confirmed" date="1997-03-13"/>
  </code>
  <code code="CCAT">
    <editdetail attribution="Reuters BIP Coding Group" action="confirmed" date="1997-03-13"/>
  </code>
</codes>
<dc element="dc.date.created" value="1997-03-13"/>
<dc element="dc.publisher" value="Reuters Holdings Plc"/>
<dc element="dc.date.published" value="1997-03-13"/>
<dc element="dc.source" value="Reuters"/>
<dc element="dc.creator.location" value="AUSTIN"/>
<dc element="dc.creator.location.country.name" value="USA"/>
<dc element="dc.source" value="Reuters"/>
</metadata>
</newsitem>
