<?xml version="1.0" encoding="iso-8859-1" ?>
<newsitem itemid="438475" id="root" date="1997-03-13" xml:lang="en">
<title>USA: Amrep Corp Q3 Jan 31 shr $0.04 vs $0.07.</title>
<headline>Amrep Corp Q3 Jan 31 shr $0.04 vs $0.07.</headline>
<dateline>NEW YORK 1997-03-13</dateline>
<text>
<p>1997		1996</p>
<p>Revs			   $  36,761,000   $  37,944,000</p>
<p>Net				    267,000	   494,000</p>
<p>Shr					 0.04		0.07</p>
<p>Avg shrs			   7,369,000	 7,379,000</p>
<p>9 Months</p>
<p>Revs			   $ 104,399,000     121,276,000</p>
<p>Net				    932,000	 2,554,000</p>
<p>Shr					 0.13		0.35</p>
<p>Avg shrs			   7,369,000	 7,390,000</p>
<p>((--New York Newsdesk 212-859-1610))</p>
</text>
<copyright>(c) Reuters Limited 1997</copyright>
<metadata>
<codes class="bip:countries:1.0">
  <code code="USA">
    <editdetail attribution="Reuters BIP Coding Group" action="confirmed" date="1997-03-13"/>
  </code>
</codes>
<codes class="bip:industries:1.0">
  <code code="I85000">
    <editdetail attribution="Reuters BIP Coding Group" action="confirmed" date="1997-03-13"/>
  </code>
</codes>
<codes class="bip:topics:1.0">
  <code code="C15">
    <editdetail attribution="Reuters BIP Coding Group" action="confirmed" date="1997-03-13"/>
  </code>
  <code code="C151">
    <editdetail attribution="Reuters BIP Coding Group" action="confirmed" date="1997-03-13"/>
  </code>
  <code code="CCAT">
    <editdetail attribution="Reuters BIP Coding Group" action="confirmed" date="1997-03-13"/>
  </code>
</codes>
<dc element="dc.date.created" value="1997-03-13"/>
<dc element="dc.publisher" value="Reuters Holdings Plc"/>
<dc element="dc.date.published" value="1997-03-13"/>
<dc element="dc.source" value="Reuters"/>
<dc element="dc.creator.location" value="NEW YORK"/>
<dc element="dc.creator.location.country.name" value="USA"/>
<dc element="dc.source" value="Reuters"/>
</metadata>
</newsitem>
