<?xml version="1.0" encoding="iso-8859-1" ?>
<newsitem itemid="438416" id="root" date="1997-03-13" xml:lang="en">
<title>USA: RESEARCH ALERT - Collagenex.</title>
<headline>RESEARCH ALERT - Collagenex.</headline>
<text>
<p>-- Alex. Brown said it reiterated a strong buy rating on Collagenex Pharmaceuticals Inc.</p>
<p>-- said expected the company to present positive results of a pivotal Phase III trial of Periostat on March 21.</p>
<p>-- said expects data to show Periostat treatment resulted in a statistically significant improvement in periodontal health in patience with periodontal disease.</p>
<p>-- expects the company to receive approval from the U.S. Food and Drug Administration in late 1997.</p>
<p>-- reiterated a 12-month price target of $23-$28 a share.</p>
<p>-- Collagenex gained 1-1/2 to 14.</p>
</text>
<copyright>(c) Reuters Limited 1997</copyright>
<metadata>
<codes class="bip:countries:1.0">
  <code code="USA">
    <editdetail attribution="Reuters BIP Coding Group" action="confirmed" date="1997-03-13"/>
  </code>
</codes>
<codes class="bip:industries:1.0">
  <code code="I25700">
    <editdetail attribution="Reuters BIP Coding Group" action="confirmed" date="1997-03-13"/>
  </code>
</codes>
<codes class="bip:topics:1.0">
  <code code="C15">
    <editdetail attribution="Reuters BIP Coding Group" action="confirmed" date="1997-03-13"/>
  </code>
  <code code="C152">
    <editdetail attribution="Reuters BIP Coding Group" action="confirmed" date="1997-03-13"/>
  </code>
  <code code="CCAT">
    <editdetail attribution="Reuters BIP Coding Group" action="confirmed" date="1997-03-13"/>
  </code>
</codes>
<dc element="dc.publisher" value="Reuters Holdings Plc"/>
<dc element="dc.date.published" value="1997-03-13"/>
<dc element="dc.source" value="Reuters"/>
<dc element="dc.creator.location.country.name" value="USA"/>
<dc element="dc.source" value="Reuters"/>
</metadata>
</newsitem>
