<?xml version="1.0" encoding="iso-8859-1" ?>
<newsitem itemid="438448" id="root" date="1997-03-13" xml:lang="en">
<title>USA: Canada spot natgas edges higher on colder weather.</title>
<headline>Canada spot natgas edges higher on colder weather.</headline>
<dateline>NEW YORK 1997-03-13</dateline>
<text>
<p>Canadian spot natural gas prices were driven higher again Thursday by a late-winter chill across Canada and the midwestern and northeast U.S., market sources said.</p>
<p>At the AECO storage hub, prices gained another three cents to C$1.48-1.49 per gigajoule (GJ) amid below-freezing temperatures in Alberta.</p>
<p>&quot;This cold snap is very short-lived. Utilities are out there buying today, but that should taper off,&quot; one Calgary-based source said.</p>
<p>In Calgary, temperatures were hovering around -15 degrees Celsius today, traders said.</p>
<p>However, warmer forecasts for this weekend and early next week kept the lid on other AECO prices. The thermometer is forecast to climb to about zero on Saturday and then to about +4 degrees C on Sunday.</p>
<p>April AECO prices slipped about four to five cents to just under C$1.40 per GJ, while summer business was done around C$1.41, traders said.</p>
<p>At Sumas, Wash., prices rose by about two cents to $1.18-1.23 per million British thermal units (mmBtu) as hot temperatures blanketed the West Coast and were forecast to continue through early next week.</p>
<p>At Niagara, prices firmed by four cents to the low-to-mid $2.20s per mmBtu amid cold, snowy weather.</p>
<p>((--H McCulloch, New York Power Desk +212-859-1628))</p>
</text>
<copyright>(c) Reuters Limited 1997</copyright>
<metadata>
<codes class="bip:countries:1.0">
  <code code="CANA">
    <editdetail attribution="Reuters BIP Coding Group" action="confirmed" date="1997-03-13"/>
  </code>
  <code code="USA">
    <editdetail attribution="Reuters BIP Coding Group" action="confirmed" date="1997-03-13"/>
  </code>
</codes>
<codes class="bip:topics:1.0">
  <code code="M14">
    <editdetail attribution="Reuters BIP Coding Group" action="confirmed" date="1997-03-13"/>
  </code>
  <code code="M143">
    <editdetail attribution="Reuters BIP Coding Group" action="confirmed" date="1997-03-13"/>
  </code>
  <code code="MCAT">
    <editdetail attribution="Reuters BIP Coding Group" action="confirmed" date="1997-03-13"/>
  </code>
</codes>
<dc element="dc.date.created" value="1997-03-13"/>
<dc element="dc.publisher" value="Reuters Holdings Plc"/>
<dc element="dc.date.published" value="1997-03-13"/>
<dc element="dc.source" value="Reuters"/>
<dc element="dc.creator.location" value="NEW YORK"/>
<dc element="dc.creator.location.country.name" value="USA"/>
<dc element="dc.source" value="Reuters"/>
</metadata>
</newsitem>
