<?xml version="1.0" encoding="iso-8859-1" ?>
<newsitem itemid="438451" id="root" date="1997-03-13" xml:lang="en">
<title>USA: Nasdaq closing most actives - March 13.</title>
<headline>Nasdaq closing most actives - March 13.</headline>
<dateline>NEW YORK 1997-03-13</dateline>
<text>
<p>The following were the most active issues in Nasdaq trading Thursday.</p>
<p>  Oracle		13,361,000	 36 1/8	up  2</p>
<p>  Cisco Systems     12,337,700	 52	    up  1 1/8</p>
<p>  Employee Solution 11,621,100	 15 3/8     off  4 1/2</p>
<p>  Intel Corp	  11,362,500	141 1/4     off  1 1/2</p>
<p>  Costco		 7,546,700	 28 7/8     off    1/2</p>
<p>  Staples		6,304,400	 21 1/8     off    7/8</p>
<p>  Microsoft	    5,688,200	 99 5/8	up    7/8</p>
<p>  3Com		   5,180,700	 35 3/8	up    7/8</p>
<p>  Sun Microsystems   4,866,000	 29 5/8     off    1/8</p>
<p>  Dell		   4,729,500	 72 1/4	up    3/4</p>
</text>
<copyright>(c) Reuters Limited 1997</copyright>
<metadata>
<codes class="bip:countries:1.0">
  <code code="USA">
    <editdetail attribution="Reuters BIP Coding Group" action="confirmed" date="1997-03-13"/>
  </code>
</codes>
<codes class="bip:topics:1.0">
  <code code="M11">
    <editdetail attribution="Reuters BIP Coding Group" action="confirmed" date="1997-03-13"/>
  </code>
  <code code="MCAT">
    <editdetail attribution="Reuters BIP Coding Group" action="confirmed" date="1997-03-13"/>
  </code>
</codes>
<dc element="dc.date.created" value="1997-03-13"/>
<dc element="dc.publisher" value="Reuters Holdings Plc"/>
<dc element="dc.date.published" value="1997-03-13"/>
<dc element="dc.source" value="Reuters"/>
<dc element="dc.creator.location" value="NEW YORK"/>
<dc element="dc.creator.location.country.name" value="USA"/>
<dc element="dc.source" value="Reuters"/>
</metadata>
</newsitem>
