<?xml version="1.0" encoding="iso-8859-1" ?>
<newsitem itemid="438470" id="root" date="1997-03-13" xml:lang="en">
<title>USA: Forest now owns 66 percent of Saxon shares.</title>
<headline>Forest now owns 66 percent of Saxon shares.</headline>
<dateline>DENVER 1997-03-13</dateline>
<text>
<p>Forest Oil Corp said Thursday that pursuant to its Equity Participation Agreement with Saxon Petroleum Inc, it has exercised its right to purchase from Saxon's treasury an additional 158,142 common shares and 2,380,608 non-voting convertible shares.</p>
<p>As a result of the purchase, Forest now owns approximately 87.4 million, or about 66 percent, of Saxon's outstanding 43,958,142 common shares and 43,470,774 non-voting convertible shares.</p>
<p>Forest also said it is fully supportive of Saxon's recently announced bid to purchase Truax Resources Corp and intends to purchase additional shares of Saxon Petroleum in connection with this transaction.</p>
</text>
<copyright>(c) Reuters Limited 1997</copyright>
<metadata>
<codes class="bip:countries:1.0">
  <code code="CANA">
    <editdetail attribution="Reuters BIP Coding Group" action="confirmed" date="1997-03-13"/>
  </code>
  <code code="USA">
    <editdetail attribution="Reuters BIP Coding Group" action="confirmed" date="1997-03-13"/>
  </code>
</codes>
<codes class="bip:industries:1.0">
  <code code="I13000">
    <editdetail attribution="Reuters BIP Coding Group" action="confirmed" date="1997-03-13"/>
  </code>
  <code code="I1300003">
    <editdetail attribution="Reuters BIP Coding Group" action="confirmed" date="1997-03-13"/>
  </code>
  <code code="I14000">
    <editdetail attribution="Reuters BIP Coding Group" action="confirmed" date="1997-03-13"/>
  </code>
</codes>
<codes class="bip:topics:1.0">
  <code code="C18">
    <editdetail attribution="Reuters BIP Coding Group" action="confirmed" date="1997-03-13"/>
  </code>
  <code code="C181">
    <editdetail attribution="Reuters BIP Coding Group" action="confirmed" date="1997-03-13"/>
  </code>
  <code code="CCAT">
    <editdetail attribution="Reuters BIP Coding Group" action="confirmed" date="1997-03-13"/>
  </code>
</codes>
<dc element="dc.date.created" value="1997-03-13"/>
<dc element="dc.publisher" value="Reuters Holdings Plc"/>
<dc element="dc.date.published" value="1997-03-13"/>
<dc element="dc.source" value="Reuters"/>
<dc element="dc.creator.location" value="DENVER"/>
<dc element="dc.creator.location.country.name" value="USA"/>
<dc element="dc.source" value="Reuters"/>
</metadata>
</newsitem>
