<?xml version="1.0" encoding="iso-8859-1" ?>
<newsitem itemid="438449" id="root" date="1997-03-13" xml:lang="en">
<title>USA: Federal judge dismisses suit vs tobacco companies.</title>
<headline>Federal judge dismisses suit vs tobacco companies.</headline>
<text>
<p>LOUISVILLE, Ky., March 13 - Brown &amp; Williamson Tobacco Corp said on Thursday a U.S. Federal judge in New York dismissed an individual product liability lawsuit filed against Brown and other tobacco companies, a case which included federal racketeering claims.</p>
<p>Brown said the court, in Rhera LePaw, et.al., vs. B.A.T Industries, et.al., threw out the plaintiffs' claims that tobacco companies had engaged in racketeering, ruling that &quot;claims for personal injuries or emotional distress are not cognizable under RICO.&quot;</p>
<p>The court rejected plaintiffs' argument that they could recover monetary expenses incurred in purchasing cigarettes because of their alleged addiction to smoking.</p>
<p>The court declined to rule on plaintiffs' state-law claims, leaving open the possibility plaintiffs could reassert those claims in state court.</p>
<p>Other defendants in the case included Philip Morris, R.J. Reynolds, Lorillard, Brooke Group and the Tobacco Institute.</p>
</text>
<copyright>(c) Reuters Limited 1997</copyright>
<metadata>
<codes class="bip:countries:1.0">
  <code code="USA">
    <editdetail attribution="Reuters BIP Coding Group" action="confirmed" date="1997-03-13"/>
  </code>
</codes>
<codes class="bip:industries:1.0">
  <code code="I42900">
    <editdetail attribution="Reuters BIP Coding Group" action="confirmed" date="1997-03-13"/>
  </code>
  <code code="I83960">
    <editdetail attribution="Reuters BIP Coding Group" action="confirmed" date="1997-03-13"/>
  </code>
</codes>
<codes class="bip:topics:1.0">
  <code code="C12">
    <editdetail attribution="Reuters BIP Coding Group" action="confirmed" date="1997-03-13"/>
  </code>
  <code code="CCAT">
    <editdetail attribution="Reuters BIP Coding Group" action="confirmed" date="1997-03-13"/>
  </code>
  <code code="GCAT">
    <editdetail attribution="Reuters BIP Coding Group" action="confirmed" date="1997-03-13"/>
  </code>
  <code code="GCRIM">
    <editdetail attribution="Reuters BIP Coding Group" action="confirmed" date="1997-03-13"/>
  </code>
</codes>
<dc element="dc.publisher" value="Reuters Holdings Plc"/>
<dc element="dc.date.published" value="1997-03-13"/>
<dc element="dc.source" value="Reuters"/>
<dc element="dc.creator.location.country.name" value="USA"/>
<dc element="dc.source" value="Reuters"/>
</metadata>
</newsitem>
