<?xml version="1.0" encoding="iso-8859-1" ?>
<newsitem itemid="438447" id="root" date="1997-03-13" xml:lang="en">
<title>USA: Calpine Q4 net.</title>
<headline>Calpine Q4 net.</headline>
<dateline>SAN JOSE, CALIF. 1997-03-13</dateline>
<text>
<p>(in thousands, except per share and ratio data)</p>
<p>				  Three Months Ended    Year Ended</p>
<p>				     December 31,	December 31,</p>
<p>					1996    1995	1996     1995</p>
<p> Revenue			$ 61,663$ 39,570  $214,554 $132,098</p>
<p> Cost of revenue		42,028  24,495   129,200   77,388</p>
<p>    Gross profit		19,635  15,075    85,354   54,710</p>
<p>General, administrative and</p>
<p>  project development costs  5,332   3,602    18,563   12,024</p>
<p>    Income from operations  14,303  11,473    66,791   42,686</p>
<p> Interest expense	     14,195   8,634    45,294   32,154</p>
<p>Other expense (income), net</p>
<p>				   (4,631)   (660)   (6,259)  (1,895)</p>
<p>Income before provision</p>
<p>     for income taxes	  4,739   3,499    27,756   12,427</p>
<p> Provision for income taxes  1,202   1,384     9,064    5,049</p>
<p>    Net income		   3,537   2,115    18,692    7,378</p>
<p>Primary earnings per share:</p>
<p>Weighted average shares</p>
<p>     outstanding		20,636	 -    14,680	  -</p>
<p>    Earnings per share	  0.17	 -	1.27	  -</p>
<p>Fully diluted earnings</p>
<p>per share</p>
<p>Weighted average shares</p>
<p>     outstanding		20,669	 -    15,130	  -</p>
<p>Fully diluted earnings</p>
<p>     per share		    0.17	 -	1.24	  -</p>
<p>As adjusted primary</p>
<p>earnings per share</p>
<p>assuming conversion</p>
<p>of preferred stock:</p>
<p>Weighted average shares</p>
<p>     outstanding		     -  14,151	   -   14,151</p>
<p>    Earnings per share	     -    0.15	   -     0.52</p>
<p>Supplementary data:</p>
<p>Depreciation and</p>
<p>  amortization		  12,852   8,136    40,551   26,896</p>
<p>Interest expense per</p>
<p>  indenture		     14,740   8,937    48,673   32,903</p>
<p> EBITDA			   30,938  17,971   117,379   69,515</p>
<p>EBITDA to total</p>
<p>  interest expense		2.10    2.01	2.41     2.11</p>
<p>As adjusted primary earnings per share assuming conversion of preferred stock: For the year ended December 31, 1995, as adjusted primary earnings per share is calculated using weighted average shares outstanding, which includes common share equivalents using the treasury stock method and the assumed conversion of preferred stock to common stock as of January 1, 1995 in accordance with SEC staff policy.</p>
</text>
<copyright>(c) Reuters Limited 1997</copyright>
<metadata>
<codes class="bip:countries:1.0">
  <code code="USA">
    <editdetail attribution="Reuters BIP Coding Group" action="confirmed" date="1997-03-13"/>
  </code>
</codes>
<codes class="bip:industries:1.0">
  <code code="I16000">
    <editdetail attribution="Reuters BIP Coding Group" action="confirmed" date="1997-03-13"/>
  </code>
</codes>
<codes class="bip:topics:1.0">
  <code code="C15">
    <editdetail attribution="Reuters BIP Coding Group" action="confirmed" date="1997-03-13"/>
  </code>
  <code code="C151">
    <editdetail attribution="Reuters BIP Coding Group" action="confirmed" date="1997-03-13"/>
  </code>
  <code code="C1511">
    <editdetail attribution="Reuters BIP Coding Group" action="confirmed" date="1997-03-13"/>
  </code>
  <code code="CCAT">
    <editdetail attribution="Reuters BIP Coding Group" action="confirmed" date="1997-03-13"/>
  </code>
</codes>
<dc element="dc.date.created" value="1997-03-13"/>
<dc element="dc.publisher" value="Reuters Holdings Plc"/>
<dc element="dc.date.published" value="1997-03-13"/>
<dc element="dc.source" value="Reuters"/>
<dc element="dc.creator.location" value="SAN JOSE, CALIF."/>
<dc element="dc.creator.location.country.name" value="USA"/>
<dc element="dc.source" value="Reuters"/>
</metadata>
</newsitem>
