<?xml version="1.0" encoding="iso-8859-1" ?>
<newsitem itemid="438464" id="root" date="1997-03-13" xml:lang="en">
<title>USA: Compression Labs Q4 oper shr loss narrows.</title>
<headline>Compression Labs Q4 oper shr loss narrows.</headline>
<dateline>SAN JOSE, Calif. 1997-03-13</dateline>
<text>
<p>COMPRESSION LABS INC.</p>
<p>		    CONSOLIDATED STATEMENTS OF OPERATIONS</p>
<p>		   (In thousands, except per share amounts)</p>
<p>				   (Unaudited)</p>
<p>						Quarter ended Dec. 31,</p>
<p>						1996		    1995</p>
<p> Revenues			     $  22,270		$ 26,755</p>
<p> Cost of revenues			13,655		  27,372</p>
<p>    Gross margin			  8,615		   (617)</p>
<p>Operating expenses</p>
<p>Selling, general and</p>
<p>     administrative		    10,423		  13,562</p>
<p>    Research and development	  3,478		   3,040</p>
<p>     Settlements of litigation	  554			--</p>
<p>					     14,455		  16,602</p>
<p>	Net loss from operations:   (5,840)		(17,219)</p>
<p> Interest, net			    (291)		   (266)</p>
<p>Net loss from continuing</p>
<p>    operations			  (6,131)		(17,485)</p>
<p>Discontinued operations</p>
<p>     Loss from operations		  --		 (3,315)</p>
<p>     Loss on disposal		 (6,689)		(34,601)</p>
<p>	 Net loss from</p>
<p>	  discontinued</p>
<p>	   operations		   (6,689)		(37,916)</p>
<p> Net loss				(12,820)		(55,401)</p>
<p>Net loss per share</p>
<p>Net loss from continuing</p>
<p>     operations			  (0.39)		  (1.13)</p>
<p>Net loss from</p>
<p>     discontinued operations	 (0.42)		  (2.45)</p>
<p>   Net loss per share		  (0.81)		  (3.58)</p>
<p>Weighted average common shares</p>
<p>   outstanding			   15,865		  15,463</p>
<p>						  Year ended Dec. 31,</p>
<p>					   1996			 1995</p>
<p>				     (Unaudited)		 (Audited)</p>
<p> Revenues			 $  87,882		    $112,979</p>
<p>  Cost of revenues		 49,888			79,359</p>
<p>    Gross margin		   37,994			33,620</p>
<p>Operating Expenses</p>
<p>Selling, general and</p>
<p>     administrative		37,210			42,761</p>
<p>  Research and development     12,949			 9,974</p>
<p>   Settlements of litigation	554			   897</p>
<p>					 50,713			53,632</p>
<p>Net loss from operations:</p>
<p>				     (12,719)		    (20,012)</p>
<p> Interest, net			(952)		     (1,028)</p>
<p> Net loss from continuing    --------		    --------</p>
<p>   operations		    (13,671)		    (21,040)</p>
<p>Discontinued operations</p>
<p>  Loss from operations		 --		     (1,941)</p>
<p>   Loss on disposal	     (6,689)		    (34,601)</p>
<p>	 Net loss from</p>
<p>	  discontinued operations</p>
<p>					(6,689)		    (36,542)</p>
<p> Net loss			  (20,360)		    (57,582)</p>
<p>Net loss per share</p>
<p>Net loss from continuing</p>
<p>    operations		     (0.87)			(1.37)</p>
<p>Net loss from discontinued</p>
<p>    operations		     (0.43)			(2.39)</p>
<p> Net loss per share		(1.30)			(3.76)</p>
<p>Weighted average common shares</p>
<p>  outstanding			15,680			15,304</p>
</text>
<copyright>(c) Reuters Limited 1997</copyright>
<metadata>
<codes class="bip:countries:1.0">
  <code code="USA">
    <editdetail attribution="Reuters BIP Coding Group" action="confirmed" date="1997-03-13"/>
  </code>
</codes>
<codes class="bip:industries:1.0">
  <code code="I34400">
    <editdetail attribution="Reuters BIP Coding Group" action="confirmed" date="1997-03-13"/>
  </code>
</codes>
<codes class="bip:topics:1.0">
  <code code="C15">
    <editdetail attribution="Reuters BIP Coding Group" action="confirmed" date="1997-03-13"/>
  </code>
  <code code="C151">
    <editdetail attribution="Reuters BIP Coding Group" action="confirmed" date="1997-03-13"/>
  </code>
  <code code="C1511">
    <editdetail attribution="Reuters BIP Coding Group" action="confirmed" date="1997-03-13"/>
  </code>
  <code code="CCAT">
    <editdetail attribution="Reuters BIP Coding Group" action="confirmed" date="1997-03-13"/>
  </code>
</codes>
<dc element="dc.date.created" value="1997-03-13"/>
<dc element="dc.publisher" value="Reuters Holdings Plc"/>
<dc element="dc.date.published" value="1997-03-13"/>
<dc element="dc.source" value="Reuters"/>
<dc element="dc.creator.location" value="SAN JOSE, Calif."/>
<dc element="dc.creator.location.country.name" value="USA"/>
<dc element="dc.source" value="Reuters"/>
</metadata>
</newsitem>
