<?xml version="1.0" encoding="iso-8859-1" ?>
<newsitem itemid="438422" id="root" date="1997-03-13" xml:lang="en">
<title>USA: Sapiens promotes Weiss to COO.</title>
<headline>Sapiens promotes Weiss to COO.</headline>
<dateline>RESEARCH TRIANGLE PARK, N.C. 1997-03-13</dateline>
<text>
<p>Sapiens International Corp NV said on Thursday it promoted Moti Weiss to chief operating officer from chief financial officer, and named Laurie Hanover to his former post.</p>
<p>Hanover joined Sapiens from Scitex Corp Ltd, where she was controller.</p>
</text>
<copyright>(c) Reuters Limited 1997</copyright>
<metadata>
<codes class="bip:countries:1.0">
  <code code="USA">
    <editdetail attribution="Reuters BIP Coding Group" action="confirmed" date="1997-03-13"/>
  </code>
</codes>
<codes class="bip:industries:1.0">
  <code code="I33020">
    <editdetail attribution="Reuters BIP Coding Group" action="confirmed" date="1997-03-13"/>
  </code>
  <code code="I3302021">
    <editdetail attribution="Reuters BIP Coding Group" action="confirmed" date="1997-03-13"/>
  </code>
</codes>
<codes class="bip:topics:1.0">
  <code code="C41">
    <editdetail attribution="Reuters BIP Coding Group" action="confirmed" date="1997-03-13"/>
  </code>
  <code code="C411">
    <editdetail attribution="Reuters BIP Coding Group" action="confirmed" date="1997-03-13"/>
  </code>
  <code code="CCAT">
    <editdetail attribution="Reuters BIP Coding Group" action="confirmed" date="1997-03-13"/>
  </code>
</codes>
<dc element="dc.date.created" value="1997-03-13"/>
<dc element="dc.publisher" value="Reuters Holdings Plc"/>
<dc element="dc.date.published" value="1997-03-13"/>
<dc element="dc.source" value="Reuters"/>
<dc element="dc.creator.location" value="RESEARCH TRIANGLE PARK, N.C."/>
<dc element="dc.creator.location.country.name" value="USA"/>
<dc element="dc.source" value="Reuters"/>
</metadata>
</newsitem>
