<?xml version="1.0" encoding="iso-8859-1" ?>
<newsitem itemid="438477" id="root" date="1997-03-13" xml:lang="en">
<title>USA: N.Y. Fed Press Briefing - March 13.</title>
<headline>N.Y. Fed Press Briefing - March 13.</headline>
<dateline>NEW YORK 1997-03-13</dateline>
<text>
<p>The Federal Reserve said it had no large one day net misses in its reserve projections in the latest week, a Fed spokeswoman said.</p>
<p>The low in natural float occurred on Monday at about $350 million. The high in natural float was a bit under $1.3 billion on Thursday.</p>
<p>Transporation float averaged a bit under $100 million per day with the high on Thursday at about $600 million primarily due to weather related delays in the Midwest.</p>
<p>((-Caryn Trokie, 212-859-1660)</p>
</text>
<copyright>(c) Reuters Limited 1997</copyright>
<metadata>
<codes class="bip:countries:1.0">
  <code code="USA">
    <editdetail attribution="Reuters BIP Coding Group" action="confirmed" date="1997-03-13"/>
  </code>
</codes>
<codes class="bip:topics:1.0">
  <code code="E12">
    <editdetail attribution="Reuters BIP Coding Group" action="confirmed" date="1997-03-13"/>
  </code>
  <code code="E121">
    <editdetail attribution="Reuters BIP Coding Group" action="confirmed" date="1997-03-13"/>
  </code>
  <code code="ECAT">
    <editdetail attribution="Reuters BIP Coding Group" action="confirmed" date="1997-03-13"/>
  </code>
</codes>
<dc element="dc.date.created" value="1997-03-13"/>
<dc element="dc.publisher" value="Reuters Holdings Plc"/>
<dc element="dc.date.published" value="1997-03-13"/>
<dc element="dc.source" value="Reuters"/>
<dc element="dc.creator.location" value="NEW YORK"/>
<dc element="dc.creator.location.country.name" value="USA"/>
<dc element="dc.source" value="Reuters"/>
</metadata>
</newsitem>
