<?xml version="1.0" encoding="iso-8859-1" ?>
<newsitem itemid="438410" id="root" date="1997-03-13" xml:lang="en">
<title>USA: RESEARCH ALERT - Carulla raised to buy.</title>
<headline>RESEARCH ALERT - Carulla raised to buy.</headline>
<text>
<p>-- ING Barings said on Thursday analyst Alejandra Torres upgraded her rating for Colombian supermarket chain Carulla y Ca SA to buy from hold.</p>
<p>-- &quot;The change has been made on the basis of upside on stock price and revised EPS estimates following company management's announcement that Carulla will not issue its customary 20 percent stock dividend in 1997,&quot; Torres wrote in a report.</p>
<p>-- Torres revised Carulla's EPS estimates upward to $0.37 from $0.34 in 1997 and to $0.34 from $0.26 in 1998.</p>
<p>((-- Ian Simpson, Wall Street desk 212 859-1879))</p>
</text>
<copyright>(c) Reuters Limited 1997</copyright>
<metadata>
<codes class="bip:countries:1.0">
  <code code="COL">
    <editdetail attribution="Reuters BIP Coding Group" action="confirmed" date="1997-03-13"/>
  </code>
  <code code="USA">
    <editdetail attribution="Reuters BIP Coding Group" action="confirmed" date="1997-03-13"/>
  </code>
</codes>
<codes class="bip:topics:1.0">
  <code code="C15">
    <editdetail attribution="Reuters BIP Coding Group" action="confirmed" date="1997-03-13"/>
  </code>
  <code code="C152">
    <editdetail attribution="Reuters BIP Coding Group" action="confirmed" date="1997-03-13"/>
  </code>
  <code code="CCAT">
    <editdetail attribution="Reuters BIP Coding Group" action="confirmed" date="1997-03-13"/>
  </code>
</codes>
<dc element="dc.publisher" value="Reuters Holdings Plc"/>
<dc element="dc.date.published" value="1997-03-13"/>
<dc element="dc.source" value="Reuters"/>
<dc element="dc.creator.location.country.name" value="USA"/>
<dc element="dc.source" value="Reuters"/>
</metadata>
</newsitem>
