<?xml version="1.0" encoding="iso-8859-1" ?>
<newsitem itemid="438415" id="root" date="1997-03-13" xml:lang="en">
<title>USA: RESEARCH ALERT-Avon Products buy repeated.</title>
<headline>RESEARCH ALERT-Avon Products buy repeated.</headline>
<text>
<p>-- Rodman &amp; Renshaw Inc on Thursday reiterated its buy rating on Avon Products Inc, a cosmetics and personal-care company.</p>
<p>-- In late March, the company will introduce a product category called Avon Home, offering table-top and home decorative products, and such items as linens.</p>
<p>-- &quot;We believe this major new product entry will enable Avon to further leverage its direct selling organization while offering excellent product at value prices to consumers,&quot; Rodman &amp; Renshaw said in a report.</p>
<p>-- The firm's estimate for Avon's first-quarter earnings is $0.31 a share.</p>
<p>-- Avon shares were off 1-5/8 at 58-1/8 in early afternoon trading.</p>
<p>((Reuters Chicago Newsdesk (312) 408-8787))</p>
</text>
<copyright>(c) Reuters Limited 1997</copyright>
<metadata>
<codes class="bip:countries:1.0">
  <code code="USA">
    <editdetail attribution="Reuters BIP Coding Group" action="confirmed" date="1997-03-13"/>
  </code>
</codes>
<codes class="bip:industries:1.0">
  <code code="I25800">
    <editdetail attribution="Reuters BIP Coding Group" action="confirmed" date="1997-03-13"/>
  </code>
</codes>
<codes class="bip:topics:1.0">
  <code code="C15">
    <editdetail attribution="Reuters BIP Coding Group" action="confirmed" date="1997-03-13"/>
  </code>
  <code code="C152">
    <editdetail attribution="Reuters BIP Coding Group" action="confirmed" date="1997-03-13"/>
  </code>
  <code code="CCAT">
    <editdetail attribution="Reuters BIP Coding Group" action="confirmed" date="1997-03-13"/>
  </code>
</codes>
<dc element="dc.publisher" value="Reuters Holdings Plc"/>
<dc element="dc.date.published" value="1997-03-13"/>
<dc element="dc.source" value="Reuters"/>
<dc element="dc.creator.location.country.name" value="USA"/>
<dc element="dc.source" value="Reuters"/>
</metadata>
</newsitem>
