<?xml version="1.0" encoding="iso-8859-1" ?>
<newsitem itemid="438434" id="root" date="1997-03-13" xml:lang="en">
<title>USA: Toyota unit to open service center in Iowa.</title>
<headline>Toyota unit to open service center in Iowa.</headline>
<dateline>CEDAR RAPIDS, Iowa 1997-03-13</dateline>
<text>
<p>Toyota Motor Credit Corp said it will open a new national customer service station in the Cedar Rapids area that will create 200 new jobs over the next three years.</p>
<p>Toyota Motor Credit is a unit of Toyota Motor Corp's Toyota Motor Sales U.S.A. Inc, headquartered in Torrance, Calif. It provides retail leasing, retail and wholesale financing and certain other financial services to authorized U.S. Toyota, Lexus and Toyota industrial equipment dealers.</p>
<p>It said the new center will open late this year or early in 1998.</p>
<p>		((Reuters Chicago Newsdesk (312) 408-8787))</p>
</text>
<copyright>(c) Reuters Limited 1997</copyright>
<metadata>
<codes class="bip:countries:1.0">
  <code code="JAP">
    <editdetail attribution="Reuters BIP Coding Group" action="confirmed" date="1997-03-13"/>
  </code>
  <code code="USA">
    <editdetail attribution="Reuters BIP Coding Group" action="confirmed" date="1997-03-13"/>
  </code>
</codes>
<codes class="bip:industries:1.0">
  <code code="I35101">
    <editdetail attribution="Reuters BIP Coding Group" action="confirmed" date="1997-03-13"/>
  </code>
</codes>
<codes class="bip:topics:1.0">
  <code code="C24">
    <editdetail attribution="Reuters BIP Coding Group" action="confirmed" date="1997-03-13"/>
  </code>
  <code code="CCAT">
    <editdetail attribution="Reuters BIP Coding Group" action="confirmed" date="1997-03-13"/>
  </code>
</codes>
<dc element="dc.date.created" value="1997-03-13"/>
<dc element="dc.publisher" value="Reuters Holdings Plc"/>
<dc element="dc.date.published" value="1997-03-13"/>
<dc element="dc.source" value="Reuters"/>
<dc element="dc.creator.location" value="CEDAR RAPIDS, Iowa"/>
<dc element="dc.creator.location.country.name" value="USA"/>
<dc element="dc.source" value="Reuters"/>
</metadata>
</newsitem>
