<?xml version="1.0" encoding="iso-8859-1" ?>
<newsitem itemid="438430" id="root" date="1997-03-13" xml:lang="en">
<title>USA: FedEX says on track for $3 EPS fiscal '97.</title>
<headline>FedEX says on track for $3 EPS fiscal '97.</headline>
<dateline>PITTSBURGH 1997-03-13</dateline>
<text>
<p>Federal Express Corp is &quot;on track&quot; to earn $3 per share in fiscal 1997 ended May 31, Alan B. Graf, the company's chief financial officer, said Thursday.</p>
<p>&quot;If your projections (for the fiscal year) don't start with a three, you're too low,&quot; Graf told reporters in a conference call following the release of the company's fiscal third-quarter earnings.  </p>
<p>Federal Express earned $2.69 per share in fiscal 1996.</p>
<p>In the 1997 fiscal third quarter ended February 28, Federal Express earned $0.54 per share, in line with analysts' projections and above the $0.24 per share earned in the year- earlier period.</p>
<p>The company's international segment in the 1997 fiscal third quarter posted operating income of $33.8 million on revenues of $791 million.  </p>
<p>In the year-earlier quarter, the international segment posted an operating loss of $12.7 million on revenues of $661.1 million.</p>
<p>Graf expected continued strong results in the international segment.</p>
<p>&quot;We think international priority is the best story Federal Express has to tell right now,&quot; he said.</p>
</text>
<copyright>(c) Reuters Limited 1997</copyright>
<metadata>
<codes class="bip:countries:1.0">
  <code code="USA">
    <editdetail attribution="Reuters BIP Coding Group" action="confirmed" date="1997-03-13"/>
  </code>
</codes>
<codes class="bip:industries:1.0">
  <code code="I77002">
    <editdetail attribution="Reuters BIP Coding Group" action="confirmed" date="1997-03-13"/>
  </code>
</codes>
<codes class="bip:topics:1.0">
  <code code="C15">
    <editdetail attribution="Reuters BIP Coding Group" action="confirmed" date="1997-03-13"/>
  </code>
  <code code="C152">
    <editdetail attribution="Reuters BIP Coding Group" action="confirmed" date="1997-03-13"/>
  </code>
  <code code="CCAT">
    <editdetail attribution="Reuters BIP Coding Group" action="confirmed" date="1997-03-13"/>
  </code>
</codes>
<dc element="dc.date.created" value="1997-03-13"/>
<dc element="dc.publisher" value="Reuters Holdings Plc"/>
<dc element="dc.date.published" value="1997-03-13"/>
<dc element="dc.source" value="Reuters"/>
<dc element="dc.creator.location" value="PITTSBURGH"/>
<dc element="dc.creator.location.country.name" value="USA"/>
<dc element="dc.source" value="Reuters"/>
</metadata>
</newsitem>
