<?xml version="1.0" encoding="iso-8859-1" ?>
<newsitem itemid="438446" id="root" date="1997-03-13" xml:lang="en">
<title>USA: Topro says to redeem 1,043,447 warrants.</title>
<headline>Topro says to redeem 1,043,447 warrants.</headline>
<dateline>DENVER 1997-03-13</dateline>
<text>
<p>Topro Inc. said on Thursday it issued a Notice of Redemption for 1,043,447 of its outstanding privately issued common stock purchase warrants.</p>
<p>Warrants called for redemption not exercised on or before the April 11, 1997, redemption date will be canceled, the company said.</p>
<p>The company added that if all of the warrants called are exercised, it will receive $1,054,000 in cash that will be applied to support its growth-driven working capital requirements.</p>
</text>
<copyright>(c) Reuters Limited 1997</copyright>
<metadata>
<codes class="bip:countries:1.0">
  <code code="USA">
    <editdetail attribution="Reuters BIP Coding Group" action="confirmed" date="1997-03-13"/>
  </code>
</codes>
<codes class="bip:industries:1.0">
  <code code="I34420">
    <editdetail attribution="Reuters BIP Coding Group" action="confirmed" date="1997-03-13"/>
  </code>
</codes>
<codes class="bip:topics:1.0">
  <code code="C17">
    <editdetail attribution="Reuters BIP Coding Group" action="confirmed" date="1997-03-13"/>
  </code>
  <code code="C171">
    <editdetail attribution="Reuters BIP Coding Group" action="confirmed" date="1997-03-13"/>
  </code>
  <code code="CCAT">
    <editdetail attribution="Reuters BIP Coding Group" action="confirmed" date="1997-03-13"/>
  </code>
</codes>
<dc element="dc.date.created" value="1997-03-13"/>
<dc element="dc.publisher" value="Reuters Holdings Plc"/>
<dc element="dc.date.published" value="1997-03-13"/>
<dc element="dc.source" value="Reuters"/>
<dc element="dc.creator.location" value="DENVER"/>
<dc element="dc.creator.location.country.name" value="USA"/>
<dc element="dc.source" value="Reuters"/>
</metadata>
</newsitem>
