<?xml version="1.0" encoding="iso-8859-1" ?>
<newsitem itemid="438478" id="root" date="1997-03-13" xml:lang="en">
<title>USA: NYSE weekly program trading averages 12.6 pct.</title>
<headline>NYSE weekly program trading averages 12.6 pct.</headline>
<dateline>NEW YORK 1997-03-13</dateline>
<text>
<p>The New York Stock Exchange said Thursday that program trading averaged 12.6 percent of its average daily trading volume of 510.6 million shares, or 64.2 million shares, for the week of March 3-7.</p>
<p>Of the 64.2 million shares traded during the week, buy programs accounted for a daily average of 28.5 million shares and sell programs an average of 35.7 million shares</p>
<p>In all markets, program trading averaged 92.2 million shares in the week. NYSE accounted for 69.6 percent, non- U.S. markets 14.4 percent, and domestic markets, including Nasdaq, American Stock Exchange and regional markets, 16 percent.  </p>
<p>The five member firms reporting the most program activity were BNP Securities, NatWest, Morgan Stanley, Salomon Bros and Interactive Brokers.</p>
<p>All five executed all or most of their program activity for cutomers, as agents or facilitator, NYSE said.</p>
<p>Program trading includes a wide range of portfolio-trading strategies involving the purchase or sale of a basket of at least 15 stocks with a total value of $1.0 millon or more.</p>
</text>
<copyright>(c) Reuters Limited 1997</copyright>
<metadata>
<codes class="bip:countries:1.0">
  <code code="USA">
    <editdetail attribution="Reuters BIP Coding Group" action="confirmed" date="1997-03-13"/>
  </code>
</codes>
<codes class="bip:topics:1.0">
  <code code="M11">
    <editdetail attribution="Reuters BIP Coding Group" action="confirmed" date="1997-03-13"/>
  </code>
  <code code="MCAT">
    <editdetail attribution="Reuters BIP Coding Group" action="confirmed" date="1997-03-13"/>
  </code>
</codes>
<dc element="dc.date.created" value="1997-03-13"/>
<dc element="dc.publisher" value="Reuters Holdings Plc"/>
<dc element="dc.date.published" value="1997-03-13"/>
<dc element="dc.source" value="Reuters"/>
<dc element="dc.creator.location" value="NEW YORK"/>
<dc element="dc.creator.location.country.name" value="USA"/>
<dc element="dc.source" value="Reuters"/>
</metadata>
</newsitem>
