<?xml version="1.0" encoding="iso-8859-1" ?>
<newsitem itemid="438463" id="root" date="1997-03-13" xml:lang="en">
<title>USA: CSCE cocoa jumps to new seven-month highs.</title>
<headline>CSCE cocoa jumps to new seven-month highs.</headline>
<dateline>NEW YORK 1997-03-13</dateline>
<text>
<p>CSCE cocoa futures soared to fresh seven-month highs on Thursday, on heavy speculative short-covering amid an improving fundamental outlook, trading sources said.</p>
<p>&quot;Things have switched over to the buy side,&quot; said one market participant. &quot;We are close to the point where short-covering has come to an end and flipping over to outright buying.&quot;</p>
<p>&quot;I think they realized its a deficit season and at some point this thing has to go higher,&quot; he added.</p>
<p>Most-active May futures vaulted to a session high of $1,477, before a late round of selling by the trade cut into gains, dealers said.</p>
<p>By the close, May stood at $1,454, up $40 a tonne on the day, after sinking to a low of $1,403 early on. July finished $35 higher, at $1,474, while the rest gained $27 to $49.</p>
<p>&quot;I think we can approach $1,500 basis May and the fundamentals support that,&quot; said Dean Witter analyst Corey Bell. &quot;There is not only a going to be a deficit, but a smaller crop out the Ivory Coast and uncertainty about the mid-crop has made people lean toward the bullish side.&quot;</p>
<p>A flurry of news this week from the International Cocoa Organization in London also buoyed sentiment.</p>
<p>On Monday, Ivory Coast commodities minister Guy-Alain Gauze said the country's 1996/97 crop will be below one million tonnes and that it had now sold 800,000 tonnes of cocoa and had no more to sell.</p>
<p>Additionally, comments by Phibro director Anthony Ward were perceived as friendly. Ward said he believed prices in London could hit 1,500 stg a tonne because of a structural deficit . Phibro is a major player in cocoa market.</p>
<p>The New York market headed lower at the opening Thusday on the heels of a weak performance in London. The May contract slipped $11, partially filling a chart gap formed Tuesday between $1,408 and $1,395 before reversing course.</p>
<p>Technically, dealers said May was likely to face near-term resistance near today's high of $1,477, while support was seen around $1,438.</p>
<p>An estimated 18,030 lots changed hands on the day, down from Wednesday's official total of 11,356 lots. ((--Patricia Avidan, New York Commodity Desk +1 212 859 1640))</p>
</text>
<copyright>(c) Reuters Limited 1997</copyright>
<metadata>
<codes class="bip:countries:1.0">
  <code code="USA">
    <editdetail attribution="Reuters BIP Coding Group" action="confirmed" date="1997-03-13"/>
  </code>
</codes>
<codes class="bip:topics:1.0">
  <code code="M14">
    <editdetail attribution="Reuters BIP Coding Group" action="confirmed" date="1997-03-13"/>
  </code>
  <code code="M141">
    <editdetail attribution="Reuters BIP Coding Group" action="confirmed" date="1997-03-13"/>
  </code>
  <code code="MCAT">
    <editdetail attribution="Reuters BIP Coding Group" action="confirmed" date="1997-03-13"/>
  </code>
</codes>
<dc element="dc.date.created" value="1997-03-13"/>
<dc element="dc.publisher" value="Reuters Holdings Plc"/>
<dc element="dc.date.published" value="1997-03-13"/>
<dc element="dc.source" value="Reuters"/>
<dc element="dc.creator.location" value="NEW YORK"/>
<dc element="dc.creator.location.country.name" value="USA"/>
<dc element="dc.source" value="Reuters"/>
</metadata>
</newsitem>
