<?xml version="1.0" encoding="iso-8859-1" ?>
<newsitem itemid="438428" id="root" date="1997-03-13" xml:lang="en">
<title>USA: Guitar Center prices public offering.</title>
<headline>Guitar Center prices public offering.</headline>
<dateline>AGOURA HILLS, Calif. 1997-03-13</dateline>
<text>
<p>Guitar Center Inc said Thursday it had priced its initial public offering of 6,750,000 shares of common stock at $15 a share.</p>
<p>The shares which were offered by the company will begin trading on Nasdaq on March 14.</p>
<p>Goldman, Sachs &amp; Co., Donaldson, Lufkin &amp; Jenrette Securities Corp, Montgomery Securities, Dain Bosworth Inc and Chase Securities Inc were the managing underwriters in the offering. The company has granted the underwriters an overallotment option to purchase up to an additional 1,102,500 shares of common stock which may be exercised by the within 30 days following the pricing of the offering.</p>
</text>
<copyright>(c) Reuters Limited 1997</copyright>
<metadata>
<codes class="bip:countries:1.0">
  <code code="USA">
    <editdetail attribution="Reuters BIP Coding Group" action="confirmed" date="1997-03-13"/>
  </code>
</codes>
<codes class="bip:topics:1.0">
  <code code="C14">
    <editdetail attribution="Reuters BIP Coding Group" action="confirmed" date="1997-03-13"/>
  </code>
  <code code="C17">
    <editdetail attribution="Reuters BIP Coding Group" action="confirmed" date="1997-03-13"/>
  </code>
  <code code="C171">
    <editdetail attribution="Reuters BIP Coding Group" action="confirmed" date="1997-03-13"/>
  </code>
  <code code="CCAT">
    <editdetail attribution="Reuters BIP Coding Group" action="confirmed" date="1997-03-13"/>
  </code>
</codes>
<dc element="dc.date.created" value="1997-03-13"/>
<dc element="dc.publisher" value="Reuters Holdings Plc"/>
<dc element="dc.date.published" value="1997-03-13"/>
<dc element="dc.source" value="Reuters"/>
<dc element="dc.creator.location" value="AGOURA HILLS, Calif."/>
<dc element="dc.creator.location.country.name" value="USA"/>
<dc element="dc.source" value="Reuters"/>
</metadata>
</newsitem>
