<?xml version="1.0" encoding="iso-8859-1" ?>
<newsitem itemid="438495" id="root" date="1997-03-13" xml:lang="en">
<title>USA: MEHL/Biophile unit's laser gets FDA nod.</title>
<headline>MEHL/Biophile unit's laser gets FDA nod.</headline>
<dateline>GAINESVILLE, Fla. 1997-03-13</dateline>
<text>
<p>MEHL/Biophile International Inc said on Thursday its Selvac Acquisition Corp subsidiary received marketing clearance from the U.S. Food and Drug Administration for a hair removal system which is the subject of a patent dispute.</p>
<p>The company said marketing in the United States for its proprietary CHROMOS 694 long pulse ruby laser hair removal system would begin immediately.</p>
<p>Palomar Medical Technologies Inc also claims proprietary rights to the hair removal laser technology and said its EpiLaser received FDA clearance on March 10. Palomar said it was issued a U.S. patent protecting the technology.</p>
<p>But MEHL/Biophile contends Palomar infringed on its patented method of hair removal and alleged Palomar marketed its products before receiving FDA clearance. Palomar has denied the allegations.</p>
<p>Palomar said on Wednesday it filed a declaratory judgment suit against MEHL months before MEHL accused Palomar of patent infringement.</p>
<p>MEHL said its SLS Biophile subsidiary has already received approval for marketing the CHROMOS 694 laser in Europe and other parts of the world.</p>
<p>Laser Industries Inc has also said it received FDA marketing clearance for a different hair removal laser, which it called EpiTouch.</p>
<p>Laser Industries licensed the patent for this laser from MEHL/Biophile, MEHL said, adding it then filed a lawsuit against Laser to have this non-exclusive license rescinded.</p>
<p>((New York newsdesk 212-859-1610))</p>
</text>
<copyright>(c) Reuters Limited 1997</copyright>
<metadata>
<codes class="bip:countries:1.0">
  <code code="USA">
    <editdetail attribution="Reuters BIP Coding Group" action="confirmed" date="1997-03-13"/>
  </code>
</codes>
<codes class="bip:industries:1.0">
  <code code="I37000">
    <editdetail attribution="Reuters BIP Coding Group" action="confirmed" date="1997-03-13"/>
  </code>
  <code code="I37200">
    <editdetail attribution="Reuters BIP Coding Group" action="confirmed" date="1997-03-13"/>
  </code>
</codes>
<codes class="bip:topics:1.0">
  <code code="C13">
    <editdetail attribution="Reuters BIP Coding Group" action="confirmed" date="1997-03-13"/>
  </code>
  <code code="C22">
    <editdetail attribution="Reuters BIP Coding Group" action="confirmed" date="1997-03-13"/>
  </code>
  <code code="CCAT">
    <editdetail attribution="Reuters BIP Coding Group" action="confirmed" date="1997-03-13"/>
  </code>
</codes>
<dc element="dc.date.created" value="1997-03-13"/>
<dc element="dc.publisher" value="Reuters Holdings Plc"/>
<dc element="dc.date.published" value="1997-03-13"/>
<dc element="dc.source" value="Reuters"/>
<dc element="dc.creator.location" value="GAINESVILLE, Fla."/>
<dc element="dc.creator.location.country.name" value="USA"/>
<dc element="dc.source" value="Reuters"/>
</metadata>
</newsitem>
