<?xml version="1.0" encoding="iso-8859-1" ?>
<newsitem itemid="438461" id="root" date="1997-03-13" xml:lang="en">
<title>USA: PSINet stake cut by Amerindo group.</title>
<headline>PSINet stake cut by Amerindo group.</headline>
<dateline>WASHINGTON 1997-03-13</dateline>
<text>
<p>A group including Amerindo Investment Advisors said Thursday it reduced its stake in PSINet Inc to 3,428,430 common shares or 8.55 percent.</p>
<p>In a filing with the Securities and Exchange Commission, the group said its latest transactions include the sale of 300,000 common shares between January 7 and March 7 at prices ranging from $7.191 to $11.438 per share.</p>
<p>Amerindo is a San Francisco, Calif., based investment advisory firm. PSINet, based in Herndon, VA., provides turnkey corporate Internet and intranet access.</p>
</text>
<copyright>(c) Reuters Limited 1997</copyright>
<metadata>
<codes class="bip:countries:1.0">
  <code code="USA">
    <editdetail attribution="Reuters BIP Coding Group" action="confirmed" date="1997-03-13"/>
  </code>
</codes>
<codes class="bip:industries:1.0">
  <code code="I33020">
    <editdetail attribution="Reuters BIP Coding Group" action="confirmed" date="1997-03-13"/>
  </code>
  <code code="I3302021">
    <editdetail attribution="Reuters BIP Coding Group" action="confirmed" date="1997-03-13"/>
  </code>
</codes>
<codes class="bip:topics:1.0">
  <code code="C18">
    <editdetail attribution="Reuters BIP Coding Group" action="confirmed" date="1997-03-13"/>
  </code>
  <code code="C181">
    <editdetail attribution="Reuters BIP Coding Group" action="confirmed" date="1997-03-13"/>
  </code>
  <code code="CCAT">
    <editdetail attribution="Reuters BIP Coding Group" action="confirmed" date="1997-03-13"/>
  </code>
</codes>
<dc element="dc.date.created" value="1997-03-13"/>
<dc element="dc.publisher" value="Reuters Holdings Plc"/>
<dc element="dc.date.published" value="1997-03-13"/>
<dc element="dc.source" value="Reuters"/>
<dc element="dc.creator.location" value="WASHINGTON"/>
<dc element="dc.creator.location.country.name" value="USA"/>
<dc element="dc.source" value="Reuters"/>
</metadata>
</newsitem>
