<?xml version="1.0" encoding="iso-8859-1" ?>
<newsitem itemid="438454" id="root" date="1997-03-13" xml:lang="en">
<title>USA: Carlyle Golf Q1 Jan 31 shr loss $0.07.</title>
<headline>Carlyle Golf Q1 Jan 31 shr loss $0.07.</headline>
<dateline>DENVER 1997-03-13</dateline>
<text>
<p>Three Months Ended  Three Months Ended</p>
<p>				January 31, 1997    January 31, 1996</p>
<p>Net Sales			   $778,538		$433,492</p>
<p>Cost of Sales		     $636,929		$383,962</p>
<p>Gross Profit			$141,609		 $49,530</p>
<p>Selling, General and</p>
<p>  Administrative Expenses     $487,913		$401,691</p>
<p>Loss from Operations	  $(346,304)	    $(352,161)</p>
<p>Other Income (Expense)	 $(26,561)	     $(20,348)</p>
<p>Net Income/(Loss)	     $(372,865)	    $(372,509)</p>
<p>Earnings/(Loss)</p>
<p>  per common share		 $(0.07)		 $(0.09)</p>
<p>Weighted average</p>
<p>  shares outstanding	   5,023,498	     4,261,701</p>
<p>((-- New York Newsdesk 212 859-1610))</p>
</text>
<copyright>(c) Reuters Limited 1997</copyright>
<metadata>
<codes class="bip:countries:1.0">
  <code code="USA">
    <editdetail attribution="Reuters BIP Coding Group" action="confirmed" date="1997-03-13"/>
  </code>
</codes>
<codes class="bip:industries:1.0">
  <code code="I49420">
    <editdetail attribution="Reuters BIP Coding Group" action="confirmed" date="1997-03-13"/>
  </code>
</codes>
<codes class="bip:topics:1.0">
  <code code="C15">
    <editdetail attribution="Reuters BIP Coding Group" action="confirmed" date="1997-03-13"/>
  </code>
  <code code="C151">
    <editdetail attribution="Reuters BIP Coding Group" action="confirmed" date="1997-03-13"/>
  </code>
  <code code="CCAT">
    <editdetail attribution="Reuters BIP Coding Group" action="confirmed" date="1997-03-13"/>
  </code>
</codes>
<dc element="dc.date.created" value="1997-03-13"/>
<dc element="dc.publisher" value="Reuters Holdings Plc"/>
<dc element="dc.date.published" value="1997-03-13"/>
<dc element="dc.source" value="Reuters"/>
<dc element="dc.creator.location" value="DENVER"/>
<dc element="dc.creator.location.country.name" value="USA"/>
<dc element="dc.source" value="Reuters"/>
</metadata>
</newsitem>
