<?xml version="1.0" encoding="iso-8859-1" ?>
<newsitem itemid="438432" id="root" date="1997-03-13" xml:lang="en">
<title>USA: Scandinavian Broadcast q4 shr loss $1.30.</title>
<headline>Scandinavian Broadcast q4 shr loss $1.30.</headline>
<dateline>NEW YORK 1997-03-13</dateline>
<text>
<p>1996			1995</p>
<p> Shr primary loss $1.30	 loss     $1.05</p>
<p> Net loss	  17,715	loss     14,271</p>
<p> Revs		57,786		   42,975</p>
<p> Avg shrs primary13,671		   13,576</p>
<p>	  12 MONTHSended December 31</p>
<p> Shr primary loss$4.96	 loss     $4.23</p>
<p> Net loss	  67,539	loss     57,349</p>
<p> Revs		182,434		  108,788</p>
<p> Avg shrs primary13,605		   13,551</p>
<p>(All data above in thousands of U.S. dollars, except per-share figures.)</p>
<p>Scandinavian Broadcasting System SA is full company name.</p>
</text>
<copyright>(c) Reuters Limited 1997</copyright>
<metadata>
<codes class="bip:countries:1.0">
  <code code="USA">
    <editdetail attribution="Reuters BIP Coding Group" action="confirmed" date="1997-03-13"/>
  </code>
</codes>
<codes class="bip:industries:1.0">
  <code code="I9741102">
    <editdetail attribution="Reuters BIP Coding Group" action="confirmed" date="1997-03-13"/>
  </code>
</codes>
<codes class="bip:topics:1.0">
  <code code="C15">
    <editdetail attribution="Reuters BIP Coding Group" action="confirmed" date="1997-03-13"/>
  </code>
  <code code="C151">
    <editdetail attribution="Reuters BIP Coding Group" action="confirmed" date="1997-03-13"/>
  </code>
  <code code="C1511">
    <editdetail attribution="Reuters BIP Coding Group" action="confirmed" date="1997-03-13"/>
  </code>
  <code code="CCAT">
    <editdetail attribution="Reuters BIP Coding Group" action="confirmed" date="1997-03-13"/>
  </code>
</codes>
<dc element="dc.date.created" value="1997-03-13"/>
<dc element="dc.publisher" value="Reuters Holdings Plc"/>
<dc element="dc.date.published" value="1997-03-13"/>
<dc element="dc.source" value="Reuters"/>
<dc element="dc.creator.location" value="NEW YORK"/>
<dc element="dc.creator.location.country.name" value="USA"/>
<dc element="dc.source" value="Reuters"/>
</metadata>
</newsitem>
