<?xml version="1.0" encoding="iso-8859-1" ?>
<newsitem itemid="438426" id="root" date="1997-03-13" xml:lang="en">
<title>USA: RESEARCH ALERT - California Micro raised.</title>
<headline>RESEARCH ALERT - California Micro raised.</headline>
<text>
<p>-- Salomon Bros analyst Erika Klauer said in a research note she raised her recommendation on California Micro Devices Corp to strong buy from hold.  </p>
<p>-- Klauer cited reduced manufacturing costs, products that are made more efficiently and with fewer components, an expected increase in 1998 order levels, and the recent settlement of a class action lawsuit involving the company, which should save the company $1 million per year in expenses.</p>
<p>-- Fiscal 1997 earnings estimate is unchanged at $0.08 per share, and the 1998 estimate has been raised $0.05, to $0.45 a share.</p>
<p>-- A preliminary fiscal 1999 estimate of $1.00 per share has been set, and the 12-month share price target is $12.</p>
<p>-- Shares were up 1-3/16 to 8-1/8 in midday Nasdaq trade.</p>
<p>((--Wall Street Desk, 212-859-1730))</p>
</text>
<copyright>(c) Reuters Limited 1997</copyright>
<metadata>
<codes class="bip:countries:1.0">
  <code code="USA">
    <editdetail attribution="Reuters BIP Coding Group" action="confirmed" date="1997-03-13"/>
  </code>
</codes>
<codes class="bip:industries:1.0">
  <code code="I34531">
    <editdetail attribution="Reuters BIP Coding Group" action="confirmed" date="1997-03-13"/>
  </code>
</codes>
<codes class="bip:topics:1.0">
  <code code="C15">
    <editdetail attribution="Reuters BIP Coding Group" action="confirmed" date="1997-03-13"/>
  </code>
  <code code="C152">
    <editdetail attribution="Reuters BIP Coding Group" action="confirmed" date="1997-03-13"/>
  </code>
  <code code="CCAT">
    <editdetail attribution="Reuters BIP Coding Group" action="confirmed" date="1997-03-13"/>
  </code>
</codes>
<dc element="dc.publisher" value="Reuters Holdings Plc"/>
<dc element="dc.date.published" value="1997-03-13"/>
<dc element="dc.source" value="Reuters"/>
<dc element="dc.creator.location.country.name" value="USA"/>
<dc element="dc.source" value="Reuters"/>
</metadata>
</newsitem>
