<?xml version="1.0" encoding="iso-8859-1" ?>
<newsitem itemid="438421" id="root" date="1997-03-13" xml:lang="en">
<title>USA: RESEARCH ALERT - ITT Educational started.</title>
<headline>RESEARCH ALERT - ITT Educational started.</headline>
<text>
<p>-- Deutsche Morgan Grenfell said it initiated coverage of ITT Educational Services Inc with a buy rating.</p>
<p>-- expects ITT Educational to earn $0.70 a share in 1997 and $0.88 in 1998.</p>
<p>-- set a 12-month price target of $35 on the stock.</p>
<p>-- ITT Educational was up 1/2 to 24-3/8.</p>
</text>
<copyright>(c) Reuters Limited 1997</copyright>
<metadata>
<codes class="bip:countries:1.0">
  <code code="USA">
    <editdetail attribution="Reuters BIP Coding Group" action="confirmed" date="1997-03-13"/>
  </code>
</codes>
<codes class="bip:industries:1.0">
  <code code="I66500">
    <editdetail attribution="Reuters BIP Coding Group" action="confirmed" date="1997-03-13"/>
  </code>
</codes>
<codes class="bip:topics:1.0">
  <code code="C15">
    <editdetail attribution="Reuters BIP Coding Group" action="confirmed" date="1997-03-13"/>
  </code>
  <code code="C152">
    <editdetail attribution="Reuters BIP Coding Group" action="confirmed" date="1997-03-13"/>
  </code>
  <code code="CCAT">
    <editdetail attribution="Reuters BIP Coding Group" action="confirmed" date="1997-03-13"/>
  </code>
</codes>
<dc element="dc.publisher" value="Reuters Holdings Plc"/>
<dc element="dc.date.published" value="1997-03-13"/>
<dc element="dc.source" value="Reuters"/>
<dc element="dc.creator.location.country.name" value="USA"/>
<dc element="dc.source" value="Reuters"/>
</metadata>
</newsitem>
