<?xml version="1.0" encoding="iso-8859-1" ?>
<newsitem itemid="438481" id="root" date="1997-03-13" xml:lang="en">
<title>USA: US banks free reserves $1.037 mln/day Mar 12 2 wks.</title>
<headline>US banks free reserves $1.037 mln/day Mar 12 2 wks.</headline>
<dateline>NEW YORK 1997-03-13</dateline>
<text>
<p>U.S. commercial banks had free reserves of $1.037 billion per day in the two weeks ended March 12, versus revised free reserves of $945 million in the previous two-week period, the Federal Reserve said.</p>
<p>Seasonal borrowings were $27 million versus $23 million a day. Extended credits were nil.</p>
<p>-- N.A. Treasury Desk, 212-859-1660</p>
</text>
<copyright>(c) Reuters Limited 1997</copyright>
<metadata>
<codes class="bip:countries:1.0">
  <code code="USA">
    <editdetail attribution="Reuters BIP Coding Group" action="confirmed" date="1997-03-13"/>
  </code>
</codes>
<codes class="bip:topics:1.0">
  <code code="E12">
    <editdetail attribution="Reuters BIP Coding Group" action="confirmed" date="1997-03-13"/>
  </code>
  <code code="E121">
    <editdetail attribution="Reuters BIP Coding Group" action="confirmed" date="1997-03-13"/>
  </code>
  <code code="ECAT">
    <editdetail attribution="Reuters BIP Coding Group" action="confirmed" date="1997-03-13"/>
  </code>
</codes>
<dc element="dc.date.created" value="1997-03-13"/>
<dc element="dc.publisher" value="Reuters Holdings Plc"/>
<dc element="dc.date.published" value="1997-03-13"/>
<dc element="dc.source" value="Reuters"/>
<dc element="dc.creator.location" value="NEW YORK"/>
<dc element="dc.creator.location.country.name" value="USA"/>
<dc element="dc.source" value="Reuters"/>
</metadata>
</newsitem>
