<?xml version="1.0" encoding="iso-8859-1" ?>
<newsitem itemid="438401" id="root" date="1997-03-13" xml:lang="en">
<title>USA: Federal Reserve report 1 (H.3/H.4.1) - March 13.</title>
<headline>Federal Reserve report 1 (H.3/H.4.1) - March 13.</headline>
<text>
<p>Two weeks ended March 12 - daily avgs-millions (H.3)</p>
<p> Free reserves..............1,037  vs..rvsd...945</p>
<p> Bank borrowings...............35  vs..........50</p>
<p> Seasonal loans................27  vs..........23</p>
<p> Extended loans...............nil  vs........unch</p>
<p> Excess reserves............1,072  vs.........995</p>
<p> Required reserves (adj)...47,359  vs......47,847</p>
<p> Required reserves.........46,690  vs......46,498</p>
<p> Total reserves............47,761  vs......47,493</p>
<p> Non-borrowed reserves.....47,726  vs......47,443</p>
<p> Monetary base (unadj)....460,730  vs.....459,974</p>
</text>
<copyright>(c) Reuters Limited 1997</copyright>
<metadata>
<codes class="bip:countries:1.0">
  <code code="USA">
    <editdetail attribution="Reuters BIP Coding Group" action="confirmed" date="1997-03-13"/>
  </code>
</codes>
<codes class="bip:topics:1.0">
  <code code="E12">
    <editdetail attribution="Reuters BIP Coding Group" action="confirmed" date="1997-03-13"/>
  </code>
  <code code="E121">
    <editdetail attribution="Reuters BIP Coding Group" action="confirmed" date="1997-03-13"/>
  </code>
  <code code="ECAT">
    <editdetail attribution="Reuters BIP Coding Group" action="confirmed" date="1997-03-13"/>
  </code>
</codes>
<dc element="dc.publisher" value="Reuters Holdings Plc"/>
<dc element="dc.date.published" value="1997-03-13"/>
<dc element="dc.source" value="Reuters"/>
<dc element="dc.creator.location.country.name" value="USA"/>
<dc element="dc.source" value="Reuters"/>
</metadata>
</newsitem>
