<?xml version="1.0" encoding="iso-8859-1" ?>
<newsitem itemid="438407" id="root" date="1997-03-13" xml:lang="en">
<title>USA: RESEARCH ALERT - GFNorte started as hold.</title>
<headline>RESEARCH ALERT - GFNorte started as hold.</headline>
<text>
<p>-- Deutsche Morgan Grenfell analysts Susana Ornelas and Enrique Pani on Thursday started coverage of Mexico's Grupo Financiero Banorte SA de CV, or GFNorte, with a rating of hold.</p>
<p>-- &quot;Although the stock looks attractive on both a traditional and adjusted P/BV basis, there is an important degree of uncertainty associated with its expansion plans ...,&quot; they wrote in a report.</p>
<p>-- Shares in the company were unchanged at 8.40 pesos in Mexico City.</p>
<p>((--Ian Simpson, Wall Street desk, (212) 859-1879))</p>
</text>
<copyright>(c) Reuters Limited 1997</copyright>
<metadata>
<codes class="bip:countries:1.0">
  <code code="MEX">
    <editdetail attribution="Reuters BIP Coding Group" action="confirmed" date="1997-03-13"/>
  </code>
  <code code="USA">
    <editdetail attribution="Reuters BIP Coding Group" action="confirmed" date="1997-03-13"/>
  </code>
</codes>
<codes class="bip:industries:1.0">
  <code code="I83100">
    <editdetail attribution="Reuters BIP Coding Group" action="confirmed" date="1997-03-13"/>
  </code>
</codes>
<codes class="bip:topics:1.0">
  <code code="C15">
    <editdetail attribution="Reuters BIP Coding Group" action="confirmed" date="1997-03-13"/>
  </code>
  <code code="C152">
    <editdetail attribution="Reuters BIP Coding Group" action="confirmed" date="1997-03-13"/>
  </code>
  <code code="CCAT">
    <editdetail attribution="Reuters BIP Coding Group" action="confirmed" date="1997-03-13"/>
  </code>
</codes>
<dc element="dc.publisher" value="Reuters Holdings Plc"/>
<dc element="dc.date.published" value="1997-03-13"/>
<dc element="dc.source" value="Reuters"/>
<dc element="dc.creator.location.country.name" value="USA"/>
<dc element="dc.source" value="Reuters"/>
</metadata>
</newsitem>
