<?xml version="1.0" encoding="iso-8859-1" ?>
<newsitem itemid="438452" id="root" date="1997-03-13" xml:lang="en">
<title>USA: Cable Link Inc Q4 full results.</title>
<headline>Cable Link Inc Q4 full results.</headline>
<dateline>COLUMBUS, Ohio 1997-03-13</dateline>
<text>
<p>1996		 1995</p>
<p>					    (Audited)	   (Audited)</p>
<p> Net Sales				8,248,814	   7,650,356</p>
<p>   Cost of Goods Sold		 5,612,731	   5,106,947</p>
<p>   Operating Expenses		 2,556,050	   2,818,169</p>
<p> Total Expenses			 8,168,781	   7,925,116</p>
<p> Income from Operation		   80,033	   (274,760)</p>
<p>   Interest Expense		    (84,112)	    (74,228)</p>
<p>   Other Income (Expenses)		4,665	    (11,094)</p>
<p> Income (Loss) Before Taxes		 586	   (360,082)</p>
<p>   Provision for Taxes		 (17,628)	    (68,904)</p>
<p> Net income (Loss)			 18,214	   (291,178)</p>
<p> Shares Outstanding		     857,300	     818,168</p>
<p> Net Earnings (Loss) Per Share	   0.02		(0.36)</p>
<p>((-- New York Newsdesk 212 859-1610))</p>
</text>
<copyright>(c) Reuters Limited 1997</copyright>
<metadata>
<codes class="bip:countries:1.0">
  <code code="USA">
    <editdetail attribution="Reuters BIP Coding Group" action="confirmed" date="1997-03-13"/>
  </code>
</codes>
<codes class="bip:topics:1.0">
  <code code="C15">
    <editdetail attribution="Reuters BIP Coding Group" action="confirmed" date="1997-03-13"/>
  </code>
  <code code="C151">
    <editdetail attribution="Reuters BIP Coding Group" action="confirmed" date="1997-03-13"/>
  </code>
  <code code="C1511">
    <editdetail attribution="Reuters BIP Coding Group" action="confirmed" date="1997-03-13"/>
  </code>
  <code code="CCAT">
    <editdetail attribution="Reuters BIP Coding Group" action="confirmed" date="1997-03-13"/>
  </code>
</codes>
<dc element="dc.date.created" value="1997-03-13"/>
<dc element="dc.publisher" value="Reuters Holdings Plc"/>
<dc element="dc.date.published" value="1997-03-13"/>
<dc element="dc.source" value="Reuters"/>
<dc element="dc.creator.location" value="COLUMBUS, Ohio"/>
<dc element="dc.creator.location.country.name" value="USA"/>
<dc element="dc.source" value="Reuters"/>
</metadata>
</newsitem>
