<?xml version="1.0" encoding="iso-8859-1" ?>
<newsitem itemid="438462" id="root" date="1997-03-13" xml:lang="en">
<title>USA: AFTER THE BELL - Employee Solutions drops.</title>
<headline>AFTER THE BELL - Employee Solutions drops.</headline>
<dateline>NEW YORK 1997-03-13</dateline>
<text>
<p>Employee Solutions Inc plummeted 5-3/8 points to 10 in after-hours trading after saying it would not release its financial results Thursday as previously planned, traders said.</p>
<p>Employee Solutions had closed at 15-3/8, down 4-1/2 on the day, before collapsing after the bell when the news about the delay was released.</p>
<p>&quot;It's trading down at $10,&quot; one trader said. &quot;They said they were going to delay their fourth-quarter earnings.&quot;</p>
<p>The company gave no reason for the delay.  </p>
<p>Also moving after the bell, but in a different direction, was Oracle Corp, trading at 37-3/4 after closing at 36-1/8.</p>
<p>On a day when the stock market in general was down and the Nasdaq index lost 11 points, Oracle rose two during regular trading hours and continued its upward momentum in after-hours trading.</p>
<p>Oracle late Thursday said license sales for the third quarter ending in February were up 29 percent, that service sales were up 41 percent, and that its Oracle8 program will ship in June.</p>
</text>
<copyright>(c) Reuters Limited 1997</copyright>
<metadata>
<codes class="bip:countries:1.0">
  <code code="USA">
    <editdetail attribution="Reuters BIP Coding Group" action="confirmed" date="1997-03-13"/>
  </code>
</codes>
<codes class="bip:industries:1.0">
  <code code="I33020">
    <editdetail attribution="Reuters BIP Coding Group" action="confirmed" date="1997-03-13"/>
  </code>
  <code code="I3302021">
    <editdetail attribution="Reuters BIP Coding Group" action="confirmed" date="1997-03-13"/>
  </code>
  <code code="I83954">
    <editdetail attribution="Reuters BIP Coding Group" action="confirmed" date="1997-03-13"/>
  </code>
</codes>
<codes class="bip:topics:1.0">
  <code code="C15">
    <editdetail attribution="Reuters BIP Coding Group" action="confirmed" date="1997-03-13"/>
  </code>
  <code code="C152">
    <editdetail attribution="Reuters BIP Coding Group" action="confirmed" date="1997-03-13"/>
  </code>
  <code code="CCAT">
    <editdetail attribution="Reuters BIP Coding Group" action="confirmed" date="1997-03-13"/>
  </code>
</codes>
<dc element="dc.date.created" value="1997-03-13"/>
<dc element="dc.publisher" value="Reuters Holdings Plc"/>
<dc element="dc.date.published" value="1997-03-13"/>
<dc element="dc.source" value="Reuters"/>
<dc element="dc.creator.location" value="NEW YORK"/>
<dc element="dc.creator.location.country.name" value="USA"/>
<dc element="dc.source" value="Reuters"/>
</metadata>
</newsitem>
