<?xml version="1.0" encoding="iso-8859-1" ?>
<newsitem itemid="438438" id="root" date="1997-03-13" xml:lang="en">
<title>USA: Tapistron Q2 Jan 31 net profit vs loss.</title>
<headline>Tapistron Q2 Jan 31 net profit vs loss.</headline>
<dateline>RINGGOLD, Ga. 1997-03-13</dateline>
<text>
<p>1997			1996</p>
<p> Shr			    nil     loss	 $0.05</p>
<p> Net	 profit	   $12     loss	   527</p>
<p> Revs			 1,238			253</p>
<p>	   6 MONTHS</p>
<p> Shr	 profit	 $0.01     loss	 $0.07</p>
<p> Net	 profit	    90     loss	   721</p>
<p> Revs			 2,801			443</p>
<p>(All data above 000s except per share numbers)</p>
<p>NOTE:  Full name of company is Tapistron International Inc.</p>
</text>
<copyright>(c) Reuters Limited 1997</copyright>
<metadata>
<codes class="bip:countries:1.0">
  <code code="USA">
    <editdetail attribution="Reuters BIP Coding Group" action="confirmed" date="1997-03-13"/>
  </code>
</codes>
<codes class="bip:industries:1.0">
  <code code="I32300">
    <editdetail attribution="Reuters BIP Coding Group" action="confirmed" date="1997-03-13"/>
  </code>
</codes>
<codes class="bip:topics:1.0">
  <code code="C15">
    <editdetail attribution="Reuters BIP Coding Group" action="confirmed" date="1997-03-13"/>
  </code>
  <code code="C151">
    <editdetail attribution="Reuters BIP Coding Group" action="confirmed" date="1997-03-13"/>
  </code>
  <code code="CCAT">
    <editdetail attribution="Reuters BIP Coding Group" action="confirmed" date="1997-03-13"/>
  </code>
</codes>
<dc element="dc.date.created" value="1997-03-13"/>
<dc element="dc.publisher" value="Reuters Holdings Plc"/>
<dc element="dc.date.published" value="1997-03-13"/>
<dc element="dc.source" value="Reuters"/>
<dc element="dc.creator.location" value="RINGGOLD, Ga."/>
<dc element="dc.creator.location.country.name" value="USA"/>
<dc element="dc.source" value="Reuters"/>
</metadata>
</newsitem>
