<?xml version="1.0" encoding="iso-8859-1" ?>
<newsitem itemid="438490" id="root" date="1997-03-13" xml:lang="en">
<title>USA: N.Y. business loans rose $1.02 bln in March 5 week.</title>
<headline>N.Y. business loans rose $1.02 bln in March 5 week.</headline>
<dateline>NEW YORK 1997-03-13</dateline>
<text>
<p>Commercial and industrial loans at the six major New York banks, excluding acceptances, rose $1.020 billion to $45,745 billion in the week ended March 5, the Federal Reserve Bank of New York said.</p>
<p>Including acceptances, loans rose $1.009 billion to $45,998 billion.</p>
<p>Commercial paper outstanding nationally rose $2.790 billion to $817,115 billion.</p>
<p>(( -- N.A. Treasury Desk, 212-859-1660 ))</p>
</text>
<copyright>(c) Reuters Limited 1997</copyright>
<metadata>
<codes class="bip:countries:1.0">
  <code code="USA">
    <editdetail attribution="Reuters BIP Coding Group" action="confirmed" date="1997-03-13"/>
  </code>
</codes>
<codes class="bip:industries:1.0">
  <code code="I81402">
    <editdetail attribution="Reuters BIP Coding Group" action="confirmed" date="1997-03-13"/>
  </code>
</codes>
<codes class="bip:topics:1.0">
  <code code="C31">
    <editdetail attribution="Reuters BIP Coding Group" action="confirmed" date="1997-03-13"/>
  </code>
  <code code="CCAT">
    <editdetail attribution="Reuters BIP Coding Group" action="confirmed" date="1997-03-13"/>
  </code>
</codes>
<dc element="dc.date.created" value="1997-03-13"/>
<dc element="dc.publisher" value="Reuters Holdings Plc"/>
<dc element="dc.date.published" value="1997-03-13"/>
<dc element="dc.source" value="Reuters"/>
<dc element="dc.creator.location" value="NEW YORK"/>
<dc element="dc.creator.location.country.name" value="USA"/>
<dc element="dc.source" value="Reuters"/>
</metadata>
</newsitem>
