<?xml version="1.0" encoding="iso-8859-1" ?>
<newsitem itemid="438469" id="root" date="1997-03-13" xml:lang="en">
<title>USA: U.S. Jan sales revision due late reporting - Ehrlich.</title>
<headline>U.S. Jan sales revision due late reporting - Ehrlich.</headline>
<byline>Caren Bohan</byline>
<dateline>WASHINGTON 1997-03-13</dateline>
<text>
<p>A large upward revision to retail sales for January had to do with late reporting, particularly by apparel outlets and department stores, a senior U.S. Commerce Department official said Thursday.</p>
<p>U.S. Commerce Undersecretary Everett Ehrlich told Reuters that small and mid-size store sales were unexpectedly strong.</p>
<p>Commerce reported earlier retail sales rose 0.8 percent in February following a revised 1.5 percent gain in January.</p>
<p>The January increase was more than double the originally reported 0.6 percent rise.</p>
<p>Seasonal factors also might have been at play in the January data, Ehrlich said.</p>
<p>&quot;The seasonal adjustment factors anticipate big sales in December followed by low levels in January,&quot; he said. &quot;The adjustment probably magnified what we were seeing in the raw data.&quot;</p>
<p>Also, he said sales in the early part of this year likely got a boost from ahead-of-schedule tax refunds.  </p>
<p>Ehrlich said the strength in sales of durable goods was particularly striking.</p>
<p>&quot;That seems to be consistent with the idea that income-tax refunds were going out ahead of schedule this year,&quot; he said.</p>
<p>Still, the sales data, together with other information such as recent employment reports and data on housing and construction, suggested &quot;obvious real strength&quot; in the economy at the start of this year. &quot;The economy is going along close to gangbusters,&quot; Ehrlich said.</p>
<p>Ehrlich saw few signs that the economy was slowing down after the brisk 3.9 percent growth rate recorded for the fourth quarter of last year</p>
<p>&quot;The numbers we have had so far suggest (first-quarter) growth higher than three percent,&quot; he said, adding it &quot;could be&quot; close to four percent.</p>
<p>However, Ehrlich stressed there are many unknown elements to the first-quarter economic picture, particularly trade.</p>
<p>The Commerce official said that despite the strong growth, there were no signs of inflationary pressures or imbalances in the economy.</p>
</text>
<copyright>(c) Reuters Limited 1997</copyright>
<metadata>
<codes class="bip:countries:1.0">
  <code code="USA">
    <editdetail attribution="Reuters BIP Coding Group" action="confirmed" date="1997-03-13"/>
  </code>
</codes>
<codes class="bip:topics:1.0">
  <code code="E14">
    <editdetail attribution="Reuters BIP Coding Group" action="confirmed" date="1997-03-13"/>
  </code>
  <code code="E143">
    <editdetail attribution="Reuters BIP Coding Group" action="confirmed" date="1997-03-13"/>
  </code>
  <code code="ECAT">
    <editdetail attribution="Reuters BIP Coding Group" action="confirmed" date="1997-03-13"/>
  </code>
</codes>
<dc element="dc.date.created" value="1997-03-13"/>
<dc element="dc.publisher" value="Reuters Holdings Plc"/>
<dc element="dc.date.published" value="1997-03-13"/>
<dc element="dc.source" value="Reuters"/>
<dc element="dc.creator.location" value="WASHINGTON"/>
<dc element="dc.creator.location.country.name" value="USA"/>
<dc element="dc.source" value="Reuters"/>
</metadata>
</newsitem>
