<?xml version="1.0" encoding="iso-8859-1" ?>
<newsitem itemid="438412" id="root" date="1997-03-13" xml:lang="en">
<title>USA: RESEARCH ALERT-Telebrasilia started as buy.</title>
<headline>RESEARCH ALERT-Telebrasilia started as buy.</headline>
<text>
<p>-- Fator Securities said in a report it has initiated coverage of Brazilian regional telecom company Telebrasilia with a buy rating.</p>
<p>-- Telebrasilia, which operates in the Federal District and some municipalities of the states of Goias, Tocantins, Minas Gerais and Bahia, has the highest digitalization level among its peers and the best ratio of employees per 1,000 terminals in service, it said.</p>
<p>-- In addition, it said the company's stock, despite its low liquidity, has a potential appreciation of 30.2 percent based on a discounted cash flow analysis at 12 percent.</p>
<p>-- Telebrasilia common stock was trading at 435.01 reais, up 2.35 percent.</p>
<p>((-- Romina Nicaretta, Sao Paulo newsroom, 5511 248 5415))</p>
</text>
<copyright>(c) Reuters Limited 1997</copyright>
<metadata>
<codes class="bip:countries:1.0">
  <code code="BRAZ">
    <editdetail attribution="Reuters BIP Coding Group" action="confirmed" date="1997-03-13"/>
  </code>
  <code code="USA">
    <editdetail attribution="Reuters BIP Coding Group" action="confirmed" date="1997-03-13"/>
  </code>
</codes>
<codes class="bip:industries:1.0">
  <code code="I79020">
    <editdetail attribution="Reuters BIP Coding Group" action="confirmed" date="1997-03-13"/>
  </code>
</codes>
<codes class="bip:topics:1.0">
  <code code="C15">
    <editdetail attribution="Reuters BIP Coding Group" action="confirmed" date="1997-03-13"/>
  </code>
  <code code="C152">
    <editdetail attribution="Reuters BIP Coding Group" action="confirmed" date="1997-03-13"/>
  </code>
  <code code="CCAT">
    <editdetail attribution="Reuters BIP Coding Group" action="confirmed" date="1997-03-13"/>
  </code>
</codes>
<dc element="dc.publisher" value="Reuters Holdings Plc"/>
<dc element="dc.date.published" value="1997-03-13"/>
<dc element="dc.source" value="Reuters"/>
<dc element="dc.creator.location.country.name" value="USA"/>
<dc element="dc.source" value="Reuters"/>
</metadata>
</newsitem>
