<?xml version="1.0" encoding="iso-8859-1" ?>
<newsitem itemid="438467" id="root" date="1997-03-13" xml:lang="en">
<title>USA: U.S. stock index futures end with steep losses.</title>
<headline>U.S. stock index futures end with steep losses.</headline>
<dateline>CHICAGO 1997-03-13</dateline>
<text>
<p>U.S. stock index futures closed with steep losses and in the lower portion of daily ranges.</p>
<p>Modest short-covering trimmed the decline in the final minutes of the session, but the fall was negative for the near-term outlook.</p>
<p>&quot;We could have another down day Friday and it could get scary,&quot; said one S&amp;P 500 trader on the floor of the Chicago Mercantile Exchange. He noted, however, that quarterly expirations recently have had &quot;a positive spin&quot; and the market could recover early next week.  </p>
<p>Traders pegged pressure to a steep decline in bond prices, which fell after stronger than expected U.S. retail sales data and remarks by Federal Reserve vice chairman Alice Rivlin.</p>
<p>Rivlin said the economy was &quot;perking along&quot; and that the Fed must keep a watch out for an acceleration in inflation. She later told reporters that the Fed was not sure if the economy was growing at a higher than sustainable rate.</p>
<p>&quot;The world seems to be convinced that the Fed has to raise rates,&quot; said Kurt Schultz, stock index futures analyst for Refco Inc on the floor of the Chicago Mercantile Exchange.  </p>
<p>Schultz noted, however, that the Fed's Beige Book released Wednesday did not point to any fast-paced acceleration in the economy or inflation.</p>
<p>Futures had opened lower on followthrough pressure from declines Wednesday. The Fed talk and steep declines in the bond market further pressured the market.</p>
<p>In addition, the break below 108-23/32 and 108-15/32 in the March bond contract also weighed on index futures, although March bonds recovered above the latter level in after-hours dealings.  </p>
<p>Premiums of lead contracts narrowed on the decline, and arbitrage sell programs were triggered in June S&amp;P 500s when the premium dipped below 7.00 to 6.90 points, which fueled declines in cash stocks, particularly early in the session, traders said.</p>
<p>June became the lead month in S&amp;P 500s today.</p>
<p>Nikkei 225 stock index futures were soft during the session in tandem with declines in the U.S. market and following a drop in the cash Nikkei index overnight.  </p>
<p>At settlement, June S&amp;P 500s were off 13.45 points at 797.95, Nasdaq 100s rose 1.35 to 851.00, Russell 2000s fell 2.25 points to 363.25, Value Line futures were down 8.40 points at 718.50, Nikkei 225 index futures fell 435.0 to 17630.0 and Midcap 400s eased 1.90 point to 266.50. ((--Derivatives Desk: 312-408-8750)) ((email:derivatives@reuters.com))</p>
</text>
<copyright>(c) Reuters Limited 1997</copyright>
<metadata>
<codes class="bip:countries:1.0">
  <code code="USA">
    <editdetail attribution="Reuters BIP Coding Group" action="confirmed" date="1997-03-13"/>
  </code>
</codes>
<codes class="bip:topics:1.0">
  <code code="M11">
    <editdetail attribution="Reuters BIP Coding Group" action="confirmed" date="1997-03-13"/>
  </code>
  <code code="MCAT">
    <editdetail attribution="Reuters BIP Coding Group" action="confirmed" date="1997-03-13"/>
  </code>
</codes>
<dc element="dc.date.created" value="1997-03-13"/>
<dc element="dc.publisher" value="Reuters Holdings Plc"/>
<dc element="dc.date.published" value="1997-03-13"/>
<dc element="dc.source" value="Reuters"/>
<dc element="dc.creator.location" value="CHICAGO"/>
<dc element="dc.creator.location.country.name" value="USA"/>
<dc element="dc.source" value="Reuters"/>
</metadata>
</newsitem>
