<?xml version="1.0" encoding="iso-8859-1" ?>
<newsitem itemid="438408" id="root" date="1997-03-13" xml:lang="en">
<title>USA: US carlot pork primal cuts-hams -1115 CST-March 13.</title>
<headline>US carlot pork primal cuts-hams -1115 CST-March 13.</headline>
<text>
<p>REVISED REPORT - HAMS</p>
<p>REPORTING CHANGES - The following changes will run concurrently with the existing pork report for comparison.</p>
<p>Comments on the following primal ham section should be directed to Mike Erwin at USDA Market News (515-284-4460).</p>
<p>************************************************************</p>
<p>			   LDS    PRICE RANGE	  WGHTD AVG.</p>
<p>HAM,SKND,SELECTED,BONE-IN</p>
<p>Fresh	17-20#    6.0   64.00 -  65.00	  64.50</p>
<p>Fresh	20-23#    5.0   58.00 -  59.00	  58.80</p>
<p>Fresh	23-27#			 55.00	  55.00 A</p>
<p>HAM, SKINNED, COMMODITY</p>
<p>Fresh	17-20#			 67.00	  67.00 D</p>
<p>Fresh	20-27#    3.0   56.00 -  57.00	  56.33</p>
<p>Fresh	32/up#			 54.00	  54.00 A</p>
<p>HAM,BNLS MUSCLES 94-96%</p>
<p>* 3 Muscle Group</p>
<p>* 4 Muscle Group</p>
<p>* 5 Muscle Group	   117.00 - 118.50	 117.95 A</p>
<p>Inside</p>
<p>Outside</p>
<p>Knuckle			120.00	 120.00 E</p>
<p>Lite Butt</p>
<p>Inner Shank</p>
<p>HAM TRIMMINGS</p>
<p>Combo 72%  Fresh			  61.00	  61.00 D</p>
<p>Boxed 72%  Frozen				   unq</p>
<p>Combo 90%  Fresh</p>
<p>Boxed 90%  Frozen</p>
<p>Outer Shank Frozen			  70.00	  70.00 C</p>
<p>* NOTE: 3 muscle = Inside, Ouside, and Knuckle</p>
<p>4 muscle = Inside, Outside, Knuckle, and Lite Butt</p>
<p>5 muscle = Inside, Outside, Knckl, Lite Butt, &amp; Inner Shank</p>
<p>*************************************************************</p>
<p>HAM COMPOSITE VALUE:</p>
<p>*************************************************************</p>
<p>ABCDE after quotes represents days since last actual market test. Quotes are dropped after 5 days of no test or before if they no longer reflect current market conditions.</p>
<p>(Chicago newsdesk 312 408 8720)</p>
</text>
<copyright>(c) Reuters Limited 1997</copyright>
<metadata>
<codes class="bip:countries:1.0">
  <code code="USA">
    <editdetail attribution="Reuters BIP Coding Group" action="confirmed" date="1997-03-13"/>
  </code>
</codes>
<codes class="bip:topics:1.0">
  <code code="M14">
    <editdetail attribution="Reuters BIP Coding Group" action="confirmed" date="1997-03-13"/>
  </code>
  <code code="M141">
    <editdetail attribution="Reuters BIP Coding Group" action="confirmed" date="1997-03-13"/>
  </code>
  <code code="MCAT">
    <editdetail attribution="Reuters BIP Coding Group" action="confirmed" date="1997-03-13"/>
  </code>
</codes>
<dc element="dc.publisher" value="Reuters Holdings Plc"/>
<dc element="dc.date.published" value="1997-03-13"/>
<dc element="dc.source" value="Reuters"/>
<dc element="dc.creator.location.country.name" value="USA"/>
<dc element="dc.source" value="Reuters"/>
</metadata>
</newsitem>
