<?xml version="1.0" encoding="iso-8859-1" ?>
<newsitem itemid="438437" id="root" date="1997-03-13" xml:lang="en">
<title>USA: Luby's Cafeterias CEO John Curtis dies.</title>
<headline>Luby's Cafeterias CEO John Curtis dies.</headline>
<dateline>SAN ANTONIO 1997-03-13</dateline>
<text>
<p>Luby's Cafeterias said Thursday its president and chief executive officer, John Curtis, had died.</p>
<p>Curtis, who joined the company in 1979, took on the position of chief executive in January.</p>
<p>A company official said the cause of death had yet to be revealed and a replacement had yet to be named.</p>
</text>
<copyright>(c) Reuters Limited 1997</copyright>
<metadata>
<codes class="bip:countries:1.0">
  <code code="USA">
    <editdetail attribution="Reuters BIP Coding Group" action="confirmed" date="1997-03-13"/>
  </code>
</codes>
<codes class="bip:industries:1.0">
  <code code="I66100">
    <editdetail attribution="Reuters BIP Coding Group" action="confirmed" date="1997-03-13"/>
  </code>
</codes>
<codes class="bip:topics:1.0">
  <code code="C41">
    <editdetail attribution="Reuters BIP Coding Group" action="confirmed" date="1997-03-13"/>
  </code>
  <code code="C411">
    <editdetail attribution="Reuters BIP Coding Group" action="confirmed" date="1997-03-13"/>
  </code>
  <code code="CCAT">
    <editdetail attribution="Reuters BIP Coding Group" action="confirmed" date="1997-03-13"/>
  </code>
</codes>
<dc element="dc.date.created" value="1997-03-13"/>
<dc element="dc.publisher" value="Reuters Holdings Plc"/>
<dc element="dc.date.published" value="1997-03-13"/>
<dc element="dc.source" value="Reuters"/>
<dc element="dc.creator.location" value="SAN ANTONIO"/>
<dc element="dc.creator.location.country.name" value="USA"/>
<dc element="dc.source" value="Reuters"/>
</metadata>
</newsitem>
