<?xml version="1.0" encoding="iso-8859-1" ?>
<newsitem itemid="438440" id="root" date="1997-03-13" xml:lang="en">
<title>USA: RailTex sees Q1 revs cut by mine collapse.</title>
<headline>RailTex sees Q1 revs cut by mine collapse.</headline>
<dateline>SAN ANTONIO 1997-03-13</dateline>
<text>
<p>RailTex said that the collapse of a mine served by its Cape Breton &amp; Central Nova Scotia Railway Inc unit and flooding in Ohio and northern Kentucky will reduce its first quarter 1997 revenues by about $1.5 million.</p>
<p>The company said its Indiana &amp; Ohio Rail Corp unit was affected by the flooding.</p>
<p>RailTex said it has implemented certain cost reduction measures in response to these events, however it does not expect revenue losses will be significantly mitigated by the anticipated cost savings.  </p>
<p>It said the mine collapse in Nova Scotia, which occurred in January, has resulted in temporary suspension of production from the mine. Normal shipments are expected to resume on April 1. The suspension will cause about $1 million in lost revenues.</p>
<p>It said the flooding in Ohio and Kentucky has slowed traffic on its Indiana &amp; Ohio Rail Corp unit, causing about $500,000 in lost revenues.</p>
</text>
<copyright>(c) Reuters Limited 1997</copyright>
<metadata>
<codes class="bip:countries:1.0">
  <code code="CANA">
    <editdetail attribution="Reuters BIP Coding Group" action="confirmed" date="1997-03-13"/>
  </code>
  <code code="USA">
    <editdetail attribution="Reuters BIP Coding Group" action="confirmed" date="1997-03-13"/>
  </code>
</codes>
<codes class="bip:industries:1.0">
  <code code="I71000">
    <editdetail attribution="Reuters BIP Coding Group" action="confirmed" date="1997-03-13"/>
  </code>
</codes>
<codes class="bip:topics:1.0">
  <code code="C15">
    <editdetail attribution="Reuters BIP Coding Group" action="confirmed" date="1997-03-13"/>
  </code>
  <code code="C152">
    <editdetail attribution="Reuters BIP Coding Group" action="confirmed" date="1997-03-13"/>
  </code>
  <code code="C24">
    <editdetail attribution="Reuters BIP Coding Group" action="confirmed" date="1997-03-13"/>
  </code>
  <code code="CCAT">
    <editdetail attribution="Reuters BIP Coding Group" action="confirmed" date="1997-03-13"/>
  </code>
</codes>
<dc element="dc.date.created" value="1997-03-13"/>
<dc element="dc.publisher" value="Reuters Holdings Plc"/>
<dc element="dc.date.published" value="1997-03-13"/>
<dc element="dc.source" value="Reuters"/>
<dc element="dc.creator.location" value="SAN ANTONIO"/>
<dc element="dc.creator.location.country.name" value="USA"/>
<dc element="dc.source" value="Reuters"/>
</metadata>
</newsitem>
