<?xml version="1.0" encoding="iso-8859-1" ?>
<newsitem itemid="438457" id="root" date="1997-03-13" xml:lang="en">
<title>USA: AEP says European sales adversely affected.</title>
<headline>AEP says European sales adversely affected.</headline>
<dateline>SOUTH HACKENSACK, N.J. 1997-03-13</dateline>
<text>
<p>AEP Industries Inc Thursday said first quarter North American and Asia-Pacific sales were slightly ahead, but European sales were adversely affected by a strong dollar.</p>
<p>The Company noted that 1997 first quarter sales and net income were as planned.</p>
<p>Net sales for the 1997 first quarter were $192,855,000 versus $54,770,000 for the same period of 1996. Income from operations increased to $10,438,000 from $7,089,000 in the 1996 first quarter. Net income was $4,056,000 compared with $3,205,000 in the prior year quarter.  </p>
<p>Earnings per share in the first quarter of 1997 were $0.54 versus $0.64 last year, on a 50.5 percent increase in the weighted average shares outstanding, which reached 7,499,503 shares in the latest quarter.</p>
<p>Sales in North America and Asia-Pacific were slightly ahead of last year on a combined, pro forma basis, while European sales were adversely affected by the currency exchange effect of a strong U.S.  dollar, the company said.</p>
<p>&quot;We made important progress in the first quarter in our integration and cost reduction program at BGP and are generally ahead of schedule in merging these operations,&quot; said Brendan Barba, chairman and chief executive officer of AEP.</p>
<p>&quot;At the same time, we remain committed to the pallet wrap business and expect conditions in this industry to improve in North America in the near future.</p>
<p>Meanwhile, we are moving forward with our plans to expand AEP's presence in pallet wrap internationally.  We see exciting opportunities worldwide.&quot;</p>
</text>
<copyright>(c) Reuters Limited 1997</copyright>
<metadata>
<codes class="bip:countries:1.0">
  <code code="USA">
    <editdetail attribution="Reuters BIP Coding Group" action="confirmed" date="1997-03-13"/>
  </code>
</codes>
<codes class="bip:industries:1.0">
  <code code="I48300">
    <editdetail attribution="Reuters BIP Coding Group" action="confirmed" date="1997-03-13"/>
  </code>
</codes>
<codes class="bip:topics:1.0">
  <code code="C15">
    <editdetail attribution="Reuters BIP Coding Group" action="confirmed" date="1997-03-13"/>
  </code>
  <code code="C151">
    <editdetail attribution="Reuters BIP Coding Group" action="confirmed" date="1997-03-13"/>
  </code>
  <code code="C31">
    <editdetail attribution="Reuters BIP Coding Group" action="confirmed" date="1997-03-13"/>
  </code>
  <code code="CCAT">
    <editdetail attribution="Reuters BIP Coding Group" action="confirmed" date="1997-03-13"/>
  </code>
</codes>
<dc element="dc.date.created" value="1997-03-13"/>
<dc element="dc.publisher" value="Reuters Holdings Plc"/>
<dc element="dc.date.published" value="1997-03-13"/>
<dc element="dc.source" value="Reuters"/>
<dc element="dc.creator.location" value="SOUTH HACKENSACK, N.J."/>
<dc element="dc.creator.location.country.name" value="USA"/>
<dc element="dc.source" value="Reuters"/>
</metadata>
</newsitem>
