<?xml version="1.0" encoding="iso-8859-1" ?>
<newsitem itemid="438406" id="root" date="1997-03-13" xml:lang="en">
<title>USA: RESEARCH ALERT - Nitinol buy repeated.</title>
<headline>RESEARCH ALERT - Nitinol buy repeated.</headline>
<text>
<p>-- JPMorgan said it reiterated its buy rating of Nitinol Medical Technologies Inc.</p>
<p>-- Nitinol reported fourth quarter earnings of $0.04 a share, compared to $0.04 a share the previous fourth quarter and JPMorgan estimate of $0.03 a share.</p>
</text>
<copyright>(c) Reuters Limited 1997</copyright>
<metadata>
<codes class="bip:countries:1.0">
  <code code="USA">
    <editdetail attribution="Reuters BIP Coding Group" action="confirmed" date="1997-03-13"/>
  </code>
</codes>
<codes class="bip:industries:1.0">
  <code code="I37200">
    <editdetail attribution="Reuters BIP Coding Group" action="confirmed" date="1997-03-13"/>
  </code>
</codes>
<codes class="bip:topics:1.0">
  <code code="C15">
    <editdetail attribution="Reuters BIP Coding Group" action="confirmed" date="1997-03-13"/>
  </code>
  <code code="C152">
    <editdetail attribution="Reuters BIP Coding Group" action="confirmed" date="1997-03-13"/>
  </code>
  <code code="CCAT">
    <editdetail attribution="Reuters BIP Coding Group" action="confirmed" date="1997-03-13"/>
  </code>
</codes>
<dc element="dc.publisher" value="Reuters Holdings Plc"/>
<dc element="dc.date.published" value="1997-03-13"/>
<dc element="dc.source" value="Reuters"/>
<dc element="dc.creator.location.country.name" value="USA"/>
<dc element="dc.source" value="Reuters"/>
</metadata>
</newsitem>
