<?xml version="1.0" encoding="iso-8859-1" ?>
<newsitem itemid="438403" id="root" date="1997-03-13" xml:lang="en">
<title>USA: Federal Reserve money supply report - March 13.</title>
<headline>Federal Reserve money supply report - March 13.</headline>
<text>
<p>One week ended March 3 (billions dollars)</p>
<p>	 Latest   Change     Prev week  Rvsd from</p>
<p>M-1...1,080.2..off. 0.4 vs 1,080.6......1,081.3</p>
<p>M-2...3,871.4..up...2.1 vs 3,869.3......3,869.3</p>
<p>M-3...5,024.5..up...6.9 vs 5,017.6......5,017.7</p>
<p>M2 Avg 4 wks (Vs Wk Ago)...3,867.8..vs..3,865.4</p>
<p>Monthly aggregates (Adjusted avgs in billions)</p>
<p>M-1 (Feb vs Jan)..........1,080.6..vs..1,079.8</p>
<p>M-2 (Feb vs Jan)..........3,866.3..vs..3,850.0</p>
<p>M-3 (Feb vs Jan)..........5,010.0..vs..4,965.8</p>
</text>
<copyright>(c) Reuters Limited 1997</copyright>
<metadata>
<codes class="bip:countries:1.0">
  <code code="USA">
    <editdetail attribution="Reuters BIP Coding Group" action="confirmed" date="1997-03-13"/>
  </code>
</codes>
<codes class="bip:topics:1.0">
  <code code="E12">
    <editdetail attribution="Reuters BIP Coding Group" action="confirmed" date="1997-03-13"/>
  </code>
  <code code="E121">
    <editdetail attribution="Reuters BIP Coding Group" action="confirmed" date="1997-03-13"/>
  </code>
  <code code="ECAT">
    <editdetail attribution="Reuters BIP Coding Group" action="confirmed" date="1997-03-13"/>
  </code>
</codes>
<dc element="dc.publisher" value="Reuters Holdings Plc"/>
<dc element="dc.date.published" value="1997-03-13"/>
<dc element="dc.source" value="Reuters"/>
<dc element="dc.creator.location.country.name" value="USA"/>
<dc element="dc.source" value="Reuters"/>
</metadata>
</newsitem>
