<?xml version="1.0" encoding="iso-8859-1" ?>
<newsitem itemid="438466" id="root" date="1997-03-13" xml:lang="en">
<title>USA: Key Energy stake cut by FMR group.</title>
<headline>Key Energy stake cut by FMR group.</headline>
<dateline>WASHINGTON 1997-03-13</dateline>
<text>
<p>A group led by FMR Corp said Thursday it reduced its stake in Key Energy Group Inc to 3,682,651 common shares or 31.09 percent from 34.64 percent previously held.</p>
<p>In a filing with the Securities and Exchange Commission, the group said its latest transactions include the sale of 91,495 common shares between January 14 and January 15 at prices ranging from $13.3134 to $13.4189 per share.</p>
<p>FMR Corp is the parent to Fidelity Management &amp; Research Co, investment adviser to Fidelity Funds.</p>
<p>Key Energy, based in New Brunswick, N.J., is an oilfield services company providing well services for oil producers in West Texas.</p>
</text>
<copyright>(c) Reuters Limited 1997</copyright>
<metadata>
<codes class="bip:countries:1.0">
  <code code="USA">
    <editdetail attribution="Reuters BIP Coding Group" action="confirmed" date="1997-03-13"/>
  </code>
</codes>
<codes class="bip:industries:1.0">
  <code code="I13000">
    <editdetail attribution="Reuters BIP Coding Group" action="confirmed" date="1997-03-13"/>
  </code>
  <code code="I81502">
    <editdetail attribution="Reuters BIP Coding Group" action="confirmed" date="1997-03-13"/>
  </code>
</codes>
<codes class="bip:topics:1.0">
  <code code="C18">
    <editdetail attribution="Reuters BIP Coding Group" action="confirmed" date="1997-03-13"/>
  </code>
  <code code="C181">
    <editdetail attribution="Reuters BIP Coding Group" action="confirmed" date="1997-03-13"/>
  </code>
  <code code="CCAT">
    <editdetail attribution="Reuters BIP Coding Group" action="confirmed" date="1997-03-13"/>
  </code>
</codes>
<dc element="dc.date.created" value="1997-03-13"/>
<dc element="dc.publisher" value="Reuters Holdings Plc"/>
<dc element="dc.date.published" value="1997-03-13"/>
<dc element="dc.source" value="Reuters"/>
<dc element="dc.creator.location" value="WASHINGTON"/>
<dc element="dc.creator.location.country.name" value="USA"/>
<dc element="dc.source" value="Reuters"/>
</metadata>
</newsitem>
