<?xml version="1.0" encoding="iso-8859-1" ?>
<newsitem itemid="438405" id="root" date="1997-03-13" xml:lang="en">
<title>USA: RESEARCH ALERT - Ferreyros started as buy.</title>
<headline>RESEARCH ALERT - Ferreyros started as buy.</headline>
<text>
<p>-- Deutsche Morgan Grenfell said it started coverage of Peruvian heavy machine supplier Ferreyros with a rating of buy.</p>
<p>-- The company is Peru's &quot;leading distributor of capital goods...(and) after falling in 1996, we expect earnings growth to spring back in 1997,&quot; the firm said in a report.</p>
<p>((--Ian Simpson, Wall Street desk, (212) 859-1879))</p>
</text>
<copyright>(c) Reuters Limited 1997</copyright>
<metadata>
<codes class="bip:countries:1.0">
  <code code="PERU">
    <editdetail attribution="Reuters BIP Coding Group" action="confirmed" date="1997-03-13"/>
  </code>
  <code code="USA">
    <editdetail attribution="Reuters BIP Coding Group" action="confirmed" date="1997-03-13"/>
  </code>
</codes>
<codes class="bip:industries:1.0">
  <code code="I63000">
    <editdetail attribution="Reuters BIP Coding Group" action="confirmed" date="1997-03-13"/>
  </code>
</codes>
<codes class="bip:topics:1.0">
  <code code="C15">
    <editdetail attribution="Reuters BIP Coding Group" action="confirmed" date="1997-03-13"/>
  </code>
  <code code="C152">
    <editdetail attribution="Reuters BIP Coding Group" action="confirmed" date="1997-03-13"/>
  </code>
  <code code="CCAT">
    <editdetail attribution="Reuters BIP Coding Group" action="confirmed" date="1997-03-13"/>
  </code>
</codes>
<dc element="dc.publisher" value="Reuters Holdings Plc"/>
<dc element="dc.date.published" value="1997-03-13"/>
<dc element="dc.source" value="Reuters"/>
<dc element="dc.creator.location.country.name" value="USA"/>
<dc element="dc.source" value="Reuters"/>
</metadata>
</newsitem>
