<?xml version="1.0" encoding="iso-8859-1" ?>
<newsitem itemid="438402" id="root" date="1997-03-13" xml:lang="en">
<title>USA: RESEARCH ALERT - Milpo started as buy.</title>
<headline>RESEARCH ALERT - Milpo started as buy.</headline>
<text>
<p>-- Deutsche Morgan Grenfell said on Thursday it had started coverage of Peruvian mining company Compaa Minera Milpo SA with a buy rating.</p>
<p>-- &quot;Soaring zinc prices (will) spur impressive earnings growth in 1997-98,&quot; the firm said in a report.</p>
<p>-- &quot;An increase in reserves points to a capacity expansion ... (and) we recommend a buy on Milpo's growth potential as a zinc play.&quot;</p>
<p>Milpo fell five centavos to 19.50 soles.</p>
<p>((-- Ian Simpson, Wall Street desk 212 859-1879))</p>
</text>
<copyright>(c) Reuters Limited 1997</copyright>
<metadata>
<codes class="bip:countries:1.0">
  <code code="PERU">
    <editdetail attribution="Reuters BIP Coding Group" action="confirmed" date="1997-03-13"/>
  </code>
  <code code="USA">
    <editdetail attribution="Reuters BIP Coding Group" action="confirmed" date="1997-03-13"/>
  </code>
</codes>
<codes class="bip:topics:1.0">
  <code code="C15">
    <editdetail attribution="Reuters BIP Coding Group" action="confirmed" date="1997-03-13"/>
  </code>
  <code code="C152">
    <editdetail attribution="Reuters BIP Coding Group" action="confirmed" date="1997-03-13"/>
  </code>
  <code code="CCAT">
    <editdetail attribution="Reuters BIP Coding Group" action="confirmed" date="1997-03-13"/>
  </code>
</codes>
<dc element="dc.publisher" value="Reuters Holdings Plc"/>
<dc element="dc.date.published" value="1997-03-13"/>
<dc element="dc.source" value="Reuters"/>
<dc element="dc.creator.location.country.name" value="USA"/>
<dc element="dc.source" value="Reuters"/>
</metadata>
</newsitem>
