<?xml version="1.0" encoding="iso-8859-1" ?>
<newsitem itemid="438472" id="root" date="1997-03-13" xml:lang="en">
<title>USA: Advanced Medical sees Q4, year loss.</title>
<headline>Advanced Medical sees Q4, year loss.</headline>
<dateline>SAN DIEGO 1997-03-13</dateline>
<text>
<p>Advanced Medical Inc said that, as expected, it will take restructuring charges in the fourth quarter, which will cause it to report losses in both the fourth quarter and fiscal 1996.</p>
<p>The charges relate to the restructuring following the acquisition in November of IVAC Medical Systems and the ensuing integration of the two companies.</p>
<p>Advanced Medical said it has so far eliminated 125 jobs in the combined company and that &quot;subsequent integration activities are continuing as planned.&quot;</p>
<p>The expects to report fourth quarter results on April 15.</p>
</text>
<copyright>(c) Reuters Limited 1997</copyright>
<metadata>
<codes class="bip:countries:1.0">
  <code code="USA">
    <editdetail attribution="Reuters BIP Coding Group" action="confirmed" date="1997-03-13"/>
  </code>
</codes>
<codes class="bip:industries:1.0">
  <code code="I25700">
    <editdetail attribution="Reuters BIP Coding Group" action="confirmed" date="1997-03-13"/>
  </code>
</codes>
<codes class="bip:topics:1.0">
  <code code="C15">
    <editdetail attribution="Reuters BIP Coding Group" action="confirmed" date="1997-03-13"/>
  </code>
  <code code="C152">
    <editdetail attribution="Reuters BIP Coding Group" action="confirmed" date="1997-03-13"/>
  </code>
  <code code="CCAT">
    <editdetail attribution="Reuters BIP Coding Group" action="confirmed" date="1997-03-13"/>
  </code>
</codes>
<dc element="dc.date.created" value="1997-03-13"/>
<dc element="dc.publisher" value="Reuters Holdings Plc"/>
<dc element="dc.date.published" value="1997-03-13"/>
<dc element="dc.source" value="Reuters"/>
<dc element="dc.creator.location" value="SAN DIEGO"/>
<dc element="dc.creator.location.country.name" value="USA"/>
<dc element="dc.source" value="Reuters"/>
</metadata>
</newsitem>
