<?xml version="1.0" encoding="iso-8859-1" ?>
<newsitem itemid="438429" id="root" date="1997-03-13" xml:lang="en">
<title>USA: Suburban Bancorp to merge into Fifth Third.</title>
<headline>Suburban Bancorp to merge into Fifth Third.</headline>
<dateline>CINCINNATI 1997-03-13</dateline>
<text>
<p>Suburban Bancorporation and Fifth Third Bancorp said they have executed a definitive merger agreement under which Suburban will be merged into Fifth Third Bancorp.</p>
<p>The merger deal provides that each outstanding share of Suburban will be converted into 0.24357 shares of Fifth Third common stock in a tax free exchange.</p>
<p>Based on the closing price of Fifth Third common stock, the deal has a value of about $32 million, or $20.64 per share, to Suburban stockholders.  </p>
<p>The companies said the stock exchange ratio is subject to possible adjustment, and the actual value to be realized by Suburban stockholders will be dependent upon the trading value of Fifth Third common stock at the date of completion of the merger.</p>
<p>The merger is subject to shareholder and regulatory approval and satisfaction of other conditions and is expected to be completed in the third quarter.</p>
<p>&quot;Fifth Third Bancorp is continually strengthening its commitment to the residents of Greater Cincinnati,&quot; said company president George Schaefer, Jr.</p>
<p>&quot;The increased number of locations will increase our ability to provide convenient financial services and we're looking forward to offering our full range of products and services to Suburban customers. This acquisition will also continue to expand Fifth Third's position as the leading financial institution in the Greater Cincinnati area in both assets and deposits.&quot;</p>
</text>
<copyright>(c) Reuters Limited 1997</copyright>
<metadata>
<codes class="bip:countries:1.0">
  <code code="USA">
    <editdetail attribution="Reuters BIP Coding Group" action="confirmed" date="1997-03-13"/>
  </code>
</codes>
<codes class="bip:industries:1.0">
  <code code="I81402">
    <editdetail attribution="Reuters BIP Coding Group" action="confirmed" date="1997-03-13"/>
  </code>
</codes>
<codes class="bip:topics:1.0">
  <code code="C18">
    <editdetail attribution="Reuters BIP Coding Group" action="confirmed" date="1997-03-13"/>
  </code>
  <code code="C181">
    <editdetail attribution="Reuters BIP Coding Group" action="confirmed" date="1997-03-13"/>
  </code>
  <code code="CCAT">
    <editdetail attribution="Reuters BIP Coding Group" action="confirmed" date="1997-03-13"/>
  </code>
</codes>
<dc element="dc.date.created" value="1997-03-13"/>
<dc element="dc.publisher" value="Reuters Holdings Plc"/>
<dc element="dc.date.published" value="1997-03-13"/>
<dc element="dc.source" value="Reuters"/>
<dc element="dc.creator.location" value="CINCINNATI"/>
<dc element="dc.creator.location.country.name" value="USA"/>
<dc element="dc.source" value="Reuters"/>
</metadata>
</newsitem>
