<?xml version="1.0" encoding="iso-8859-1" ?>
<newsitem itemid="438476" id="root" date="1997-03-13" xml:lang="en">
<title>USA: Aep Industries Q1 shr $0.54 vs $0.64.</title>
<headline>Aep Industries Q1 shr $0.54 vs $0.64.</headline>
<dateline>SOUTH HACKENSACK, N.J. 1997-03-13</dateline>
<text>
<p>AEP INDUSTRIES INC.</p>
<p>		    CONSOLIDATED STATEMENTS OF INCOME</p>
<p>		  (In Thousands, Except Per Share Data)</p>
<p>			  (Unaudited)</p>
<p>							Three Months Ended</p>
<p>								January 31,</p>
<p>							    1997	1996</p>
<p> Net sales					  $192,855  $  54,770</p>
<p> Cost of sales				     152,254     38,535</p>
<p>	Gross profit				  40,601     16,235</p>
<p> Total operating expenses			 30,163	9,146</p>
<p>	Income from operations		    10,438	7,089</p>
<p> Interest expense, net			   (6,421)    (1,989)</p>
<p> Other, net						790	  112</p>
<p>	Income before income taxes		 4,807	5,212</p>
<p>	    Income taxes				 751	2,007</p>
<p> Net income					    4,056	3,205</p>
<p> Net income per share:				0.54	 0.64</p>
<p>Weighted average number of</p>
<p>   shares outstanding			  7,499,503  4,982,367</p>
<p>-- New York Newsdesk 212 859-1610</p>
</text>
<copyright>(c) Reuters Limited 1997</copyright>
<metadata>
<codes class="bip:countries:1.0">
  <code code="USA">
    <editdetail attribution="Reuters BIP Coding Group" action="confirmed" date="1997-03-13"/>
  </code>
</codes>
<codes class="bip:industries:1.0">
  <code code="I48300">
    <editdetail attribution="Reuters BIP Coding Group" action="confirmed" date="1997-03-13"/>
  </code>
</codes>
<codes class="bip:topics:1.0">
  <code code="C15">
    <editdetail attribution="Reuters BIP Coding Group" action="confirmed" date="1997-03-13"/>
  </code>
  <code code="C151">
    <editdetail attribution="Reuters BIP Coding Group" action="confirmed" date="1997-03-13"/>
  </code>
  <code code="CCAT">
    <editdetail attribution="Reuters BIP Coding Group" action="confirmed" date="1997-03-13"/>
  </code>
</codes>
<dc element="dc.date.created" value="1997-03-13"/>
<dc element="dc.publisher" value="Reuters Holdings Plc"/>
<dc element="dc.date.published" value="1997-03-13"/>
<dc element="dc.source" value="Reuters"/>
<dc element="dc.creator.location" value="SOUTH HACKENSACK, N.J."/>
<dc element="dc.creator.location.country.name" value="USA"/>
<dc element="dc.source" value="Reuters"/>
</metadata>
</newsitem>
