<?xml version="1.0" encoding="iso-8859-1" ?>
<newsitem itemid="438427" id="root" date="1997-03-13" xml:lang="en">
<title>USA: U.S EPA to hold Mar.18 hearing on Ariz. clean fuel.</title>
<headline>U.S EPA to hold Mar.18 hearing on Ariz. clean fuel.</headline>
<dateline>PHOENIX, Ariz. 1997-03-13</dateline>
<text>
<p>The U.S. Environmental Protection Agency (EPA) will hold a public meeting here on March 18 to discuss a date for mandating cleaner burning gasoline in  Phoenix, the agency announced Thursday.</p>
<p>The federal reformulated gasoline program (RFG) would allow the state of Arizona to require the cleaner fuel to help Phoenix cut down on smog-producing ozone, the agency said in a statement.</p>
<p>((David Brinkerhoff, Los Angeles bureau +1 213 380 2014))</p>
</text>
<copyright>(c) Reuters Limited 1997</copyright>
<metadata>
<codes class="bip:countries:1.0">
  <code code="USA">
    <editdetail attribution="Reuters BIP Coding Group" action="confirmed" date="1997-03-13"/>
  </code>
</codes>
<codes class="bip:industries:1.0">
  <code code="I14000">
    <editdetail attribution="Reuters BIP Coding Group" action="confirmed" date="1997-03-13"/>
  </code>
</codes>
<codes class="bip:topics:1.0">
  <code code="C13">
    <editdetail attribution="Reuters BIP Coding Group" action="confirmed" date="1997-03-13"/>
  </code>
  <code code="CCAT">
    <editdetail attribution="Reuters BIP Coding Group" action="confirmed" date="1997-03-13"/>
  </code>
  <code code="GCAT">
    <editdetail attribution="Reuters BIP Coding Group" action="confirmed" date="1997-03-13"/>
  </code>
  <code code="GENV">
    <editdetail attribution="Reuters BIP Coding Group" action="confirmed" date="1997-03-13"/>
  </code>
</codes>
<dc element="dc.date.created" value="1997-03-13"/>
<dc element="dc.publisher" value="Reuters Holdings Plc"/>
<dc element="dc.date.published" value="1997-03-13"/>
<dc element="dc.source" value="Reuters"/>
<dc element="dc.creator.location" value="PHOENIX, Ariz."/>
<dc element="dc.creator.location.country.name" value="USA"/>
<dc element="dc.source" value="Reuters"/>
</metadata>
</newsitem>
