<?xml version="1.0" encoding="iso-8859-1" ?>
<newsitem itemid="438443" id="root" date="1997-03-13" xml:lang="en">
<title>USA: Bell Atlantic, DSC sign three-year purchase deal.</title>
<headline>Bell Atlantic, DSC sign three-year purchase deal.</headline>
<dateline>DALLAS, Texas 1997-03-13</dateline>
<text>
<p>DSC Communications Corp Thursday announced signing a multi-year, multi- million dollar agreement with Bell Atlantic Corp for the purchase of telecommunications equipment.</p>
<p>The announcement was made shortly after the two companies announced the settlement of a $1.6 billion law suit against Lucent Technologies Inc. The terms were not disclosed.</p>
<p>&quot;We are very pleased with the settlement of this litigation against Lucent and with the purchase commitment from Bell Atlantic,&quot; James L. Donald, chairman and CEO of DSC said.</p>
<p>The agreement provides a minimum of ongoing business with Bell Atlantic from 1998 to 2001 and is &quot;valued at a significant multiple of the existing level of business&quot; between the two companies, a DSC statement read.</p>
<p>DSC reported that its shipments of products to Bell Atlantic represented $120 million in 1996 and $105 million in 1995.</p>
</text>
<copyright>(c) Reuters Limited 1997</copyright>
<metadata>
<codes class="bip:countries:1.0">
  <code code="USA">
    <editdetail attribution="Reuters BIP Coding Group" action="confirmed" date="1997-03-13"/>
  </code>
</codes>
<codes class="bip:industries:1.0">
  <code code="I34400">
    <editdetail attribution="Reuters BIP Coding Group" action="confirmed" date="1997-03-13"/>
  </code>
  <code code="I79020">
    <editdetail attribution="Reuters BIP Coding Group" action="confirmed" date="1997-03-13"/>
  </code>
</codes>
<codes class="bip:topics:1.0">
  <code code="C33">
    <editdetail attribution="Reuters BIP Coding Group" action="confirmed" date="1997-03-13"/>
  </code>
  <code code="CCAT">
    <editdetail attribution="Reuters BIP Coding Group" action="confirmed" date="1997-03-13"/>
  </code>
</codes>
<dc element="dc.date.created" value="1997-03-13"/>
<dc element="dc.publisher" value="Reuters Holdings Plc"/>
<dc element="dc.date.published" value="1997-03-13"/>
<dc element="dc.source" value="Reuters"/>
<dc element="dc.creator.location" value="DALLAS, Texas"/>
<dc element="dc.creator.location.country.name" value="USA"/>
<dc element="dc.source" value="Reuters"/>
</metadata>
</newsitem>
