<?xml version="1.0" encoding="iso-8859-1" ?>
<newsitem itemid="438444" id="root" date="1997-03-13" xml:lang="en">
<title>USA: Envirodyne eyes sale of PVC film business.</title>
<headline>Envirodyne eyes sale of PVC film business.</headline>
<dateline>OAK BROOK, Ill. 1997-03-13</dateline>
<text>
<p>Envirodyne Industries Inc said Thursday it will explore the potential sale of its PVC flexible film business produced by its Viskase subsidiary.</p>
<p>It also said it will close its Sandusky Plastics injection molding plant in Sandusky, Ohio, and cease injection molded container product sales. Production is expected to end by May 1. Approximately 95 employees will be affected.  </p>
<p>Envirodyne said selling its PVC business will enable its Viskase subsidiary to concentrate on building its global specialty film and casings business.</p>
<p>Involved in the sale are Viskase's plants in Aurora, Ohio and Sedgefield, England. Sales of Viskase PVC films in 1996 totaled $54.2 million.</p>
<p>Revenues generated from the sale of this business will be used to retire debt or for general corporate purposes.</p>
<p>Sandusky Plastics will concentrate its resources on development of its growing thermoforming business, which supplies plastic containers to the dairy, foodservice and horticulture markets.</p>
<p>Assets involved in Sandusky's injection molding plant will be transferred to Envirodyne's Clear Shield National subsidiary and will be used to manufacture plastic cutlery at Clear Shield's plant in Shreveport, La. and its recently announced new facility being built in Twin Falls, Idaho.</p>
<p>		((Reuters Chicago Newsdesk (312) 408-8787))</p>
</text>
<copyright>(c) Reuters Limited 1997</copyright>
<metadata>
<codes class="bip:countries:1.0">
  <code code="USA">
    <editdetail attribution="Reuters BIP Coding Group" action="confirmed" date="1997-03-13"/>
  </code>
</codes>
<codes class="bip:industries:1.0">
  <code code="I25140">
    <editdetail attribution="Reuters BIP Coding Group" action="confirmed" date="1997-03-13"/>
  </code>
</codes>
<codes class="bip:topics:1.0">
  <code code="C18">
    <editdetail attribution="Reuters BIP Coding Group" action="confirmed" date="1997-03-13"/>
  </code>
  <code code="C181">
    <editdetail attribution="Reuters BIP Coding Group" action="confirmed" date="1997-03-13"/>
  </code>
  <code code="C24">
    <editdetail attribution="Reuters BIP Coding Group" action="confirmed" date="1997-03-13"/>
  </code>
  <code code="CCAT">
    <editdetail attribution="Reuters BIP Coding Group" action="confirmed" date="1997-03-13"/>
  </code>
</codes>
<dc element="dc.date.created" value="1997-03-13"/>
<dc element="dc.publisher" value="Reuters Holdings Plc"/>
<dc element="dc.date.published" value="1997-03-13"/>
<dc element="dc.source" value="Reuters"/>
<dc element="dc.creator.location" value="OAK BROOK, Ill."/>
<dc element="dc.creator.location.country.name" value="USA"/>
<dc element="dc.source" value="Reuters"/>
</metadata>
</newsitem>
