<?xml version="1.0" encoding="iso-8859-1" ?>
<newsitem itemid="438455" id="root" date="1997-03-13" xml:lang="en">
<title>USA: Catalyst aiming for Nasdaq listing.</title>
<headline>Catalyst aiming for Nasdaq listing.</headline>
<dateline>SARASOTA, Fla. 1997-03-13</dateline>
<text>
<p>Catalyst Communications Inc said Thursday the company is &quot;aggressively&quot; moving towards its filing for NASDAQ listing.</p>
<p>The company said that it should have all the required financial and legal documentation completed by March 31, at which time it will make immediate application for listing.</p>
<p>Catalyst Communications Inc. provides prepaid phone cards.</p>
</text>
<copyright>(c) Reuters Limited 1997</copyright>
<metadata>
<codes class="bip:countries:1.0">
  <code code="USA">
    <editdetail attribution="Reuters BIP Coding Group" action="confirmed" date="1997-03-13"/>
  </code>
</codes>
<codes class="bip:topics:1.0">
  <code code="C14">
    <editdetail attribution="Reuters BIP Coding Group" action="confirmed" date="1997-03-13"/>
  </code>
  <code code="CCAT">
    <editdetail attribution="Reuters BIP Coding Group" action="confirmed" date="1997-03-13"/>
  </code>
</codes>
<dc element="dc.date.created" value="1997-03-13"/>
<dc element="dc.publisher" value="Reuters Holdings Plc"/>
<dc element="dc.date.published" value="1997-03-13"/>
<dc element="dc.source" value="Reuters"/>
<dc element="dc.creator.location" value="SARASOTA, Fla."/>
<dc element="dc.creator.location.country.name" value="USA"/>
<dc element="dc.source" value="Reuters"/>
</metadata>
</newsitem>
