<?xml version="1.0" encoding="iso-8859-1" ?>
<newsitem itemid="438414" id="root" date="1997-03-13" xml:lang="en">
<title>USA: RESEARCH ALERT -TGS re-established.</title>
<headline>RESEARCH ALERT -TGS re-established.</headline>
<text>
<p>-- Credit Lyonnais said analyst Martin Casa had re-established coverage of Argentine natural gas utility Transportadora de Gas del Sur SA with a rating of hold.</p>
<p>-- In a March 12 report, Casa said the company had an attractive dividend yield of 7.5 percent.</p>
<p>-- &quot;However, we are concerned about an upcoming tariff adjustment, which could negatively affect company revenues.&quot;</p>
<p>-- American Depositary Receipts in the company fell 1/8 to 13 in mid-afternoon trade.</p>
<p>((--Ian Simpson, Wall Street desk, (212) 859-1879))</p>
</text>
<copyright>(c) Reuters Limited 1997</copyright>
<metadata>
<codes class="bip:countries:1.0">
  <code code="ARG">
    <editdetail attribution="Reuters BIP Coding Group" action="confirmed" date="1997-03-13"/>
  </code>
  <code code="USA">
    <editdetail attribution="Reuters BIP Coding Group" action="confirmed" date="1997-03-13"/>
  </code>
</codes>
<codes class="bip:industries:1.0">
  <code code="I16200">
    <editdetail attribution="Reuters BIP Coding Group" action="confirmed" date="1997-03-13"/>
  </code>
</codes>
<codes class="bip:topics:1.0">
  <code code="C15">
    <editdetail attribution="Reuters BIP Coding Group" action="confirmed" date="1997-03-13"/>
  </code>
  <code code="C152">
    <editdetail attribution="Reuters BIP Coding Group" action="confirmed" date="1997-03-13"/>
  </code>
  <code code="CCAT">
    <editdetail attribution="Reuters BIP Coding Group" action="confirmed" date="1997-03-13"/>
  </code>
</codes>
<dc element="dc.publisher" value="Reuters Holdings Plc"/>
<dc element="dc.date.published" value="1997-03-13"/>
<dc element="dc.source" value="Reuters"/>
<dc element="dc.creator.location.country.name" value="USA"/>
<dc element="dc.source" value="Reuters"/>
</metadata>
</newsitem>
