<?xml version="1.0" encoding="iso-8859-1" ?>
<newsitem itemid="438400" id="root" date="1997-03-13" xml:lang="en">
<title>USA: Federal Reserve report 2 (H.3/H.4.1) - March 13.</title>
<headline>Federal Reserve report 2 (H.3/H.4.1) - March 13.</headline>
<text>
<p>Two Weeks Ended March 12 - daily avgs-millions</p>
<p> Total Vault Cash.............42,835 vs........41,948</p>
<p> Inc Cash Equal to Req Res....36,371 vs........35,676</p>
<p>One Week Ended  March 12 (H.4.1)</p>
<p> Bank Borrowings..................28 down..........14</p>
<p> Seasonal Loans...................26 down...........2</p>
<p> Extended Loans..................nil ............unch</p>
<p> Float...........................492 down.........462</p>
<p> Balances/Adjustments..........7,105 down .........30</p>
<p> Currency....................443,507 up.........1,145</p>
<p> Treasury Deposits.............5,169 up.. .........20</p>
</text>
<copyright>(c) Reuters Limited 1997</copyright>
<metadata>
<codes class="bip:countries:1.0">
  <code code="USA">
    <editdetail attribution="Reuters BIP Coding Group" action="confirmed" date="1997-03-13"/>
  </code>
</codes>
<codes class="bip:topics:1.0">
  <code code="E12">
    <editdetail attribution="Reuters BIP Coding Group" action="confirmed" date="1997-03-13"/>
  </code>
  <code code="E121">
    <editdetail attribution="Reuters BIP Coding Group" action="confirmed" date="1997-03-13"/>
  </code>
  <code code="ECAT">
    <editdetail attribution="Reuters BIP Coding Group" action="confirmed" date="1997-03-13"/>
  </code>
</codes>
<dc element="dc.publisher" value="Reuters Holdings Plc"/>
<dc element="dc.date.published" value="1997-03-13"/>
<dc element="dc.source" value="Reuters"/>
<dc element="dc.creator.location.country.name" value="USA"/>
<dc element="dc.source" value="Reuters"/>
</metadata>
</newsitem>
