<?xml version="1.0" encoding="iso-8859-1" ?>
<newsitem itemid="438499" id="root" date="1997-03-13" xml:lang="en">
<title>USA: Washington Mutual revises 1999 forecast.</title>
<headline>Washington Mutual revises 1999 forecast.</headline>
<dateline>LOS ANGELES 1997-03-13</dateline>
<text>
<p>Washington Mutual Savings Bank said its proposed $6.5 billion merger with Great Western Financial Corp would produce 15 percent accretion to earnings in 1999.</p>
<p>The 1999 forecast is an upward revision from an initial estimate of 11 percent, a spokeswoman said, noting that pretax net interest income forecasts were also revised.</p>
<p>&quot;We initially predicted $163 million in net interest income pretax for the combined company in 1999,&quot; the spokeswoman said. &quot;That was revised to $246 million for 1999, which translates into 15 percent accretion,&quot; she said.  </p>
<p>The information was disclosed Thursday in a U.S. Securities and Exchange Commission filing regarding the merger.</p>
<p>The company also said it revised revenue enhancement projections to $334 million in 1999, from $251 million on a pretax basis, because of the increased forecast in net interest income.</p>
<p>Cost savings projections of $208 million in 1998 and $340 million in 1999 were unchanged.</p>
<p>Additionally, the spokeswoman said Washington Mutual executives would begin meeting with key investors next week to discuss the merger and to elaborate on the filing.  </p>
<p>Great Western last week announced the merger agreement with Washington Mutual, moving to thwart a hostile bid by rival thrift H.F. Ahmanson and Co.</p>
<p>H.F. Ahmanson officials were not immediately available. The company on Monday said its bid was financially superior and more credible than Washington Mutual's offer.</p>
<p>Based on Thursday's stock prices, Ahmanson's offer to exchange 1.05 of its shares for each of Great Western's shares was valued at $42.40 a share, while Washington Mutual's offer to exchange 0.9 of a share for each of Great Western's was valued at $46.47 a share.  </p>
<p>Sanford Bernstein analyst Jonathan Gray said he spoke with his clients Thursday and told them he believed Ahmanson's proposal was superior based on potential earnings power and its overlap with Great Western.</p>
<p>Gray said he did not believe Washington Mutual could accomplish the earnings it has projected. &quot;I don't think they can earn what they're saying,&quot; Gray said.</p>
<p>The analyst also said he thought Ahmanson was likely to raise its exchange ratio to accomplish a merger.</p>
</text>
<copyright>(c) Reuters Limited 1997</copyright>
<metadata>
<codes class="bip:countries:1.0">
  <code code="USA">
    <editdetail attribution="Reuters BIP Coding Group" action="confirmed" date="1997-03-13"/>
  </code>
</codes>
<codes class="bip:industries:1.0">
  <code code="I81501">
    <editdetail attribution="Reuters BIP Coding Group" action="confirmed" date="1997-03-13"/>
  </code>
  <code code="I8150103">
    <editdetail attribution="Reuters BIP Coding Group" action="confirmed" date="1997-03-13"/>
  </code>
</codes>
<codes class="bip:topics:1.0">
  <code code="C15">
    <editdetail attribution="Reuters BIP Coding Group" action="confirmed" date="1997-03-13"/>
  </code>
  <code code="C152">
    <editdetail attribution="Reuters BIP Coding Group" action="confirmed" date="1997-03-13"/>
  </code>
  <code code="C18">
    <editdetail attribution="Reuters BIP Coding Group" action="confirmed" date="1997-03-13"/>
  </code>
  <code code="C181">
    <editdetail attribution="Reuters BIP Coding Group" action="confirmed" date="1997-03-13"/>
  </code>
  <code code="CCAT">
    <editdetail attribution="Reuters BIP Coding Group" action="confirmed" date="1997-03-13"/>
  </code>
</codes>
<dc element="dc.date.created" value="1997-03-13"/>
<dc element="dc.publisher" value="Reuters Holdings Plc"/>
<dc element="dc.date.published" value="1997-03-13"/>
<dc element="dc.source" value="Reuters"/>
<dc element="dc.creator.location" value="LOS ANGELES"/>
<dc element="dc.creator.location.country.name" value="USA"/>
<dc element="dc.source" value="Reuters"/>
</metadata>
</newsitem>
