<?xml version="1.0" encoding="iso-8859-1" ?>
<newsitem itemid="438551" id="root" date="1997-03-13" xml:lang="en">
<title>USA: BP/Chevron Alaska find worries Babbitt.</title>
<headline>BP/Chevron Alaska find worries Babbitt.</headline>
<dateline>WASHINGTON 1997-03-13</dateline>
<text>
<p>U.S. Interior Secretary Bruce Babbitt raised concern Thursday about an oil and natural gas discovery in Alaska by BP Exploration and Chevron USA close to the Arctic National Wildlife Refuge.</p>
<p>&quot;Based on preliminary information provided to the Department by BP/Chevron, the companies have the commercial possibility of producing oil from this state lease,&quot; Babbitt said in a statement.</p>
<p>A spokesman for BP Exploration, a subsidiary of British Petroleum, declined to comment on the find, saying the company would be announcing it later Thursday.  </p>
<p>&quot;The Department of Interior's number one concern continues to be the protection of the rich biological resources of the Arctic Refuge,&quot; Babbitt said.</p>
<p>&quot;Let me be perfectly clear. This administration remains strongly opposed to oil and gas drilling within the Arctic National Wildlife Refuge,&quot; he said.</p>
<p>The discovery is on the Sourdough Prospect, a state lease, and Babbitt said the department would work with the state and the companies to make sure the prospect was developed without harming the environment.</p>
<p>&quot;In addition, it is our responsibility to assure that American taxpayers are adequately compensated for any such a potential drainage of federal oil from the state lease, should such a situation arise, without development or surface disturbance of the Arctic National Wildlife Refuge,&quot; he said.</p>
<p>Chevron had no immediate comment on the discovery.</p>
</text>
<copyright>(c) Reuters Limited 1997</copyright>
<metadata>
<codes class="bip:countries:1.0">
  <code code="USA">
    <editdetail attribution="Reuters BIP Coding Group" action="confirmed" date="1997-03-13"/>
  </code>
</codes>
<codes class="bip:industries:1.0">
  <code code="I13000">
    <editdetail attribution="Reuters BIP Coding Group" action="confirmed" date="1997-03-13"/>
  </code>
  <code code="I1300003">
    <editdetail attribution="Reuters BIP Coding Group" action="confirmed" date="1997-03-13"/>
  </code>
</codes>
<codes class="bip:topics:1.0">
  <code code="C13">
    <editdetail attribution="Reuters BIP Coding Group" action="confirmed" date="1997-03-13"/>
  </code>
  <code code="C24">
    <editdetail attribution="Reuters BIP Coding Group" action="confirmed" date="1997-03-13"/>
  </code>
  <code code="CCAT">
    <editdetail attribution="Reuters BIP Coding Group" action="confirmed" date="1997-03-13"/>
  </code>
</codes>
<dc element="dc.date.created" value="1997-03-13"/>
<dc element="dc.publisher" value="Reuters Holdings Plc"/>
<dc element="dc.date.published" value="1997-03-13"/>
<dc element="dc.source" value="Reuters"/>
<dc element="dc.creator.location" value="WASHINGTON"/>
<dc element="dc.creator.location.country.name" value="USA"/>
<dc element="dc.source" value="Reuters"/>
</metadata>
</newsitem>
