<?xml version="1.0" encoding="iso-8859-1" ?>
<newsitem itemid="438562" id="root" date="1997-03-13" xml:lang="en">
<title>USA: Worthington Q3 shr $0.23 vs $0.23.</title>
<headline>Worthington Q3 shr $0.23 vs $0.23.</headline>
<dateline>COLUMBUS, Ohio 1997-03-13</dateline>
<text>
<p>Consolidated Financial Data*</p>
<p>			     Third Quarter Ended  Nine Months Ended</p>
<p>					  Feb. 28	   Feb. 28</p>
<p>(In thousands, except per share)</p>
<p>				  1997     1996	1997	 1996</p>
<p> Net Earnings - Core   $21,817  $22,167    $66,445    $61,602</p>
<p> Net Earnings - Rouge	N/A    1,892	  N/A     12,793</p>
<p> Reported Net Earnings  21,817   24,059     66,445     74,395</p>
<p>Reported Earnings Per Share</p>
<p>				  0.23     0.25	 0.69	 0.77</p>
<p>Earnings Per Share - Rouge</p>
<p>				   N/A     0.02	  N/A	 0.13</p>
<p> Net Sales		 486,551  386,454  1,375,192  1,107,966</p>
<p> Net Earnings - Core    21,817   22,167     66,445     61,602</p>
<p>Average Shares Outstanding</p>
<p>				96,570   96,452     96,530     96,485</p>
<p>Earnings Per Share - Core</p>
<p>				  0.23     0.23	 0.69	 0.64</p>
<p>NOTE: All financial data includes the results of The Gerstenslager Company which was acquired in February 1997 through a pooling of interests.</p>
<p>Due to a change in accounting practices, Worthington did not include results from Rouge Steel Co for the 1997 fiscal year.</p>
<p>Worthington Industries Inc.</p>
</text>
<copyright>(c) Reuters Limited 1997</copyright>
<metadata>
<codes class="bip:countries:1.0">
  <code code="USA">
    <editdetail attribution="Reuters BIP Coding Group" action="confirmed" date="1997-03-13"/>
  </code>
</codes>
<codes class="bip:industries:1.0">
  <code code="I31000">
    <editdetail attribution="Reuters BIP Coding Group" action="confirmed" date="1997-03-13"/>
  </code>
</codes>
<codes class="bip:topics:1.0">
  <code code="C15">
    <editdetail attribution="Reuters BIP Coding Group" action="confirmed" date="1997-03-13"/>
  </code>
  <code code="CCAT">
    <editdetail attribution="Reuters BIP Coding Group" action="confirmed" date="1997-03-13"/>
  </code>
</codes>
<dc element="dc.date.created" value="1997-03-13"/>
<dc element="dc.publisher" value="Reuters Holdings Plc"/>
<dc element="dc.date.published" value="1997-03-13"/>
<dc element="dc.source" value="Reuters"/>
<dc element="dc.creator.location" value="COLUMBUS, Ohio"/>
<dc element="dc.creator.location.country.name" value="USA"/>
<dc element="dc.source" value="Reuters"/>
</metadata>
</newsitem>
