<?xml version="1.0" encoding="iso-8859-1" ?>
<newsitem itemid="438519" id="root" date="1997-03-13" xml:lang="en">
<title>USA: Westmark to spin off units as dividend.</title>
<headline>Westmark to spin off units as dividend.</headline>
<dateline>DELRAY BEACH, Fla. 1997-03-13</dateline>
<text>
<p>Westmark Group Holdings Inc said Thursday that part of its subsidiary, Green World Technologies Inc, will be spun off as a shareholder dividend within the next few months.</p>
<p>Green World makes the Talon Refrigerant Management System, which is an add-on to existing air conditioning equipment that conserves energy, said the company.</p>
<p>In December, Westmark said it received an unsolicited letter of intent to purchase Green World from a New York/Florida-based investment banking firm.  The company said it has decided that shareholders will be better served and will gain value by spinning off a portion of the subsidiary and financing the company as a separate entity.</p>
<p>The company expects that Green World will become a public entity and will seek listing on Nasdaq.  It added that a spinoff will enhance shareholder value and allow management to concentrate on its core non-conforming mortgage banking business.</p>
</text>
<copyright>(c) Reuters Limited 1997</copyright>
<metadata>
<codes class="bip:countries:1.0">
  <code code="USA">
    <editdetail attribution="Reuters BIP Coding Group" action="confirmed" date="1997-03-13"/>
  </code>
</codes>
<codes class="bip:industries:1.0">
  <code code="I85000">
    <editdetail attribution="Reuters BIP Coding Group" action="confirmed" date="1997-03-13"/>
  </code>
</codes>
<codes class="bip:topics:1.0">
  <code code="C15">
    <editdetail attribution="Reuters BIP Coding Group" action="confirmed" date="1997-03-13"/>
  </code>
  <code code="C151">
    <editdetail attribution="Reuters BIP Coding Group" action="confirmed" date="1997-03-13"/>
  </code>
  <code code="C18">
    <editdetail attribution="Reuters BIP Coding Group" action="confirmed" date="1997-03-13"/>
  </code>
  <code code="C181">
    <editdetail attribution="Reuters BIP Coding Group" action="confirmed" date="1997-03-13"/>
  </code>
  <code code="CCAT">
    <editdetail attribution="Reuters BIP Coding Group" action="confirmed" date="1997-03-13"/>
  </code>
</codes>
<dc element="dc.date.created" value="1997-03-13"/>
<dc element="dc.publisher" value="Reuters Holdings Plc"/>
<dc element="dc.date.published" value="1997-03-13"/>
<dc element="dc.source" value="Reuters"/>
<dc element="dc.creator.location" value="DELRAY BEACH, Fla."/>
<dc element="dc.creator.location.country.name" value="USA"/>
<dc element="dc.source" value="Reuters"/>
</metadata>
</newsitem>
