<?xml version="1.0" encoding="iso-8859-1" ?>
<newsitem itemid="438522" id="root" date="1997-03-13" xml:lang="en">
<title>USA: NYPA seeks to halt NIMO transmission plan.</title>
<headline>NYPA seeks to halt NIMO transmission plan.</headline>
<dateline>NEW YORK 1997-03-13</dateline>
<text>
<p>The New York Power Authority (NYPA) said Thursday it is seeking a federal order to stop Niagara Mohawk Power Corp (NIMO)  from cutting transmission service to NYPA's upstate New York customers.</p>
<p>Niagara Mohawk's &quot;ultimate goal is to deny transmission service to existing and prospective NYPA customers in order to serve these customers itself,&quot; NYPA said its filing with the Federal Energy Regulatory Commission (FERC).</p>
<p>The NYPA customers are considered attractive because of their high energy usage.</p>
<p>NYPA alleged NIMO's move is anti-competitive and denies those customers access to power from NYPA which is cheaper than NIMO's.</p>
<p>The state-owned utility contends up to 8,000 jobs at 37 New York companies served by NYPA could be eliminated by NIMO's refusal to continue carrying its electricity.</p>
<p>NYPA's complaint stemmed from NIMO's refusal to deliver power over its lines to Cascades Niagara Falls Inc, which manufactures recycled paper products.</p>
<p>NYPA agreed to supply electricity to Cascades under a 10-year, 12,000-kilowatt contract, beginning March 1.</p>
<p>Besides threatening to curtail transmission service, NIMO announced Tuesday it will cancel most power deliveries from NYPA's 832 megawatt (MW) Fitzpatrick nuclear power plant to NYPA customers within its service territory from May 24.</p>
<p>NIMO is &quot;using uncertainty about future transmission service as a lever to induce NYPA customers to switch their service to Niagara Mowhawk,&quot; NYPA said.</p>
<p>To improve its prospects in a deregulated marketplace, NIMO is trying to buy out or rid itself of what it considers uneconomical contracts with NYPA and independent power producers.</p>
<p>((--Richard Leong, New York Power Desk +1 212 859 1622))</p>
</text>
<copyright>(c) Reuters Limited 1997</copyright>
<metadata>
<codes class="bip:countries:1.0">
  <code code="USA">
    <editdetail attribution="Reuters BIP Coding Group" action="confirmed" date="1997-03-13"/>
  </code>
</codes>
<codes class="bip:industries:1.0">
  <code code="I16100">
    <editdetail attribution="Reuters BIP Coding Group" action="confirmed" date="1997-03-13"/>
  </code>
</codes>
<codes class="bip:topics:1.0">
  <code code="C21">
    <editdetail attribution="Reuters BIP Coding Group" action="confirmed" date="1997-03-13"/>
  </code>
  <code code="C33">
    <editdetail attribution="Reuters BIP Coding Group" action="confirmed" date="1997-03-13"/>
  </code>
  <code code="CCAT">
    <editdetail attribution="Reuters BIP Coding Group" action="confirmed" date="1997-03-13"/>
  </code>
</codes>
<dc element="dc.date.created" value="1997-03-13"/>
<dc element="dc.publisher" value="Reuters Holdings Plc"/>
<dc element="dc.date.published" value="1997-03-13"/>
<dc element="dc.source" value="Reuters"/>
<dc element="dc.creator.location" value="NEW YORK"/>
<dc element="dc.creator.location.country.name" value="USA"/>
<dc element="dc.source" value="Reuters"/>
</metadata>
</newsitem>
