<?xml version="1.0" encoding="iso-8859-1" ?>
<newsitem itemid="438543" id="root" date="1997-03-13" xml:lang="en">
<title>USA: AutoBond says underwriter rumors hurt stock.</title>
<headline>AutoBond says underwriter rumors hurt stock.</headline>
<dateline>AUSTIN, Texas 1997-03-13</dateline>
<text>
<p>AutoBond Acceptance Corp said Thursday the recent decline in its stock  may be related to issues regarding Boston Group LP, which managed the company's initial public offering in November 1996.</p>
<p>The Boston Group is a market maker for for AutoBond. AutoBond investor Relations Representative Brenda Eames said there has been market speculation about the Boston Group's financial condition &quot;which may have caused the decline in AutoBond stock.&quot;</p>
<p>No one from Boston Group was available for comment.</p>
<p>AutoBond said that its stock price decline should not be attributed to the company's performance.</p>
<p>Despite the sudden decline in the stock price, there has been no fundamental change in AutoBond's business or in the financial condition of AutoBond, the company said.</p>
<p>The stock was at 4-9/16, down 1-7/16 in early afternoon trading Thursday.</p>
</text>
<copyright>(c) Reuters Limited 1997</copyright>
<metadata>
<codes class="bip:countries:1.0">
  <code code="USA">
    <editdetail attribution="Reuters BIP Coding Group" action="confirmed" date="1997-03-13"/>
  </code>
</codes>
<codes class="bip:industries:1.0">
  <code code="I81501">
    <editdetail attribution="Reuters BIP Coding Group" action="confirmed" date="1997-03-13"/>
  </code>
</codes>
<codes class="bip:topics:1.0">
  <code code="C15">
    <editdetail attribution="Reuters BIP Coding Group" action="confirmed" date="1997-03-13"/>
  </code>
  <code code="C152">
    <editdetail attribution="Reuters BIP Coding Group" action="confirmed" date="1997-03-13"/>
  </code>
  <code code="CCAT">
    <editdetail attribution="Reuters BIP Coding Group" action="confirmed" date="1997-03-13"/>
  </code>
</codes>
<dc element="dc.date.created" value="1997-03-13"/>
<dc element="dc.publisher" value="Reuters Holdings Plc"/>
<dc element="dc.date.published" value="1997-03-13"/>
<dc element="dc.source" value="Reuters"/>
<dc element="dc.creator.location" value="AUSTIN, Texas"/>
<dc element="dc.creator.location.country.name" value="USA"/>
<dc element="dc.source" value="Reuters"/>
</metadata>
</newsitem>
