<?xml version="1.0" encoding="iso-8859-1" ?>
<newsitem itemid="438556" id="root" date="1997-03-13" xml:lang="en">
<title>USA: CFC Intl plant damaged by minor explosion.</title>
<headline>CFC Intl plant damaged by minor explosion.</headline>
<dateline>CHICAGO HEIGHTS, Ill. 1997-03-13</dateline>
<text>
<p>CFC International Inc, a maker of specialty chemical coatings, said Thursday an explosion in the ductwork leading to an oxidizer caused a small fire at its Chicago Heights plant.</p>
<p>The company said no hazardous chemicals were involved, and no one was injured. Chairman Roger Hruby said no production equipment was damaged. &quot;We suffered only minor exterior structural damage,&quot; he said in a statment.  </p>
<p>CFC said the cause of the explosion was under investigation.</p>
<p>&quot;We are currently repairing the ductwork and the oxidizer is undamaged,&quot; Hruby said, adding, &quot;We are not producing in areas that require the oxidizeer for environmental reasons.</p>
<p>&quot;We absolutely will not take a chance on causing any environmental damage. We are producing in most areas of the plant and do not expect any material impact on sales or production,&quot; he said in a statement.</p>
<p>The plant will resume full operation shortly, Hruby said.</p>
<p>	  ((Reuters Chicago Newsdesk (312) 408-8787))</p>
</text>
<copyright>(c) Reuters Limited 1997</copyright>
<metadata>
<codes class="bip:countries:1.0">
  <code code="USA">
    <editdetail attribution="Reuters BIP Coding Group" action="confirmed" date="1997-03-13"/>
  </code>
</codes>
<codes class="bip:industries:1.0">
  <code code="I25140">
    <editdetail attribution="Reuters BIP Coding Group" action="confirmed" date="1997-03-13"/>
  </code>
</codes>
<codes class="bip:topics:1.0">
  <code code="C24">
    <editdetail attribution="Reuters BIP Coding Group" action="confirmed" date="1997-03-13"/>
  </code>
  <code code="CCAT">
    <editdetail attribution="Reuters BIP Coding Group" action="confirmed" date="1997-03-13"/>
  </code>
</codes>
<dc element="dc.date.created" value="1997-03-13"/>
<dc element="dc.publisher" value="Reuters Holdings Plc"/>
<dc element="dc.date.published" value="1997-03-13"/>
<dc element="dc.source" value="Reuters"/>
<dc element="dc.creator.location" value="CHICAGO HEIGHTS, Ill."/>
<dc element="dc.creator.location.country.name" value="USA"/>
<dc element="dc.source" value="Reuters"/>
</metadata>
</newsitem>
