<?xml version="1.0" encoding="iso-8859-1" ?>
<newsitem itemid="438533" id="root" date="1997-03-13" xml:lang="en">
<title>USA: CSCE world sugar ends barely changed, rangebound.</title>
<headline>CSCE world sugar ends barely changed, rangebound.</headline>
<dateline>NEW YORK 1997-03-13</dateline>
<text>
<p>CSCE world sugar futures ended another day barely changed as speculative selling and trade scale-down buying confined prices to a narrow trading range, dealers said.</p>
<p>The benchmark May contract settled 0.01 cent weaker at 10.76 cents a lb, having ranged from 10.81 to 10.69. The back months closed 0.01 higher to 0.05 cent lower.</p>
<p>Volume was estimated to have reached 20,887 lots compared with the official 18,487 lots Wednesday.</p>
<p>Floor sources said the market remained on the defensive for most of the day with the speculators cited as early sellers. Unable to trigger sell stops around 10.68 cents, some of the speculators covered short positions later in the day.</p>
<p>One floor source said noted recent lows of 10.69, 10.67 and now 10.69, on the weekly chart, forming a support level.</p>
<p>Contributing support was steady scale-down buying by the trade from the mid-10.70-cent area.</p>
<p>&quot;The trade absorbed a lot of spec liquidation,&quot; a dealer said, noting trade buying around 20 points in the May/July spread.</p>
<p>He said prices could hold above support in the near term. &quot;The trade needs to buy back short positions and they're not willing to wait that long to do so,&quot; he added.</p>
<p>Other industry sources expect the market to succumb to pressure if prices fail to garner momentum to the upide over the next few sessions.</p>
<p>Resistance was not noted until the recent high of 11.09 basis May, while support below 10.68 cents was pegged at 10.50 cents.</p>
<p>((Suzanne Rostler, New York Commodity Desk, 212-859-1640))</p>
</text>
<copyright>(c) Reuters Limited 1997</copyright>
<metadata>
<codes class="bip:countries:1.0">
  <code code="USA">
    <editdetail attribution="Reuters BIP Coding Group" action="confirmed" date="1997-03-13"/>
  </code>
</codes>
<codes class="bip:topics:1.0">
  <code code="M14">
    <editdetail attribution="Reuters BIP Coding Group" action="confirmed" date="1997-03-13"/>
  </code>
  <code code="M141">
    <editdetail attribution="Reuters BIP Coding Group" action="confirmed" date="1997-03-13"/>
  </code>
  <code code="MCAT">
    <editdetail attribution="Reuters BIP Coding Group" action="confirmed" date="1997-03-13"/>
  </code>
</codes>
<dc element="dc.date.created" value="1997-03-13"/>
<dc element="dc.publisher" value="Reuters Holdings Plc"/>
<dc element="dc.date.published" value="1997-03-13"/>
<dc element="dc.source" value="Reuters"/>
<dc element="dc.creator.location" value="NEW YORK"/>
<dc element="dc.creator.location.country.name" value="USA"/>
<dc element="dc.source" value="Reuters"/>
</metadata>
</newsitem>
