<?xml version="1.0" encoding="iso-8859-1" ?>
<newsitem itemid="438501" id="root" date="1997-03-13" xml:lang="en">
<title>USA: Fifth Third Capital Trust I issues cap securities.</title>
<headline>Fifth Third Capital Trust I issues cap securities.</headline>
<dateline>NEW YORK 1997-03-13</dateline>
<text>
<p>The following $200 million issue from Fifth Third Capital Trust I was priced on Thursday, according to lead manager Goldman Sachs &amp; Co.</p>
<p>BORROWER FIFTH THIRD CAPITAL TRUST I</p>
<p>AMT $200 MLN	  COUPON  08.136    MATURITY 03/15/27</p>
<p>TYPE CAP SECURITIES ISS PRICE 100.00  FIRST PAY DATE</p>
<p>LAST MOODY'S  A1    YIELD   08.136    PAY FREQ</p>
<p>LAST S&amp;P	A     SPREAD  110 BPS   CALLABLE 10 YRS</p>
<p>((--U.S. Corporate Bond Unit, 212 859-1675))</p>
</text>
<copyright>(c) Reuters Limited 1997</copyright>
<metadata>
<codes class="bip:countries:1.0">
  <code code="USA">
    <editdetail attribution="Reuters BIP Coding Group" action="confirmed" date="1997-03-13"/>
  </code>
</codes>
<codes class="bip:topics:1.0">
  <code code="C17">
    <editdetail attribution="Reuters BIP Coding Group" action="confirmed" date="1997-03-13"/>
  </code>
  <code code="C172">
    <editdetail attribution="Reuters BIP Coding Group" action="confirmed" date="1997-03-13"/>
  </code>
  <code code="CCAT">
    <editdetail attribution="Reuters BIP Coding Group" action="confirmed" date="1997-03-13"/>
  </code>
</codes>
<dc element="dc.date.created" value="1997-03-13"/>
<dc element="dc.publisher" value="Reuters Holdings Plc"/>
<dc element="dc.date.published" value="1997-03-13"/>
<dc element="dc.source" value="Reuters"/>
<dc element="dc.creator.location" value="NEW YORK"/>
<dc element="dc.creator.location.country.name" value="USA"/>
<dc element="dc.source" value="Reuters"/>
</metadata>
</newsitem>
