<?xml version="1.0" encoding="iso-8859-1" ?>
<newsitem itemid="438505" id="root" date="1997-03-13" xml:lang="en">
<title>USA: Park National says First Knox merger cleared.</title>
<headline>Park National says First Knox merger cleared.</headline>
<dateline>NEWARK, Ohio 1997-03-12</dateline>
<text>
<p>Park National Corp on Thursday said the Federal Reserve Board and the Ohio Division of Financial Institutions have approved its proposed merger with First Knox Banc Corp.</p>
<p>Park National said all bank regulatory approvals have now been received within the original time frames expected.</p>
<p>Terms of the merger will be sent to both Park and First-Knox stockholders within the next week in connection with Park's annual meeting, scheduled for April 21, 1997, and First-Knox's special meeting scheduled for April 23, 1997, Park National said.</p>
</text>
<copyright>(c) Reuters Limited 1997</copyright>
<metadata>
<codes class="bip:countries:1.0">
  <code code="USA">
    <editdetail attribution="Reuters BIP Coding Group" action="confirmed" date="1997-03-13"/>
  </code>
</codes>
<codes class="bip:industries:1.0">
  <code code="I81402">
    <editdetail attribution="Reuters BIP Coding Group" action="confirmed" date="1997-03-13"/>
  </code>
</codes>
<codes class="bip:topics:1.0">
  <code code="C13">
    <editdetail attribution="Reuters BIP Coding Group" action="confirmed" date="1997-03-13"/>
  </code>
  <code code="C18">
    <editdetail attribution="Reuters BIP Coding Group" action="confirmed" date="1997-03-13"/>
  </code>
  <code code="C181">
    <editdetail attribution="Reuters BIP Coding Group" action="confirmed" date="1997-03-13"/>
  </code>
  <code code="CCAT">
    <editdetail attribution="Reuters BIP Coding Group" action="confirmed" date="1997-03-13"/>
  </code>
</codes>
<dc element="dc.date.created" value="1997-03-12"/>
<dc element="dc.publisher" value="Reuters Holdings Plc"/>
<dc element="dc.date.published" value="1997-03-13"/>
<dc element="dc.source" value="Reuters"/>
<dc element="dc.creator.location" value="NEWARK, Ohio"/>
<dc element="dc.creator.location.country.name" value="USA"/>
<dc element="dc.source" value="Reuters"/>
</metadata>
</newsitem>
