<?xml version="1.0" encoding="iso-8859-1" ?>
<newsitem itemid="438564" id="root" date="1997-03-13" xml:lang="en">
<title>USA: Ocean Optique vendor converts debt.</title>
<headline>Ocean Optique vendor converts debt.</headline>
<dateline>MIAMI 1997-03-13</dateline>
<text>
<p>Ocean Optique Distributors Inc said on Thursday that it has reached an agreement with a major vendor to convert $300,000 of outstanding payables into 300,000 shares of Ocean's common stock.</p>
<p>Also, holders of $75,000 in principal amount of outstanding debentures have converted their debentures into 45,454 shares of common stock, the company said.</p>
<p>Ocean also said it has received a proposal from a new lender to refinance and increase Ocean's existing line of credit. The company expects the refinancing to be completed in the next several weeks, it said.</p>
</text>
<copyright>(c) Reuters Limited 1997</copyright>
<metadata>
<codes class="bip:countries:1.0">
  <code code="USA">
    <editdetail attribution="Reuters BIP Coding Group" action="confirmed" date="1997-03-13"/>
  </code>
</codes>
<codes class="bip:industries:1.0">
  <code code="I37300">
    <editdetail attribution="Reuters BIP Coding Group" action="confirmed" date="1997-03-13"/>
  </code>
</codes>
<codes class="bip:topics:1.0">
  <code code="C17">
    <editdetail attribution="Reuters BIP Coding Group" action="confirmed" date="1997-03-13"/>
  </code>
  <code code="C171">
    <editdetail attribution="Reuters BIP Coding Group" action="confirmed" date="1997-03-13"/>
  </code>
  <code code="C172">
    <editdetail attribution="Reuters BIP Coding Group" action="confirmed" date="1997-03-13"/>
  </code>
  <code code="CCAT">
    <editdetail attribution="Reuters BIP Coding Group" action="confirmed" date="1997-03-13"/>
  </code>
</codes>
<dc element="dc.date.created" value="1997-03-13"/>
<dc element="dc.publisher" value="Reuters Holdings Plc"/>
<dc element="dc.date.published" value="1997-03-13"/>
<dc element="dc.source" value="Reuters"/>
<dc element="dc.creator.location" value="MIAMI"/>
<dc element="dc.creator.location.country.name" value="USA"/>
<dc element="dc.source" value="Reuters"/>
</metadata>
</newsitem>
