<?xml version="1.0" encoding="iso-8859-1" ?>
<newsitem itemid="438510" id="root" date="1997-03-13" xml:lang="en">
<title>USA: Bio-Rad Laboratories names CFO.</title>
<headline>Bio-Rad Laboratories names CFO.</headline>
<dateline>HERCULES, Calif. 1997-03-13</dateline>
<text>
<p>Bio-Rad Laboratories Inc on Thursday said it had named Thomas Chesterman as its chief financial officer, replacing Thomas Braje, who retired last year.</p>
<p>Chesterman joined Bio-Rad last year as treasurer.,T</p>
</text>
<copyright>(c) Reuters Limited 1997</copyright>
<metadata>
<codes class="bip:countries:1.0">
  <code code="USA">
    <editdetail attribution="Reuters BIP Coding Group" action="confirmed" date="1997-03-13"/>
  </code>
</codes>
<codes class="bip:industries:1.0">
  <code code="I25700">
    <editdetail attribution="Reuters BIP Coding Group" action="confirmed" date="1997-03-13"/>
  </code>
</codes>
<codes class="bip:topics:1.0">
  <code code="C41">
    <editdetail attribution="Reuters BIP Coding Group" action="confirmed" date="1997-03-13"/>
  </code>
  <code code="C411">
    <editdetail attribution="Reuters BIP Coding Group" action="confirmed" date="1997-03-13"/>
  </code>
  <code code="CCAT">
    <editdetail attribution="Reuters BIP Coding Group" action="confirmed" date="1997-03-13"/>
  </code>
</codes>
<dc element="dc.date.created" value="1997-03-13"/>
<dc element="dc.publisher" value="Reuters Holdings Plc"/>
<dc element="dc.date.published" value="1997-03-13"/>
<dc element="dc.source" value="Reuters"/>
<dc element="dc.creator.location" value="HERCULES, Calif."/>
<dc element="dc.creator.location.country.name" value="USA"/>
<dc element="dc.source" value="Reuters"/>
</metadata>
</newsitem>
