<?xml version="1.0" encoding="iso-8859-1" ?>
<newsitem itemid="438548" id="root" date="1997-03-13" xml:lang="en">
<title>USA: Virco Q4 shr rises.</title>
<headline>Virco Q4 shr rises.</headline>
<dateline>LOS ANGELES 1997-03-13</dateline>
<text>
<p>Quarter Ended	 Year Ended</p>
<p>				     January 31	   January 31</p>
<p>				 (In thousands except per share data)</p>
<p>				    1997     1996	 1997     1996</p>
<p> Sales			  $47,160 $46,614   $236,277 $224,349</p>
<p> Net Income		     2,320   2,263	9,326    5,209</p>
<p> Net Income Per Share	  0.39    0.38	 1.55     0.87</p>
<p>Note:  Per share data based upon weighted shares outstanding:</p>
<p>6,024,180 for three months ended January 31, 1997</p>
<p>6,004,835 for the year ended January 31, 1997</p>
<p>5,985,864 for the three months ended January 31, 1996</p>
<p>5,974,739 for the year ended January 31, 1996</p>
<p>NOTE: Results for 1995 reflected $1,000,000 of non-recurring pre-tax earnings applicable to the insurance recovery for tornado damage at the Company's Arkansas facility and the resolution of an environmental claim by Virco relating to its North Carolina plant.  One half of this non-recurring gain was realized in the fourth quarter of that year.</p>
</text>
<copyright>(c) Reuters Limited 1997</copyright>
<metadata>
<codes class="bip:countries:1.0">
  <code code="USA">
    <editdetail attribution="Reuters BIP Coding Group" action="confirmed" date="1997-03-13"/>
  </code>
</codes>
<codes class="bip:industries:1.0">
  <code code="I34400">
    <editdetail attribution="Reuters BIP Coding Group" action="confirmed" date="1997-03-13"/>
  </code>
</codes>
<codes class="bip:topics:1.0">
  <code code="C15">
    <editdetail attribution="Reuters BIP Coding Group" action="confirmed" date="1997-03-13"/>
  </code>
  <code code="C151">
    <editdetail attribution="Reuters BIP Coding Group" action="confirmed" date="1997-03-13"/>
  </code>
  <code code="C1511">
    <editdetail attribution="Reuters BIP Coding Group" action="confirmed" date="1997-03-13"/>
  </code>
  <code code="CCAT">
    <editdetail attribution="Reuters BIP Coding Group" action="confirmed" date="1997-03-13"/>
  </code>
</codes>
<dc element="dc.date.created" value="1997-03-13"/>
<dc element="dc.publisher" value="Reuters Holdings Plc"/>
<dc element="dc.date.published" value="1997-03-13"/>
<dc element="dc.source" value="Reuters"/>
<dc element="dc.creator.location" value="LOS ANGELES"/>
<dc element="dc.creator.location.country.name" value="USA"/>
<dc element="dc.source" value="Reuters"/>
</metadata>
</newsitem>
