<?xml version="1.0" encoding="iso-8859-1" ?>
<newsitem itemid="438585" id="root" date="1997-03-13" xml:lang="en">
<title>USA: Ford CEO Trotman agrees to stay until 2000.</title>
<headline>Ford CEO Trotman agrees to stay until 2000.</headline>
<dateline>DEARBORN, Mich. 1997-03-13</dateline>
<text>
<p>Ford Motor Co said Thursday that Chairman and Chief Executive Officer Alex Trotman accepted a board request to remain in his post until January 1, 2000.</p>
<p>&quot;In making the request, the board said it was very supportive of Trotman and the entire Ford management team and the direction in which it is leading the company,&quot; Ford said in a statement.  </p>
<p>The board also believes the &quot;major changes&quot; being made to Ford's operating processes would benefit from continuing stability of its management team, the company said.</p>
<p>The company launched an aggressive restructuring program called Ford 2000 in January 1995 under Trotman to streamline the automaker's product development system. Some analysts have voiced skepticism the ambitious cost-cutting plan can reach all of its goals.</p>
<p>The board request for Trotman to stay on came after its normal annual performance review of the CEO, Ford said.  </p>
<p>The board action means Trotman, 63, will be able to stay on past his 65th birthday in July 1998, the customary retirement age for senior Ford executives. Trotman was elected chairman November 1, 1993.</p>
<p>Ford spokeswoman Pam Kueber said the company does not require executives to leave at age 65, noting that former Chairman Harold &quot;Red&quot; Poling stayed until he was 68.</p>
<p>Last September a published report said the board had asked Trotman to remain as chairman and CEO, bypassing Edward Hagenlocker.</p>
<p>The report also said William Clay Ford Jr, a board member and Ford family member, was a candidate to become the company's next chairman.</p>
<p>Hagenlocker, who had been president of Ford's Automotive Operations, was named vice chairman October 10, 1996.</p>
<p>Ford denied the report and later issued a statement saying no decisions had been made on Trotman's successor.</p>
<p>Kueber said today the board made no other executive changes.</p>
<p>&quot;Everything else remains the same,&quot; she said.</p>
<p>She declined to speculate on future board actions.</p>
</text>
<copyright>(c) Reuters Limited 1997</copyright>
<metadata>
<codes class="bip:countries:1.0">
  <code code="USA">
    <editdetail attribution="Reuters BIP Coding Group" action="confirmed" date="1997-03-13"/>
  </code>
</codes>
<codes class="bip:industries:1.0">
  <code code="I35101">
    <editdetail attribution="Reuters BIP Coding Group" action="confirmed" date="1997-03-13"/>
  </code>
</codes>
<codes class="bip:topics:1.0">
  <code code="C41">
    <editdetail attribution="Reuters BIP Coding Group" action="confirmed" date="1997-03-13"/>
  </code>
  <code code="C411">
    <editdetail attribution="Reuters BIP Coding Group" action="confirmed" date="1997-03-13"/>
  </code>
  <code code="CCAT">
    <editdetail attribution="Reuters BIP Coding Group" action="confirmed" date="1997-03-13"/>
  </code>
</codes>
<dc element="dc.date.created" value="1997-03-13"/>
<dc element="dc.publisher" value="Reuters Holdings Plc"/>
<dc element="dc.date.published" value="1997-03-13"/>
<dc element="dc.source" value="Reuters"/>
<dc element="dc.creator.location" value="DEARBORN, Mich."/>
<dc element="dc.creator.location.country.name" value="USA"/>
<dc element="dc.source" value="Reuters"/>
</metadata>
</newsitem>
