<?xml version="1.0" encoding="iso-8859-1" ?>
<newsitem itemid="438569" id="root" date="1997-03-13" xml:lang="en">
<title>USA: Fed on look-out for faster inflation, Rivlin says.</title>
<headline>Fed on look-out for faster inflation, Rivlin says.</headline>
<dateline>WASHINGTON 1997-03-13</dateline>
<text>
<p>The economy is &quot;perking along&quot; well at the moment but the Federal Reserve needs to be on the look-out for an acceleration in inflation that could undermine growth, Fed Vice Chair Alice Rivlin said Thursday.</p>
<p>&quot;The economy is growing at a healthy clip, payrolls are up, unemployment is down,&quot; she told the National Community Reinvestment Coalition, &quot;Incomes are beginning to rise.&quot;</p>
<p>&quot;The challenge for the Federal Reserve in this respect is to try to keep this good news coming, especially to be vigilant against the threat of accelerating inflation which has so often derailed our economy in the past,&quot; she added.  </p>
<p>Rivlin said that steady growth with low inflation and low interest rates would help community development.</p>
<p>&quot;I can't promise that the Federal Reserve will deliver this,&quot; she said. &quot;I can promise that we will do our best with monetary policy to keep the economy on track.&quot;</p>
<p>Rivlin said Congress and the Clinton administration could help as well. &quot;An agreement between the president and the Congress to keep the federal budget deficit on its current and very gratifying downward track would help keep long-term interest rates ... down,&quot; She said. &quot;So would an agreement to get the Social Security system onto a sounder foundation.&quot;</p>
</text>
<copyright>(c) Reuters Limited 1997</copyright>
<metadata>
<codes class="bip:countries:1.0">
  <code code="USA">
    <editdetail attribution="Reuters BIP Coding Group" action="confirmed" date="1997-03-13"/>
  </code>
</codes>
<codes class="bip:topics:1.0">
  <code code="E12">
    <editdetail attribution="Reuters BIP Coding Group" action="confirmed" date="1997-03-13"/>
  </code>
  <code code="E13">
    <editdetail attribution="Reuters BIP Coding Group" action="confirmed" date="1997-03-13"/>
  </code>
  <code code="E131">
    <editdetail attribution="Reuters BIP Coding Group" action="confirmed" date="1997-03-13"/>
  </code>
  <code code="ECAT">
    <editdetail attribution="Reuters BIP Coding Group" action="confirmed" date="1997-03-13"/>
  </code>
</codes>
<dc element="dc.date.created" value="1997-03-13"/>
<dc element="dc.publisher" value="Reuters Holdings Plc"/>
<dc element="dc.date.published" value="1997-03-13"/>
<dc element="dc.source" value="Reuters"/>
<dc element="dc.creator.location" value="WASHINGTON"/>
<dc element="dc.creator.location.country.name" value="USA"/>
<dc element="dc.source" value="Reuters"/>
</metadata>
</newsitem>
