<?xml version="1.0" encoding="iso-8859-1" ?>
<newsitem itemid="438546" id="root" date="1997-03-13" xml:lang="en">
<title>USA: ECRI future U.S. inflation gauge 107.5 Feb 28 wk.</title>
<headline>ECRI future U.S. inflation gauge 107.5 Feb 28 wk.</headline>
<dateline>NEW YORK 1997-03-13</dateline>
<text>
<p>The Economic Cycle Research Institute (ECRI) weekly future inflation gauge (FIG) slipped to 107.5 in the week ended February 28 from a revised 107.6 the prior week, ECRI said.</p>
<p>The growth rates of real estate loans fell and the yield spread between 10-year and three-month Treasuries widened, but were mostly offset by a rise in material prices and a drop in the insured unemployment rate, ECRI said.</p>
<p>&quot;The (FIG) increase (over the past few months) has so far been gradual and insufficient to indicate that a cyclical upturn in inflation is around the corner,&quot; it said.</p>
<p>(( -- N.A. Treasury Desk, 212-859-1660 ))</p>
</text>
<copyright>(c) Reuters Limited 1997</copyright>
<metadata>
<codes class="bip:countries:1.0">
  <code code="USA">
    <editdetail attribution="Reuters BIP Coding Group" action="confirmed" date="1997-03-13"/>
  </code>
</codes>
<codes class="bip:topics:1.0">
  <code code="E13">
    <editdetail attribution="Reuters BIP Coding Group" action="confirmed" date="1997-03-13"/>
  </code>
  <code code="E131">
    <editdetail attribution="Reuters BIP Coding Group" action="confirmed" date="1997-03-13"/>
  </code>
  <code code="ECAT">
    <editdetail attribution="Reuters BIP Coding Group" action="confirmed" date="1997-03-13"/>
  </code>
</codes>
<dc element="dc.date.created" value="1997-03-13"/>
<dc element="dc.publisher" value="Reuters Holdings Plc"/>
<dc element="dc.date.published" value="1997-03-13"/>
<dc element="dc.source" value="Reuters"/>
<dc element="dc.creator.location" value="NEW YORK"/>
<dc element="dc.creator.location.country.name" value="USA"/>
<dc element="dc.source" value="Reuters"/>
</metadata>
</newsitem>
