<?xml version="1.0" encoding="iso-8859-1" ?>
<newsitem itemid="438517" id="root" date="1997-03-13" xml:lang="en">
<title>USA: Comtech Telecom Q2 Jan 31 net increases.</title>
<headline>Comtech Telecom Q2 Jan 31 net increases.</headline>
<text>
<p>MELVILLE, N.Y., March 13</p>
<p>				1997			1996</p>
<p> Shr	 profit	 $0.06   profit	 $0.02</p>
<p> Net	 profit	   148   profit	    45</p>
<p> Revs			 6,048		    4,747</p>
<p> Avg shrs		   2,582		    2,590</p>
<p>	   6 MONTHS</p>
<p> Shr	 profit	 $0.09     loss	 $0.05</p>
<p> Net	 profit	   229     loss	   141</p>
<p> Revs			11,236		    9,203</p>
<p> Avg shrs		   2,582		    2,590</p>
<p>(All data above 000s except per share numbers)</p>
<p>NOTE:  Full name of company is Comtech Telecommunications Corp.</p>
</text>
<copyright>(c) Reuters Limited 1997</copyright>
<metadata>
<codes class="bip:countries:1.0">
  <code code="USA">
    <editdetail attribution="Reuters BIP Coding Group" action="confirmed" date="1997-03-13"/>
  </code>
</codes>
<codes class="bip:industries:1.0">
  <code code="I34400">
    <editdetail attribution="Reuters BIP Coding Group" action="confirmed" date="1997-03-13"/>
  </code>
</codes>
<codes class="bip:topics:1.0">
  <code code="C15">
    <editdetail attribution="Reuters BIP Coding Group" action="confirmed" date="1997-03-13"/>
  </code>
  <code code="C151">
    <editdetail attribution="Reuters BIP Coding Group" action="confirmed" date="1997-03-13"/>
  </code>
  <code code="CCAT">
    <editdetail attribution="Reuters BIP Coding Group" action="confirmed" date="1997-03-13"/>
  </code>
</codes>
<dc element="dc.publisher" value="Reuters Holdings Plc"/>
<dc element="dc.date.published" value="1997-03-13"/>
<dc element="dc.source" value="Reuters"/>
<dc element="dc.creator.location.country.name" value="USA"/>
<dc element="dc.source" value="Reuters"/>
</metadata>
</newsitem>
