<?xml version="1.0" encoding="iso-8859-1" ?>
<newsitem itemid="438554" id="root" date="1997-03-13" xml:lang="en">
<title>USA: Carrington Lab oral products label expanded.</title>
<headline>Carrington Lab oral products label expanded.</headline>
<dateline>IRVING, Texas 1997-03-13</dateline>
<text>
<p>Carrington Laboratories Inc said on Thursday it received clearance from the U.S. Food and Drug Administration to add new label indications to two of products for treatment of oral mucositis or stomatitis.</p>
<p>The label indications applied the company's Radiacare oral wound rinse, formulated for mucositis, and its Carrington Patch, a patch placed inside the mouth to manage canker sores and other types of mouth sores, Carrington said.</p>
<p>Oral mucositis/stomatitis is a painful inflammation of the oral mucosa, often involving the palate, tongue, gums, cheek or other areas of the oral cavity, the company said.</p>
<p>It was common among patients undergoing chemotherapy or radiation for head and neck cancer.</p>
<p>&quot;The current clearance to market expands the potential market for the RadiaCare line to include the management of conditions other than radiation-induced dermatitis,&quot; the company said. &quot;Certainly these are attractive markets with existing unmet needs. We will market these products through our existing sales force and will be seeking co- marketers.&quot;</p>
<p>The company also said its new RadiaCare line would consist of six products -- the oral wound rinse, cleansing agent RadiaCare Klenz, RadiaCare Gel and Gel Sheet to manage dermatitis induced by radiation, moisturizing RadiaCare Cream, and RadiaCare Sun Block &amp; Lip Balm.</p>
<p>((New York newsdesk 212-859-1610))</p>
</text>
<copyright>(c) Reuters Limited 1997</copyright>
<metadata>
<codes class="bip:countries:1.0">
  <code code="USA">
    <editdetail attribution="Reuters BIP Coding Group" action="confirmed" date="1997-03-13"/>
  </code>
</codes>
<codes class="bip:industries:1.0">
  <code code="I61000">
    <editdetail attribution="Reuters BIP Coding Group" action="confirmed" date="1997-03-13"/>
  </code>
</codes>
<codes class="bip:topics:1.0">
  <code code="C13">
    <editdetail attribution="Reuters BIP Coding Group" action="confirmed" date="1997-03-13"/>
  </code>
  <code code="C21">
    <editdetail attribution="Reuters BIP Coding Group" action="confirmed" date="1997-03-13"/>
  </code>
  <code code="CCAT">
    <editdetail attribution="Reuters BIP Coding Group" action="confirmed" date="1997-03-13"/>
  </code>
</codes>
<dc element="dc.date.created" value="1997-03-13"/>
<dc element="dc.publisher" value="Reuters Holdings Plc"/>
<dc element="dc.date.published" value="1997-03-13"/>
<dc element="dc.source" value="Reuters"/>
<dc element="dc.creator.location" value="IRVING, Texas"/>
<dc element="dc.creator.location.country.name" value="USA"/>
<dc element="dc.source" value="Reuters"/>
</metadata>
</newsitem>
