<?xml version="1.0" encoding="iso-8859-1" ?>
<newsitem itemid="438573" id="root" date="1997-03-13" xml:lang="en">
<title>USA: Tobacco stocks tumble on litigation woes.</title>
<headline>Tobacco stocks tumble on litigation woes.</headline>
<dateline>NEW YORK 1997-03-13</dateline>
<text>
<p>Tobacco stocks were down sharply at midday Thursday amid fears that Mississippi Gov. Kirk Fordice's legal challenge to a landmark tobacco lawsuit brought by his state's attorney general is headed for defeat.</p>
<p>The skid also came amid news that Liggett Group Inc, a unit of Brook Group Ltd, was preparing to expand its negotiated settlement of tobacco liability suits to dozens of other states that have sued the industry since Liggett first struck its settlement almost a year ago.  </p>
<p>On the New York Stock Exchange, shares of Philip Morris Cos Inc were down five points at 131-1/4. RJR Nabisco Holdings Corp was off 1-3/8 at 34-3/4, and Loews Corp traded at 107-1/8, down 3-1/4. Other stocks were also lower.</p>
<p>Mississippi Attorney General Mike Moore told Reuters Thursday that he had no indication that a ruling on his suit would come from the Mississippi Supreme Court today, but said court rulings are released on Thursdays at 1430 EST.1930 GMT.</p>
<p>Moore's suit seeks compensation for state Medicaid funds spent treating poor people for smoking-related illnesses.  </p>
<p>Fordice, a Republican, sued to block Moore's suit, alleging that Moore, a Democrat, did not have the authority to bring the litigation.</p>
<p>Analysts also pointed to other factors that could have weighed on tobacco shares, including today's ex-dividend date for Philip Morris and a general day of red ink for consumer stocks overall. But analysts cited the Mississippi rumors as a likely cause.</p>
<p>Smith Barney analyst Martin Feldman said that even if the governor's challenge is blocked, &quot;it does not comment on the industry's defenses.&quot;  </p>
<p>&quot;I would not expect Philip Morris to fall more than five dollars&quot; in share price, Feldman said.</p>
<p>Paine Webber's Emanuel Goldman said the threat that Liggett will release industry documents that imply a higher degree of industry culpability in personal injuries was toothless, because the documents &quot;are nothing.&quot;</p>
<p>&quot;Even with those documents, you have to prove fraud at the highest level (of a tobacco company), and that's the hard part here,&quot; Goldman said.</p>
<p>((--C. Thompson, New York Equities Desk 212.859.1725))</p>
</text>
<copyright>(c) Reuters Limited 1997</copyright>
<metadata>
<codes class="bip:countries:1.0">
  <code code="USA">
    <editdetail attribution="Reuters BIP Coding Group" action="confirmed" date="1997-03-13"/>
  </code>
</codes>
<codes class="bip:industries:1.0">
  <code code="I42900">
    <editdetail attribution="Reuters BIP Coding Group" action="confirmed" date="1997-03-13"/>
  </code>
  <code code="I83960">
    <editdetail attribution="Reuters BIP Coding Group" action="confirmed" date="1997-03-13"/>
  </code>
</codes>
<codes class="bip:topics:1.0">
  <code code="C12">
    <editdetail attribution="Reuters BIP Coding Group" action="confirmed" date="1997-03-13"/>
  </code>
  <code code="C15">
    <editdetail attribution="Reuters BIP Coding Group" action="confirmed" date="1997-03-13"/>
  </code>
  <code code="C152">
    <editdetail attribution="Reuters BIP Coding Group" action="confirmed" date="1997-03-13"/>
  </code>
  <code code="CCAT">
    <editdetail attribution="Reuters BIP Coding Group" action="confirmed" date="1997-03-13"/>
  </code>
  <code code="GCAT">
    <editdetail attribution="Reuters BIP Coding Group" action="confirmed" date="1997-03-13"/>
  </code>
  <code code="GCRIM">
    <editdetail attribution="Reuters BIP Coding Group" action="confirmed" date="1997-03-13"/>
  </code>
</codes>
<dc element="dc.date.created" value="1997-03-13"/>
<dc element="dc.publisher" value="Reuters Holdings Plc"/>
<dc element="dc.date.published" value="1997-03-13"/>
<dc element="dc.source" value="Reuters"/>
<dc element="dc.creator.location" value="NEW YORK"/>
<dc element="dc.creator.location.country.name" value="USA"/>
<dc element="dc.source" value="Reuters"/>
</metadata>
</newsitem>
