<?xml version="1.0" encoding="iso-8859-1" ?>
<newsitem itemid="438500" id="root" date="1997-03-13" xml:lang="en">
<title>USA: Firm says cooperating with SEC in PA yield probe.</title>
<headline>Firm says cooperating with SEC in PA yield probe.</headline>
<dateline>WASHINGTON 1997-03-13</dateline>
<text>
<p>CoreStates Financial Corp said it is cooperating with the Securities and Exchange Commission in the agency's probe of possible &quot;yield burning&quot; in advance refunding deals handled by its subsidiary, Meridian Capital Markets (MCM).</p>
<p>But CoreStates stressed that it did not acquire Meridian until 1996 and the SEC's probe focuses on refundings handled by Meridian betwen 1993 and 1995.</p>
<p>&quot;The SEC is investigating specific activities of MCM and not of CoreStates,&quot; the firm stressed in a press statement.  </p>
<p>&quot;There has been no suggestion or allegation that CoreStates or current employees of CoreStates have done anything inappropriate,&quot; the firm said.</p>
<p>The company said it has notified clients whose transactions are under SEC review about the agency's probe.</p>
<p>Reuters reported on March 12 that the SEC last month subpoenad Allentown, Whitehall Township and other Pennsylvania localities on as many as 25 refundings to determine if yield burning occurred in the deals.  </p>
<p>A CoreStates spokesman said on Thursday the SEC is examining deals done by Meridian before it was acquired by CoreStates. None of the Meridian employees who worked on the deals joined CoreStates at the time of the acquisition, the spokesman said.</p>
<p>Steve Snyder, a former Meridian bond underwriter, could not be reached for comment.</p>
<p>&quot;The SEC has undertaken a broad review of the way members of the securities industry have calculated their commissions, or mark-ups, on the sale of debt securities, including municipal and government bonds,&quot; CoreStates said.</p>
<p>The firm said it has retained legal counsel and has &quot;begun its own review&quot; of the Meridian transactions.</p>
<p>&quot;Although we have not drawn any conclusions that any of the commissions charged by MCM were out of line with prevailing industry standards or otherwise improper -- we are uncertain as to the outcome of the SEC investigation and how it will ultimately be resolved,&quot; CoreStates added.</p>
</text>
<copyright>(c) Reuters Limited 1997</copyright>
<metadata>
<codes class="bip:countries:1.0">
  <code code="USA">
    <editdetail attribution="Reuters BIP Coding Group" action="confirmed" date="1997-03-13"/>
  </code>
</codes>
<codes class="bip:industries:1.0">
  <code code="I81402">
    <editdetail attribution="Reuters BIP Coding Group" action="confirmed" date="1997-03-13"/>
  </code>
</codes>
<codes class="bip:topics:1.0">
  <code code="C13">
    <editdetail attribution="Reuters BIP Coding Group" action="confirmed" date="1997-03-13"/>
  </code>
  <code code="CCAT">
    <editdetail attribution="Reuters BIP Coding Group" action="confirmed" date="1997-03-13"/>
  </code>
</codes>
<dc element="dc.date.created" value="1997-03-13"/>
<dc element="dc.publisher" value="Reuters Holdings Plc"/>
<dc element="dc.date.published" value="1997-03-13"/>
<dc element="dc.source" value="Reuters"/>
<dc element="dc.creator.location" value="WASHINGTON"/>
<dc element="dc.creator.location.country.name" value="USA"/>
<dc element="dc.source" value="Reuters"/>
</metadata>
</newsitem>
