<?xml version="1.0" encoding="iso-8859-1" ?>
<newsitem itemid="438587" id="root" date="1997-03-13" xml:lang="en">
<title>USA: TCBY Enterprises Q1 March 2 profit vs. loss.</title>
<headline>TCBY Enterprises Q1 March 2 profit vs. loss.</headline>
<dateline>LITTLE ROCK, Ark. 1997-03-13</dateline>
<text>
<p>TCBY Enterprises, Inc.</p>
<p>				Selected Financial Highlights</p>
<p>			 (In Thousands, Except Per Share Amounts)</p>
<p>					  (Unaudited)</p>
<p>							 Quarter Ended</p>
<p>						    Mar 2,	  Feb 29,</p>
<p>						     1997		1996</p>
<p>Operating Results</p>
<p> Sales &amp; Franchising Revenues	   $ 18,472	 $ 17,278</p>
<p> Net Income (Loss)				 252	    (505)</p>
<p> Net Income (Loss) Per Share		   .01	    (.02)</p>
<p> Average Shares Outstanding		 24,472	   25,564</p>
<p> Dividends Paid Per Share			.05		.05</p>
<p>NOTE: Full name of company is TCBY Enterprises Inc</p>
</text>
<copyright>(c) Reuters Limited 1997</copyright>
<metadata>
<codes class="bip:countries:1.0">
  <code code="USA">
    <editdetail attribution="Reuters BIP Coding Group" action="confirmed" date="1997-03-13"/>
  </code>
</codes>
<codes class="bip:industries:1.0">
  <code code="I66100">
    <editdetail attribution="Reuters BIP Coding Group" action="confirmed" date="1997-03-13"/>
  </code>
</codes>
<codes class="bip:topics:1.0">
  <code code="C15">
    <editdetail attribution="Reuters BIP Coding Group" action="confirmed" date="1997-03-13"/>
  </code>
  <code code="C151">
    <editdetail attribution="Reuters BIP Coding Group" action="confirmed" date="1997-03-13"/>
  </code>
  <code code="CCAT">
    <editdetail attribution="Reuters BIP Coding Group" action="confirmed" date="1997-03-13"/>
  </code>
</codes>
<dc element="dc.date.created" value="1997-03-13"/>
<dc element="dc.publisher" value="Reuters Holdings Plc"/>
<dc element="dc.date.published" value="1997-03-13"/>
<dc element="dc.source" value="Reuters"/>
<dc element="dc.creator.location" value="LITTLE ROCK, Ark."/>
<dc element="dc.creator.location.country.name" value="USA"/>
<dc element="dc.source" value="Reuters"/>
</metadata>
</newsitem>
