<?xml version="1.0" encoding="iso-8859-1" ?>
<newsitem itemid="438577" id="root" date="1997-03-13" xml:lang="en">
<title>USA: Parlux expects to return to profitability.</title>
<headline>Parlux expects to return to profitability.</headline>
<dateline>FORT LAUDERDALE, Fla. 1997-03-13</dateline>
<text>
<p>Parlux Fragrances Inc said Thursday the restructuring costs associated with terminating warehousing and distribution operations in Connecticut and France and discontinuing certain brands would approximate $5,000,000 on a pre-tax basis during the quarter ending March 31, 1997.</p>
<p>The company said it expects to retain a profit for the full fiscal year ending March 31, 1997. About 85 percent of these charges will not require cash outlay.</p>
<p>The discontinued brands represented less than five percent of the company's total sales for the year, Parlux said.  </p>
<p>Parlux also said sales to its major customer, Perfumania Inc, as a percentage of total sales, have been strategically reduced during the current fiscal year compared to the prior year.</p>
<p>The company said it intends to continue with this strategy in the upcoming year to improve receivable turnover.</p>
</text>
<copyright>(c) Reuters Limited 1997</copyright>
<metadata>
<codes class="bip:countries:1.0">
  <code code="FRA">
    <editdetail attribution="Reuters BIP Coding Group" action="confirmed" date="1997-03-13"/>
  </code>
  <code code="USA">
    <editdetail attribution="Reuters BIP Coding Group" action="confirmed" date="1997-03-13"/>
  </code>
</codes>
<codes class="bip:industries:1.0">
  <code code="I25800">
    <editdetail attribution="Reuters BIP Coding Group" action="confirmed" date="1997-03-13"/>
  </code>
</codes>
<codes class="bip:topics:1.0">
  <code code="C11">
    <editdetail attribution="Reuters BIP Coding Group" action="confirmed" date="1997-03-13"/>
  </code>
  <code code="C15">
    <editdetail attribution="Reuters BIP Coding Group" action="confirmed" date="1997-03-13"/>
  </code>
  <code code="C152">
    <editdetail attribution="Reuters BIP Coding Group" action="confirmed" date="1997-03-13"/>
  </code>
  <code code="CCAT">
    <editdetail attribution="Reuters BIP Coding Group" action="confirmed" date="1997-03-13"/>
  </code>
</codes>
<dc element="dc.date.created" value="1997-03-13"/>
<dc element="dc.publisher" value="Reuters Holdings Plc"/>
<dc element="dc.date.published" value="1997-03-13"/>
<dc element="dc.source" value="Reuters"/>
<dc element="dc.creator.location" value="FORT LAUDERDALE, Fla."/>
<dc element="dc.creator.location.country.name" value="USA"/>
<dc element="dc.source" value="Reuters"/>
</metadata>
</newsitem>
