<?xml version="1.0" encoding="iso-8859-1" ?>
<newsitem itemid="438521" id="root" date="1997-03-13" xml:lang="en">
<title>USA: Chicago Fed chief says Fed watching financial mkts.</title>
<headline>Chicago Fed chief says Fed watching financial mkts.</headline>
<dateline>NEW YORK 1997-03-13</dateline>
<text>
<p>Michael Moskow, President of the Federal Reserve Bank of Chicago, said the U.S. central bank is monitoring U.S. financial markets as it readies to discuss monetary policy later this month.</p>
<p>In response to a question about how much attention the Fed pays to U.S. financial assets, Moskow said the Fed monitors a broad range of &quot;measures of the economy and that financial markets are part of that.&quot;</p>
<p>The Fed also looks at prices, wages  and capcity utilization among others items. &quot;We look at all these and we do not want to put more weight on those (financial markets) than on the others at this particular point.&quot;</p>
<p>Moskow also said he expected growth of 2.0 to 2.5 percent this year, while inflation could rise to 3.0 percent. The unemployment should remain around its current 5.3-percent level, he added.</p>
<p>(( -- Isabelle Clary, 212-859-1660 ))</p>
</text>
<copyright>(c) Reuters Limited 1997</copyright>
<metadata>
<codes class="bip:countries:1.0">
  <code code="USA">
    <editdetail attribution="Reuters BIP Coding Group" action="confirmed" date="1997-03-13"/>
  </code>
</codes>
<codes class="bip:topics:1.0">
  <code code="E12">
    <editdetail attribution="Reuters BIP Coding Group" action="confirmed" date="1997-03-13"/>
  </code>
  <code code="ECAT">
    <editdetail attribution="Reuters BIP Coding Group" action="confirmed" date="1997-03-13"/>
  </code>
</codes>
<dc element="dc.date.created" value="1997-03-13"/>
<dc element="dc.publisher" value="Reuters Holdings Plc"/>
<dc element="dc.date.published" value="1997-03-13"/>
<dc element="dc.source" value="Reuters"/>
<dc element="dc.creator.location" value="NEW YORK"/>
<dc element="dc.creator.location.country.name" value="USA"/>
<dc element="dc.source" value="Reuters"/>
</metadata>
</newsitem>
