<?xml version="1.0" encoding="iso-8859-1" ?>
<newsitem itemid="438504" id="root" date="1997-03-13" xml:lang="en">
<title>USA: Cutter &amp; Buck Inc Q3 shr rises.</title>
<headline>Cutter &amp; Buck Inc Q3 shr rises.</headline>
<dateline>SEATTLE 1997-03-13</dateline>
<text>
<p>FINANCIAL HIGHLIGHTS</p>
<p>	 (in thousands except per share) (Unaudited)</p>
<p>				    Quarter Ended  Nine Months Ended</p>
<p>				     January 31,	January 31,</p>
<p>				   1996     1997	1996	1997</p>
<p> Net sales		   $5,210    $8,452   $13,646   $28,741</p>
<p> Cost of sales		3,377     4,963     8,651    17,476</p>
<p> Gross profit		 1,833     3,489     4,995    11,265</p>
<p>Total operating expenses</p>
<p>				  1,659     3,141     4,650     9,402</p>
<p> Operating income	     174	 348	 345     1,863</p>
<p> Total other income	    90	 132	 148	  59</p>
<p>Income before income taxes</p>
<p>				    264	 480	 493     1,922</p>
<p> Income taxes		  (60)     (156)     (110)     (591)</p>
<p> Net income		     204	 324	 383     1,331</p>
<p> Net income per share	0.05	0.06	0.11	0.30</p>
<p>Shares used in</p>
<p>computation of</p>
<p>net income per share</p>
<p>			    3,890,664 5,360,062 3,344,279 4,413,862</p>
</text>
<copyright>(c) Reuters Limited 1997</copyright>
<metadata>
<codes class="bip:countries:1.0">
  <code code="USA">
    <editdetail attribution="Reuters BIP Coding Group" action="confirmed" date="1997-03-13"/>
  </code>
</codes>
<codes class="bip:industries:1.0">
  <code code="I45300">
    <editdetail attribution="Reuters BIP Coding Group" action="confirmed" date="1997-03-13"/>
  </code>
</codes>
<codes class="bip:topics:1.0">
  <code code="C15">
    <editdetail attribution="Reuters BIP Coding Group" action="confirmed" date="1997-03-13"/>
  </code>
  <code code="C151">
    <editdetail attribution="Reuters BIP Coding Group" action="confirmed" date="1997-03-13"/>
  </code>
  <code code="CCAT">
    <editdetail attribution="Reuters BIP Coding Group" action="confirmed" date="1997-03-13"/>
  </code>
</codes>
<dc element="dc.date.created" value="1997-03-13"/>
<dc element="dc.publisher" value="Reuters Holdings Plc"/>
<dc element="dc.date.published" value="1997-03-13"/>
<dc element="dc.source" value="Reuters"/>
<dc element="dc.creator.location" value="SEATTLE"/>
<dc element="dc.creator.location.country.name" value="USA"/>
<dc element="dc.source" value="Reuters"/>
</metadata>
</newsitem>
