<?xml version="1.0" encoding="iso-8859-1" ?>
<newsitem itemid="438589" id="root" date="1997-03-13" xml:lang="en">
<title>USA: GNI in talks about possible combination.</title>
<headline>GNI in talks about possible combination.</headline>
<dateline>HOUSTON 1997-03-13</dateline>
<text>
<p>The GNI Group Inc said Thursday an unnamed party has approached it for possible combination.</p>
<p>While preliminary negotiations have commenced, no agreement has been reached, the company said.</p>
<p>GNI added that it expects negotiations will be ongoing and declined to release any further information.</p>
<p>GNI is engaged in the manufacture of specialty chemicals and in hazardous and non-hazardous waste management.</p>
</text>
<copyright>(c) Reuters Limited 1997</copyright>
<metadata>
<codes class="bip:countries:1.0">
  <code code="USA">
    <editdetail attribution="Reuters BIP Coding Group" action="confirmed" date="1997-03-13"/>
  </code>
</codes>
<codes class="bip:industries:1.0">
  <code code="I92110">
    <editdetail attribution="Reuters BIP Coding Group" action="confirmed" date="1997-03-13"/>
  </code>
</codes>
<codes class="bip:topics:1.0">
  <code code="C18">
    <editdetail attribution="Reuters BIP Coding Group" action="confirmed" date="1997-03-13"/>
  </code>
  <code code="C181">
    <editdetail attribution="Reuters BIP Coding Group" action="confirmed" date="1997-03-13"/>
  </code>
  <code code="CCAT">
    <editdetail attribution="Reuters BIP Coding Group" action="confirmed" date="1997-03-13"/>
  </code>
</codes>
<dc element="dc.date.created" value="1997-03-13"/>
<dc element="dc.publisher" value="Reuters Holdings Plc"/>
<dc element="dc.date.published" value="1997-03-13"/>
<dc element="dc.source" value="Reuters"/>
<dc element="dc.creator.location" value="HOUSTON"/>
<dc element="dc.creator.location.country.name" value="USA"/>
<dc element="dc.source" value="Reuters"/>
</metadata>
</newsitem>
