<?xml version="1.0" encoding="iso-8859-1" ?>
<newsitem itemid="438541" id="root" date="1997-03-13" xml:lang="en">
<title>USA: Hybridon Inc Q4 Dec 31 loss $0.58.</title>
<headline>Hybridon Inc Q4 Dec 31 loss $0.58.</headline>
<dateline>CAMBRIDGE, Mass. 1997-03-12</dateline>
<text>
<p>Three months ended  Twelve months ended</p>
<p>					   December 31,  December 31,</p>
<p>				     1996	1995    1996     1995</p>
<p>Condensed Consolidated Statement of Operations</p>
<p>REVENUES:</p>
<p>  Collaborative Research	$343     $253  $1,419    $1,186</p>
<p>  Product Sales		    469	---   1,081	 ---</p>
<p>  Interest Income		  251	 88   1,447	 219</p>
<p>  Royalty Income and Other     ---	---	62	 ---</p>
<p>    Total Revenues	     1,063	341   4,009     1,405</p>
<p>OPERATING EXPENSES</p>
<p>  Research and Development  12,064    9,658  39,391    29,685</p>
<p>  General and Adminstrative  3,357    1,455  11,347     6,094</p>
<p>  Interest Expense		  36	 38     124	 173</p>
<p>Total Operating Expenses</p>
<p>				    15,457   11,151  50,862    35,952</p>
<p> NET LOSS		     (14,394) (10,810) (46,853) (34,547)</p>
<p> Net Loss per Common Share  (0.58)   (0.57)  (1.93)    (2.13)</p>
<p>Proforma Weighted Average Common Shares Outstanding</p>
<p>				    24,815   18,965  24,261    16,195</p>
<p>(in thousands, except per share amounts)</p>
<p>-- New York Newsdesk 212 859-1610</p>
</text>
<copyright>(c) Reuters Limited 1997</copyright>
<metadata>
<codes class="bip:countries:1.0">
  <code code="USA">
    <editdetail attribution="Reuters BIP Coding Group" action="confirmed" date="1997-03-13"/>
  </code>
</codes>
<codes class="bip:industries:1.0">
  <code code="I25700">
    <editdetail attribution="Reuters BIP Coding Group" action="confirmed" date="1997-03-13"/>
  </code>
</codes>
<codes class="bip:topics:1.0">
  <code code="C15">
    <editdetail attribution="Reuters BIP Coding Group" action="confirmed" date="1997-03-13"/>
  </code>
  <code code="C151">
    <editdetail attribution="Reuters BIP Coding Group" action="confirmed" date="1997-03-13"/>
  </code>
  <code code="C1511">
    <editdetail attribution="Reuters BIP Coding Group" action="confirmed" date="1997-03-13"/>
  </code>
  <code code="CCAT">
    <editdetail attribution="Reuters BIP Coding Group" action="confirmed" date="1997-03-13"/>
  </code>
</codes>
<dc element="dc.date.created" value="1997-03-12"/>
<dc element="dc.publisher" value="Reuters Holdings Plc"/>
<dc element="dc.date.published" value="1997-03-13"/>
<dc element="dc.source" value="Reuters"/>
<dc element="dc.creator.location" value="CAMBRIDGE, Mass."/>
<dc element="dc.creator.location.country.name" value="USA"/>
<dc element="dc.source" value="Reuters"/>
</metadata>
</newsitem>
