<?xml version="1.0" encoding="iso-8859-1" ?>
<newsitem itemid="438568" id="root" date="1997-03-13" xml:lang="en">
<title>USA: Box natgas find boosts production 20 pct.</title>
<headline>Box natgas find boosts production 20 pct.</headline>
<dateline>DALLAS 1997-03-13</dateline>
<text>
<p>Box Energy Corp said on Thursday its natural gas discovery in offshore Louisiana boosted the company's total natgas production volume by 20 percent.</p>
<p>The Main Pass 262 SS 1 well, formerly called Well 3, is producing 16.6 million cubic feet per day, increasing total production for the block to 21.8 million cubic feet per day.</p>
<p>Main Pass Block 262 is owned by Box, Cairn Energy USA and CXY Energy Offshore Inc, each with 33 percent. CXY, a wholly owned subsidiary of Canadian Occidental Petroleum Ltd, is the operator.</p>
</text>
<copyright>(c) Reuters Limited 1997</copyright>
<metadata>
<codes class="bip:countries:1.0">
  <code code="USA">
    <editdetail attribution="Reuters BIP Coding Group" action="confirmed" date="1997-03-13"/>
  </code>
</codes>
<codes class="bip:industries:1.0">
  <code code="I13000">
    <editdetail attribution="Reuters BIP Coding Group" action="confirmed" date="1997-03-13"/>
  </code>
  <code code="I1300003">
    <editdetail attribution="Reuters BIP Coding Group" action="confirmed" date="1997-03-13"/>
  </code>
</codes>
<codes class="bip:topics:1.0">
  <code code="C21">
    <editdetail attribution="Reuters BIP Coding Group" action="confirmed" date="1997-03-13"/>
  </code>
  <code code="CCAT">
    <editdetail attribution="Reuters BIP Coding Group" action="confirmed" date="1997-03-13"/>
  </code>
</codes>
<dc element="dc.date.created" value="1997-03-13"/>
<dc element="dc.publisher" value="Reuters Holdings Plc"/>
<dc element="dc.date.published" value="1997-03-13"/>
<dc element="dc.source" value="Reuters"/>
<dc element="dc.creator.location" value="DALLAS"/>
<dc element="dc.creator.location.country.name" value="USA"/>
<dc element="dc.source" value="Reuters"/>
</metadata>
</newsitem>
