<?xml version="1.0" encoding="iso-8859-1" ?>
<newsitem itemid="438540" id="root" date="1997-03-13" xml:lang="en">
<title>USA: Tech spending seen growing fastest in LatAm.</title>
<headline>Tech spending seen growing fastest in LatAm.</headline>
<dateline>MIAMI BEACH, Fla. 1997-03-13</dateline>
<text>
<p>Spending in Latin America on computers and other information technology will grow at 18.2 percent a year through 2000, sharply above the 10.9 percent annual increases forecast for the sector worldwide, consultants International Data Corp said on Thursday.</p>
<p>Although accounting for only three percent of worldwide information technology expenditures, Latin America last year showed a 20.9 percent increase over 1995. The worldwide sector growth rate was 13.1 percent in 1996, International Data vice president Paul Pastrone told a technology marketing conference here.</p>
<p>&quot;We're very, very optimistic that this train will stay on track and move very quickly,&quot; Pastrone said.</p>
<p>Pastrone said a survey of 722 large corporations throughout Latin America by International Data showed that only 10 percent of the big consumers of information technology planned to cut back during 1997, while 65 percent planned to increase spending on software, equipment and computer services. The remaining 25 percent said their spending would be unchanged from 1996.</p>
<p>((-- Michael Connor, Miami newsroom 305 374-5013))</p>
</text>
<copyright>(c) Reuters Limited 1997</copyright>
<metadata>
<codes class="bip:countries:1.0">
  <code code="LAM">
    <editdetail attribution="Reuters BIP Coding Group" action="confirmed" date="1997-03-13"/>
  </code>
  <code code="USA">
    <editdetail attribution="Reuters BIP Coding Group" action="confirmed" date="1997-03-13"/>
  </code>
</codes>
<codes class="bip:industries:1.0">
  <code code="I33020">
    <editdetail attribution="Reuters BIP Coding Group" action="confirmed" date="1997-03-13"/>
  </code>
</codes>
<codes class="bip:topics:1.0">
  <code code="C15">
    <editdetail attribution="Reuters BIP Coding Group" action="confirmed" date="1997-03-13"/>
  </code>
  <code code="C152">
    <editdetail attribution="Reuters BIP Coding Group" action="confirmed" date="1997-03-13"/>
  </code>
  <code code="C31">
    <editdetail attribution="Reuters BIP Coding Group" action="confirmed" date="1997-03-13"/>
  </code>
  <code code="CCAT">
    <editdetail attribution="Reuters BIP Coding Group" action="confirmed" date="1997-03-13"/>
  </code>
</codes>
<dc element="dc.date.created" value="1997-03-13"/>
<dc element="dc.publisher" value="Reuters Holdings Plc"/>
<dc element="dc.date.published" value="1997-03-13"/>
<dc element="dc.source" value="Reuters"/>
<dc element="dc.creator.location" value="MIAMI BEACH, Fla."/>
<dc element="dc.creator.location.country.name" value="USA"/>
<dc element="dc.source" value="Reuters"/>
</metadata>
</newsitem>
