<?xml version="1.0" encoding="iso-8859-1" ?>
<newsitem itemid="438530" id="root" date="1997-03-13" xml:lang="en">
<title>USA: Sparta Surgical gets Nasdaq exception.</title>
<headline>Sparta Surgical gets Nasdaq exception.</headline>
<dateline>PLEASANTON, Calif. 1997-03-13</dateline>
<text>
<p>Sparta Surgical Corp said Thursday its common stock will continue to be listed on the Nasdaq SmallCap Market through an exception to the market's $1.00 minimum bid price requirement.</p>
<p>The exception expires on March 28, it said.</p>
<p>Thomas Reiner, Sparta's president, told Reuters the company is planning a one-for-six reverse split of its common stock on March 27.</p>
<p>That action, he said, would raise Sparta's stock price to above the minimum required.  </p>
<p>In its announcement, Sparta said while it believes it can meet the Nasdaq conditions to meet the requirement, there can be no assurance that it will do so.</p>
<p>It said that if in the future the companay's securities should cease to be listed on the Nasdaq SmallCap market, they may continue to be listed on the Over-the-Counter Bulletin Board.</p>
<p>For the duration of the exception, it said its trading symbol will be changed to SPSGC.O.</p>
</text>
<copyright>(c) Reuters Limited 1997</copyright>
<metadata>
<codes class="bip:countries:1.0">
  <code code="USA">
    <editdetail attribution="Reuters BIP Coding Group" action="confirmed" date="1997-03-13"/>
  </code>
</codes>
<codes class="bip:industries:1.0">
  <code code="I37200">
    <editdetail attribution="Reuters BIP Coding Group" action="confirmed" date="1997-03-13"/>
  </code>
</codes>
<codes class="bip:topics:1.0">
  <code code="C14">
    <editdetail attribution="Reuters BIP Coding Group" action="confirmed" date="1997-03-13"/>
  </code>
  <code code="C17">
    <editdetail attribution="Reuters BIP Coding Group" action="confirmed" date="1997-03-13"/>
  </code>
  <code code="C171">
    <editdetail attribution="Reuters BIP Coding Group" action="confirmed" date="1997-03-13"/>
  </code>
  <code code="CCAT">
    <editdetail attribution="Reuters BIP Coding Group" action="confirmed" date="1997-03-13"/>
  </code>
</codes>
<dc element="dc.date.created" value="1997-03-13"/>
<dc element="dc.publisher" value="Reuters Holdings Plc"/>
<dc element="dc.date.published" value="1997-03-13"/>
<dc element="dc.source" value="Reuters"/>
<dc element="dc.creator.location" value="PLEASANTON, Calif."/>
<dc element="dc.creator.location.country.name" value="USA"/>
<dc element="dc.source" value="Reuters"/>
</metadata>
</newsitem>
