<?xml version="1.0" encoding="iso-8859-1" ?>
<newsitem itemid="438518" id="root" date="1997-03-13" xml:lang="en">
<title>USA: Ultradata finding new sales outlets.</title>
<headline>Ultradata finding new sales outlets.</headline>
<dateline>ST. LOUIS 1997-03-13</dateline>
<text>
<p>Ultradata Systems Inc, which posted lower fourth-quarter and yearend earnings, said it was establishing new distribution channels for its handheld travel computer products, including Sears Roebuck &amp; Co department stores.</p>
<p>It said Road Whiz products now are being sold by major electronics retailers, office superstores and specialty catalogers. A custom travel product, Sears Pathfinder, will be sold in more than 800 stores beginning in April.</p>
<p>Ultradata cited substantially lower sales in 1996 to the QVC Network as the reason for its weaker performance. It said QVC sales for fiscal 1996 totaled $616,000 compared to $4.5 million in fiscal 1995.</p>
<p>The company also said it anticipates releasing new products during the first half of 1997.</p>
<p>Ultradata reported fourth-quarter earnings per diluted share of $0.20, down from $0.26. Sales were $5.0 million, up from $4.7 million. For the year, earnings declined to $0.08 from $0.49 per diluted share, and sales fell to $9.1 million from $10.1 million.</p>
<p>	 ((Reuters Chicago Newsdesk (312) 408-8787))</p>
</text>
<copyright>(c) Reuters Limited 1997</copyright>
<metadata>
<codes class="bip:countries:1.0">
  <code code="USA">
    <editdetail attribution="Reuters BIP Coding Group" action="confirmed" date="1997-03-13"/>
  </code>
</codes>
<codes class="bip:industries:1.0">
  <code code="I37200">
    <editdetail attribution="Reuters BIP Coding Group" action="confirmed" date="1997-03-13"/>
  </code>
  <code code="I83960">
    <editdetail attribution="Reuters BIP Coding Group" action="confirmed" date="1997-03-13"/>
  </code>
</codes>
<codes class="bip:topics:1.0">
  <code code="C15">
    <editdetail attribution="Reuters BIP Coding Group" action="confirmed" date="1997-03-13"/>
  </code>
  <code code="C151">
    <editdetail attribution="Reuters BIP Coding Group" action="confirmed" date="1997-03-13"/>
  </code>
  <code code="C1511">
    <editdetail attribution="Reuters BIP Coding Group" action="confirmed" date="1997-03-13"/>
  </code>
  <code code="C31">
    <editdetail attribution="Reuters BIP Coding Group" action="confirmed" date="1997-03-13"/>
  </code>
  <code code="C33">
    <editdetail attribution="Reuters BIP Coding Group" action="confirmed" date="1997-03-13"/>
  </code>
  <code code="CCAT">
    <editdetail attribution="Reuters BIP Coding Group" action="confirmed" date="1997-03-13"/>
  </code>
</codes>
<dc element="dc.date.created" value="1997-03-13"/>
<dc element="dc.publisher" value="Reuters Holdings Plc"/>
<dc element="dc.date.published" value="1997-03-13"/>
<dc element="dc.source" value="Reuters"/>
<dc element="dc.creator.location" value="ST. LOUIS"/>
<dc element="dc.creator.location.country.name" value="USA"/>
<dc element="dc.source" value="Reuters"/>
</metadata>
</newsitem>
