<?xml version="1.0" encoding="iso-8859-1" ?>
<newsitem itemid="438563" id="root" date="1997-03-13" xml:lang="en">
<title>USA: ConEd sees Indian Pt 2 nuke up this weekend.</title>
<headline>ConEd sees Indian Pt 2 nuke up this weekend.</headline>
<dateline>NEW YORK 1997-03-13</dateline>
<text>
<p>Consolidated Edison Co of New York Inc (ConEd) has postponed the resumption of production from its 975 megawatt (MW) Indian Point nuclear power unit 2 to this weekend, a company spokesman said.</p>
<p>&quot;We expect to begin startup tomorrow and hit the (electricity) grid this weekend,&quot; spokesman Michael Spall said Thursday.</p>
<p>The company had originally said it planned to resume power production from the unit on March 12. The restart was postponed however, for further restart testing, Spall said.</p>
<p>Indian Point 2, located in Indian Point, N.Y., was shut Jan 27 to repair a feedwater valve. A restart planned for late February was delayed for valve repairs.</p>
<p>Separately, the New York Power Authority's adjacent 965 MW Indian Point 3 nuclear power unit was operating at full capacity as of early Thursday.</p>
<p>((--New York Power Desk +1 212 859 1627))</p>
</text>
<copyright>(c) Reuters Limited 1997</copyright>
<metadata>
<codes class="bip:countries:1.0">
  <code code="USA">
    <editdetail attribution="Reuters BIP Coding Group" action="confirmed" date="1997-03-13"/>
  </code>
</codes>
<codes class="bip:industries:1.0">
  <code code="I16100">
    <editdetail attribution="Reuters BIP Coding Group" action="confirmed" date="1997-03-13"/>
  </code>
  <code code="I1610109">
    <editdetail attribution="Reuters BIP Coding Group" action="confirmed" date="1997-03-13"/>
  </code>
</codes>
<codes class="bip:topics:1.0">
  <code code="C21">
    <editdetail attribution="Reuters BIP Coding Group" action="confirmed" date="1997-03-13"/>
  </code>
  <code code="C24">
    <editdetail attribution="Reuters BIP Coding Group" action="confirmed" date="1997-03-13"/>
  </code>
  <code code="CCAT">
    <editdetail attribution="Reuters BIP Coding Group" action="confirmed" date="1997-03-13"/>
  </code>
</codes>
<dc element="dc.date.created" value="1997-03-13"/>
<dc element="dc.publisher" value="Reuters Holdings Plc"/>
<dc element="dc.date.published" value="1997-03-13"/>
<dc element="dc.source" value="Reuters"/>
<dc element="dc.creator.location" value="NEW YORK"/>
<dc element="dc.creator.location.country.name" value="USA"/>
<dc element="dc.source" value="Reuters"/>
</metadata>
</newsitem>
