<?xml version="1.0" encoding="iso-8859-1" ?>
<newsitem itemid="438525" id="root" date="1997-03-13" xml:lang="en">
<title>USA: Mitcham Industries Q4 Jan 31 shr $0.23.</title>
<headline>Mitcham Industries Q4 Jan 31 shr $0.23.</headline>
<dateline>HUNTSVILLE, Texas 1997-03-12</dateline>
<text>
<p>For the year ended  For the three months ended</p>
<p>				 January 31,	     January 31,</p>
<p>				   1997     1996	 1997     1996</p>
<p>Revenues:</p>
<p>Leases of seismic equipment</p>
<p>				 $8,345    $5,157     $2,989   $1,726</p>
<p>Sales of seismic equipment</p>
<p>				  6,345     2,135	4,337	492</p>
<p>	Total revenues     14,690     7,292	7,326    2,218</p>
<p> Net income		   2,702     1,713	1,084	633</p>
<p>Primary earnings per share: 0.60     0.52	 0.23     0.18</p>
<p>Weighted average common shares</p>
<p>  outstanding	  4,522,000 3,306,000  4,661,000 3,457,000</p>
<p>(In thousands, except share and per share data)</p>
<p>Note: Full company name is Mitcham Industries Inc.</p>
<p>((- New York Newsdesk 212 859-1610))</p>
</text>
<copyright>(c) Reuters Limited 1997</copyright>
<metadata>
<codes class="bip:countries:1.0">
  <code code="USA">
    <editdetail attribution="Reuters BIP Coding Group" action="confirmed" date="1997-03-13"/>
  </code>
</codes>
<codes class="bip:industries:1.0">
  <code code="I34420">
    <editdetail attribution="Reuters BIP Coding Group" action="confirmed" date="1997-03-13"/>
  </code>
</codes>
<codes class="bip:topics:1.0">
  <code code="C15">
    <editdetail attribution="Reuters BIP Coding Group" action="confirmed" date="1997-03-13"/>
  </code>
  <code code="C151">
    <editdetail attribution="Reuters BIP Coding Group" action="confirmed" date="1997-03-13"/>
  </code>
  <code code="C1511">
    <editdetail attribution="Reuters BIP Coding Group" action="confirmed" date="1997-03-13"/>
  </code>
  <code code="CCAT">
    <editdetail attribution="Reuters BIP Coding Group" action="confirmed" date="1997-03-13"/>
  </code>
</codes>
<dc element="dc.date.created" value="1997-03-12"/>
<dc element="dc.publisher" value="Reuters Holdings Plc"/>
<dc element="dc.date.published" value="1997-03-13"/>
<dc element="dc.source" value="Reuters"/>
<dc element="dc.creator.location" value="HUNTSVILLE, Texas"/>
<dc element="dc.creator.location.country.name" value="USA"/>
<dc element="dc.source" value="Reuters"/>
</metadata>
</newsitem>
