<?xml version="1.0" encoding="iso-8859-1" ?>
<newsitem itemid="438561" id="root" date="1997-03-13" xml:lang="en">
<title>USA: Chicago Fed's Moskow supports preemptive policy.</title>
<headline>Chicago Fed's Moskow supports preemptive policy.</headline>
<dateline>CHICAGO 1997-03-13</dateline>
<text>
<p>Federal Reserve Bank of Chicago President Michael Moskow said on Thursday the U.S. central bank must have a preemptive policy to foil inflationary pressures that may threaten the economy's long-term growth.</p>
<p>&quot;The Fed tightened policy in 1994 to eliminate inflationary pressures that were building,&quot; Moskow told the Chicago Chapter of the Industrial Relations Research Association. &quot;I think it was absolutely the right move.&quot;</p>
<p>Moskow echoed Fed Chairman Alan Greenspan, who in his recent Humphrey-Hawkins testimony defended the 1994 tightening cycle and the need for Fed policy to be preemptive.  </p>
<p>&quot;The Fed acted to head off inflationary pressures before they became a problem,&quot; Moskow added. &quot;This forward-looking approach is necessary because of the lags in monetary policy. Monetary policy is like a time-release capsule.&quot;</p>
<p>Moskow, acknowledging that such policy may draw criticism, stressed &quot;the key is balancing short-term gains against long-term benefits.&quot;</p>
<p>Reflecting on past Fed policy, Moskow further emphasized the benefits of deflating inflationary pressures &quot;instead of waiting and bursting the balloon after the fact.&quot;</p>
<p>&quot;We learned in the late 1970s that waiting is too painful,&quot; the Chicago Fed president added.</p>
<p>Turning to the U.S. economy's long-term, sustainable rate of growth, Moskow said it is a function of &quot;population growth, technological advances and productivity improvements.&quot;</p>
<p>Moskow reiterated that the best contribution the Fed can make to help the economy steadily grow at its potential rate is by ensuring price stability.</p>
<p>&quot;The Fed is all about growth. We want the highest possible level of growth and jobs that can be sustained,&quot; Moskow stated. &quot;The only effective way for a central bank to do that in the long run is to foster price stability.&quot;</p>
<p>(( -- Isabelle Clary, 212-859-1666 ))</p>
</text>
<copyright>(c) Reuters Limited 1997</copyright>
<metadata>
<codes class="bip:countries:1.0">
  <code code="USA">
    <editdetail attribution="Reuters BIP Coding Group" action="confirmed" date="1997-03-13"/>
  </code>
</codes>
<codes class="bip:topics:1.0">
  <code code="E11">
    <editdetail attribution="Reuters BIP Coding Group" action="confirmed" date="1997-03-13"/>
  </code>
  <code code="E12">
    <editdetail attribution="Reuters BIP Coding Group" action="confirmed" date="1997-03-13"/>
  </code>
  <code code="E13">
    <editdetail attribution="Reuters BIP Coding Group" action="confirmed" date="1997-03-13"/>
  </code>
  <code code="E131">
    <editdetail attribution="Reuters BIP Coding Group" action="confirmed" date="1997-03-13"/>
  </code>
  <code code="ECAT">
    <editdetail attribution="Reuters BIP Coding Group" action="confirmed" date="1997-03-13"/>
  </code>
</codes>
<dc element="dc.date.created" value="1997-03-13"/>
<dc element="dc.publisher" value="Reuters Holdings Plc"/>
<dc element="dc.date.published" value="1997-03-13"/>
<dc element="dc.source" value="Reuters"/>
<dc element="dc.creator.location" value="CHICAGO"/>
<dc element="dc.creator.location.country.name" value="USA"/>
<dc element="dc.source" value="Reuters"/>
</metadata>
</newsitem>
