<?xml version="1.0" encoding="iso-8859-1" ?>
<newsitem itemid="438594" id="root" date="1997-03-13" xml:lang="en">
<title>USA: PAXAR offers cash for its 12.5 pct notes.</title>
<headline>PAXAR offers cash for its 12.5 pct notes.</headline>
<dateline>WHITE PLAINS, N.Y. 1997-03-13</dateline>
<text>
<p>PAXAR Corp said Thursday that one its subsidiaries, Monarch Markings Systems Inc, has commenced a cash tender offer for all its 12.5 percent senior notes due 2003.</p>
<p>The redemption price  has been set at the greater of $1,167.50 for each $1,000 of principal, or the present value of the notes determined on the basis of 75 basis points above the yield on the 6.75 percent  U.S. Treasury Note due June 30, 1999.     Monarch's offer will expire at 0000 EST/0500 GMT</p>
<p>April 10, unless extended.</p>
<p>Paxar is involved in the apparel identification business. Monarch is a leading supplier of identification and tracking solutions to retail and industrial customers.</p>
</text>
<copyright>(c) Reuters Limited 1997</copyright>
<metadata>
<codes class="bip:countries:1.0">
  <code code="USA">
    <editdetail attribution="Reuters BIP Coding Group" action="confirmed" date="1997-03-13"/>
  </code>
</codes>
<codes class="bip:industries:1.0">
  <code code="I47100">
    <editdetail attribution="Reuters BIP Coding Group" action="confirmed" date="1997-03-13"/>
  </code>
</codes>
<codes class="bip:topics:1.0">
  <code code="C17">
    <editdetail attribution="Reuters BIP Coding Group" action="confirmed" date="1997-03-13"/>
  </code>
  <code code="C172">
    <editdetail attribution="Reuters BIP Coding Group" action="confirmed" date="1997-03-13"/>
  </code>
  <code code="CCAT">
    <editdetail attribution="Reuters BIP Coding Group" action="confirmed" date="1997-03-13"/>
  </code>
</codes>
<dc element="dc.date.created" value="1997-03-13"/>
<dc element="dc.publisher" value="Reuters Holdings Plc"/>
<dc element="dc.date.published" value="1997-03-13"/>
<dc element="dc.source" value="Reuters"/>
<dc element="dc.creator.location" value="WHITE PLAINS, N.Y."/>
<dc element="dc.creator.location.country.name" value="USA"/>
<dc element="dc.source" value="Reuters"/>
</metadata>
</newsitem>
