<?xml version="1.0" encoding="iso-8859-1" ?>
<newsitem itemid="438592" id="root" date="1997-03-13" xml:lang="en">
<title>USA: Tullett &amp; Tokyo says closes municipal brokerage.</title>
<headline>Tullett &amp; Tokyo says closes municipal brokerage.</headline>
<dateline>NEW YORK 1997-03-13</dateline>
<text>
<p>Tullett &amp; Tokyo Forex Inc said it closed the municipal brokerage department it began slightly more than four years ago, Tim Boyle, president of Tullett &amp; Tokyo in North America said Thursday.</p>
<p>&quot;The closing of the municipal bond operation was a management decision based on the best interests of Tullett &amp; Tokyo Forex,&quot; Boyle said. &quot;I would like to add that the entire group displayed a high degree of professonalisim during their years at Tullett &amp; Tokyo, and we wish them all the best in the future.&quot;</p>
<p>Eighteen professionals will be laid off, according to market sources.  </p>
<p>&quot;These people were some of the best professionals we had in the company, it just came down to a business decision,&quot; Boyle said.</p>
<p>Various municipal market participants said the shuttering of Tullett &amp; Tokyo's brokerage department reflected a general lack of secondary market liquidity. The municipal market has too many brokers, and not enough &quot;velocity,&quot; one trader said.</p>
<p>&quot;I hate to blame it on the people, they had some good people there,&quot; he said. &quot;But they had a number of defections in the last two months too, which doesn't help.&quot;</p>
<p>A second market source voiced similar sentiment.</p>
<p>&quot;The people over there were friends of mine, and they were good brokers too,&quot; he said. &quot;But there's not enough activity, there's not enough trading, there's not enough spread, there's not a lot of enough things to substantiate a lot of different operations--brokerage, trading, all sorts of things. (It's) a tough business lately.&quot;</p>
<p>((--Kathie O'Donnell, 212-859-1655))</p>
</text>
<copyright>(c) Reuters Limited 1997</copyright>
<metadata>
<codes class="bip:countries:1.0">
  <code code="USA">
    <editdetail attribution="Reuters BIP Coding Group" action="confirmed" date="1997-03-13"/>
  </code>
</codes>
<codes class="bip:industries:1.0">
  <code code="I83100">
    <editdetail attribution="Reuters BIP Coding Group" action="confirmed" date="1997-03-13"/>
  </code>
</codes>
<codes class="bip:topics:1.0">
  <code code="C24">
    <editdetail attribution="Reuters BIP Coding Group" action="confirmed" date="1997-03-13"/>
  </code>
  <code code="CCAT">
    <editdetail attribution="Reuters BIP Coding Group" action="confirmed" date="1997-03-13"/>
  </code>
</codes>
<dc element="dc.date.created" value="1997-03-13"/>
<dc element="dc.publisher" value="Reuters Holdings Plc"/>
<dc element="dc.date.published" value="1997-03-13"/>
<dc element="dc.source" value="Reuters"/>
<dc element="dc.creator.location" value="NEW YORK"/>
<dc element="dc.creator.location.country.name" value="USA"/>
<dc element="dc.source" value="Reuters"/>
</metadata>
</newsitem>
