<?xml version="1.0" encoding="iso-8859-1" ?>
<newsitem itemid="438511" id="root" date="1997-03-13" xml:lang="en">
<title>USA: Pena seeks option to proposed 2002 US SPR sale.</title>
<headline>Pena seeks option to proposed 2002 US SPR sale.</headline>
<dateline>WASHINGTON 1997-03-13</dateline>
<text>
<p>U.S. Energy Secretary Federico Pena said Thursday he will look for alternatives to the sale of oil from the Strategic Petroleum Reserve in 2002 called for in the White House proposed budget.</p>
<p>Speaking at a Senate Appropriations subcommittee hearing, Pena described the proposed sale as a &quot;marker&quot; and said he will look for other options.  </p>
<p>&quot;Some of these place markers are there for a reason and I believe we've got to look for other ways to make a cut,&quot; Pena said.</p>
<p>The Clinton budget called for selling $1.1 billion worth of oil from the SPR in 2002 to help balance the budget.</p>
<p>Pena said the administration did not propose any SPR sales for the next fiscal year.</p>
</text>
<copyright>(c) Reuters Limited 1997</copyright>
<metadata>
<codes class="bip:countries:1.0">
  <code code="USA">
    <editdetail attribution="Reuters BIP Coding Group" action="confirmed" date="1997-03-13"/>
  </code>
</codes>
<codes class="bip:industries:1.0">
  <code code="I13000">
    <editdetail attribution="Reuters BIP Coding Group" action="confirmed" date="1997-03-13"/>
  </code>
</codes>
<codes class="bip:topics:1.0">
  <code code="C31">
    <editdetail attribution="Reuters BIP Coding Group" action="confirmed" date="1997-03-13"/>
  </code>
  <code code="CCAT">
    <editdetail attribution="Reuters BIP Coding Group" action="confirmed" date="1997-03-13"/>
  </code>
  <code code="M14">
    <editdetail attribution="Reuters BIP Coding Group" action="confirmed" date="1997-03-13"/>
  </code>
  <code code="M143">
    <editdetail attribution="Reuters BIP Coding Group" action="confirmed" date="1997-03-13"/>
  </code>
  <code code="MCAT">
    <editdetail attribution="Reuters BIP Coding Group" action="confirmed" date="1997-03-13"/>
  </code>
</codes>
<dc element="dc.date.created" value="1997-03-13"/>
<dc element="dc.publisher" value="Reuters Holdings Plc"/>
<dc element="dc.date.published" value="1997-03-13"/>
<dc element="dc.source" value="Reuters"/>
<dc element="dc.creator.location" value="WASHINGTON"/>
<dc element="dc.creator.location.country.name" value="USA"/>
<dc element="dc.source" value="Reuters"/>
</metadata>
</newsitem>
