<?xml version="1.0" encoding="iso-8859-1" ?>
<newsitem itemid="438550" id="root" date="1997-03-13" xml:lang="en">
<title>USA: Employee Solutions dips on earnings fears.</title>
<headline>Employee Solutions dips on earnings fears.</headline>
<dateline>LOS ANGELES 1997-03-13</dateline>
<text>
<p>Shares of Employee Solutions Inc fell over 25 percent in heavy afternoon trading Thursday on fears the company may fall short of analysts' expectations when it reports fiscal fourth quarter earnings after the stock market closes.</p>
<p>Shares of the Phoenix, Ariz.-based company were off 5-1/4 at 14-5/8 on Nasdaq.</p>
<p>&quot;There is a lot of nervousness about the company's earnings release,&quot; said Warren Albergotti, an analyst at The Volume Investor who follows the stock.  </p>
<p>&quot;There have been a lot of rumors that they are not going to be able to meet expectations,&quot; he said.</p>
<p>Analysts expect the company to earn $0.14 a share for the fourth quarter, begun last October 1, according to First Call.</p>
<p>&quot;I am extremely confident they will meet analysts' expectations,&quot; Albergotti said. &quot;I believe most of the rumors have been spread by short sellers who have plagued the stock for over two years. We've never been able to find a single shread of evidence to support any of them.&quot;</p>
<p>Stacey Kleven, an analyst at TIS Group, said the fall in the stock was due to the rumors, coupled with the heavy short position and a large holder selling the stock at market prices Thursday.</p>
<p>&quot;It was a combination of the fact that they are getting ready to report earnings after the close today...the high short interest in the stock, and this company that had a significant stake dumping (their holdings),&quot; Kleven said.</p>
<p>Officials at Employee Solutions, which provides worker leasing and worker compensation services, were not available for comment.</p>
<p>&quot;The company is in better shape that it ever has been,&quot; Albergotti said.</p>
</text>
<copyright>(c) Reuters Limited 1997</copyright>
<metadata>
<codes class="bip:countries:1.0">
  <code code="USA">
    <editdetail attribution="Reuters BIP Coding Group" action="confirmed" date="1997-03-13"/>
  </code>
</codes>
<codes class="bip:industries:1.0">
  <code code="I83954">
    <editdetail attribution="Reuters BIP Coding Group" action="confirmed" date="1997-03-13"/>
  </code>
</codes>
<codes class="bip:topics:1.0">
  <code code="C15">
    <editdetail attribution="Reuters BIP Coding Group" action="confirmed" date="1997-03-13"/>
  </code>
  <code code="C152">
    <editdetail attribution="Reuters BIP Coding Group" action="confirmed" date="1997-03-13"/>
  </code>
  <code code="CCAT">
    <editdetail attribution="Reuters BIP Coding Group" action="confirmed" date="1997-03-13"/>
  </code>
</codes>
<dc element="dc.date.created" value="1997-03-13"/>
<dc element="dc.publisher" value="Reuters Holdings Plc"/>
<dc element="dc.date.published" value="1997-03-13"/>
<dc element="dc.source" value="Reuters"/>
<dc element="dc.creator.location" value="LOS ANGELES"/>
<dc element="dc.creator.location.country.name" value="USA"/>
<dc element="dc.source" value="Reuters"/>
</metadata>
</newsitem>
