<?xml version="1.0" encoding="iso-8859-1" ?>
<newsitem itemid="438597" id="root" date="1997-03-13" xml:lang="en">
<title>USA: Grove sees closing of new equity March 14.</title>
<headline>Grove sees closing of new equity March 14.</headline>
<dateline>HARTFORD, Conn. 1997-03-13</dateline>
<text>
<p>Grove Real Estate Trust said on Thursday that the formal closing of the date for converting various Grove partnerships into new equity is expected to be Friday March 14, rather than today, as was anticipated.</p>
<p>As part of its consolidation, the company said it raised $30 million of new equity through an issuance of common shares.</p>
<p>The company said the American Stock Exchange, anticipating the completion of the consolidation today, changed the company symbol.</p>
<p>AMEX trading is expected to resume as soon as possible under the old symbol, until the closing is formalized tomorrow, the company said it was advised by the AMEX.</p>
</text>
<copyright>(c) Reuters Limited 1997</copyright>
<metadata>
<codes class="bip:countries:1.0">
  <code code="USA">
    <editdetail attribution="Reuters BIP Coding Group" action="confirmed" date="1997-03-13"/>
  </code>
</codes>
<codes class="bip:industries:1.0">
  <code code="I81502">
    <editdetail attribution="Reuters BIP Coding Group" action="confirmed" date="1997-03-13"/>
  </code>
</codes>
<codes class="bip:topics:1.0">
  <code code="C17">
    <editdetail attribution="Reuters BIP Coding Group" action="confirmed" date="1997-03-13"/>
  </code>
  <code code="C171">
    <editdetail attribution="Reuters BIP Coding Group" action="confirmed" date="1997-03-13"/>
  </code>
  <code code="CCAT">
    <editdetail attribution="Reuters BIP Coding Group" action="confirmed" date="1997-03-13"/>
  </code>
</codes>
<dc element="dc.date.created" value="1997-03-13"/>
<dc element="dc.publisher" value="Reuters Holdings Plc"/>
<dc element="dc.date.published" value="1997-03-13"/>
<dc element="dc.source" value="Reuters"/>
<dc element="dc.creator.location" value="HARTFORD, Conn."/>
<dc element="dc.creator.location.country.name" value="USA"/>
<dc element="dc.source" value="Reuters"/>
</metadata>
</newsitem>
