<?xml version="1.0" encoding="iso-8859-1" ?>
<newsitem itemid="438555" id="root" date="1997-03-13" xml:lang="en">
<title>USA: Frontier Airlines February load factor up.</title>
<headline>Frontier Airlines February load factor up.</headline>
<dateline>DENVER 1997-03-13</dateline>
<text>
<p>1997		1996</p>
<p> Load factor - percent     59.0		56.8</p>
<p> Revenue passenger miles   70,072	    53,785</p>
<p> Available seat miles	118,831	   94,622</p>
<p>					    Year-to-date</p>
<p> Load factor - percent     59.1		58.6</p>
<p> Revenue passenger miles   145,115	   114,328</p>
<p> Available seat miles	245,685	   194,787</p>
<p>(Revenue passenger and available seat miles in 000,000s)</p>
<p>NOTES: Year-to-date same as one month.</p>
<p>The company's full name is Frontier Airlines Inc.</p>
</text>
<copyright>(c) Reuters Limited 1997</copyright>
<metadata>
<codes class="bip:countries:1.0">
  <code code="USA">
    <editdetail attribution="Reuters BIP Coding Group" action="confirmed" date="1997-03-13"/>
  </code>
</codes>
<codes class="bip:industries:1.0">
  <code code="I75000">
    <editdetail attribution="Reuters BIP Coding Group" action="confirmed" date="1997-03-13"/>
  </code>
</codes>
<codes class="bip:topics:1.0">
  <code code="C31">
    <editdetail attribution="Reuters BIP Coding Group" action="confirmed" date="1997-03-13"/>
  </code>
  <code code="CCAT">
    <editdetail attribution="Reuters BIP Coding Group" action="confirmed" date="1997-03-13"/>
  </code>
</codes>
<dc element="dc.date.created" value="1997-03-13"/>
<dc element="dc.publisher" value="Reuters Holdings Plc"/>
<dc element="dc.date.published" value="1997-03-13"/>
<dc element="dc.source" value="Reuters"/>
<dc element="dc.creator.location" value="DENVER"/>
<dc element="dc.creator.location.country.name" value="USA"/>
<dc element="dc.source" value="Reuters"/>
</metadata>
</newsitem>
