<?xml version="1.0" encoding="iso-8859-1" ?>
<newsitem itemid="438588" id="root" date="1997-03-13" xml:lang="en">
<title>USA: Thermo Electron unit's ProTime gets FDA okay.</title>
<headline>Thermo Electron unit's ProTime gets FDA okay.</headline>
<dateline>EDISON, N.J. 1997-03-13</dateline>
<text>
<p>International Technidyne Corp said its ProTime system, which measures the clotting activity of blood, received marketing clearance from the Food and Drug Administration to be sold for home use.</p>
<p>It said the device could be used by up to two million patients on oral anticoagulant therapy to monitor the efficacy of their treatment at home.</p>
<p>ProTime, a hand-held instrument, was previously approved for professional use in 1995 and has been sold to physician offices, clinics and home-care providers, the company said.  </p>
<p>The company said that testing with ProTime at home will allow more frequent monitoring, which may result in better management of anti-blood clotting medication and may lower incidence of life-threatening complications.</p>
<p>The FDA's approval, it said, gives physicians the option for either in-office or at-home monitoring. Regular monitoring by the patient at home will also guide physicians with information necessary to adjust dosing and utimately reducing certain risks in medication such as gastrointestinal bleeding or strokes.</p>
<p>International Technidyne is a subsidiary of Thermo Biomedical, which is a unit of Thermo Electron Corp, a fast-growing player in the medical device industry.</p>
</text>
<copyright>(c) Reuters Limited 1997</copyright>
<metadata>
<codes class="bip:countries:1.0">
  <code code="USA">
    <editdetail attribution="Reuters BIP Coding Group" action="confirmed" date="1997-03-13"/>
  </code>
</codes>
<codes class="bip:industries:1.0">
  <code code="I34000">
    <editdetail attribution="Reuters BIP Coding Group" action="confirmed" date="1997-03-13"/>
  </code>
</codes>
<codes class="bip:topics:1.0">
  <code code="C13">
    <editdetail attribution="Reuters BIP Coding Group" action="confirmed" date="1997-03-13"/>
  </code>
  <code code="C22">
    <editdetail attribution="Reuters BIP Coding Group" action="confirmed" date="1997-03-13"/>
  </code>
  <code code="CCAT">
    <editdetail attribution="Reuters BIP Coding Group" action="confirmed" date="1997-03-13"/>
  </code>
</codes>
<dc element="dc.date.created" value="1997-03-13"/>
<dc element="dc.publisher" value="Reuters Holdings Plc"/>
<dc element="dc.date.published" value="1997-03-13"/>
<dc element="dc.source" value="Reuters"/>
<dc element="dc.creator.location" value="EDISON, N.J."/>
<dc element="dc.creator.location.country.name" value="USA"/>
<dc element="dc.source" value="Reuters"/>
</metadata>
</newsitem>
