<?xml version="1.0" encoding="iso-8859-1" ?>
<newsitem itemid="438528" id="root" date="1997-03-13" xml:lang="en">
<title>USA: Turner Corp Q4 shr loss narrows.</title>
<headline>Turner Corp Q4 shr loss narrows.</headline>
<dateline>NEW YORK 1997-03-13</dateline>
<text>
<p>The Turner Corp. and Subsidiaries</p>
<p>		     (in thousands except share amounts)</p>
<p>			  Twelve Months Ended   Three Months Ended</p>
<p>				  Dec. 31,		 Dec. 31,</p>
<p>				 1996     1995	 1996	 1995</p>
<p>Value of construction</p>
<p>  completed	  $3,317,774 $3,281,495  $869,288   $862,847</p>
<p>Earnings from</p>
<p>construction contracts</p>
<p>			     72,151    68,539     19,939     14,948</p>
<p>Income from construction</p>
<p>  operations		5,304    11,285	  430   ( 1,103)</p>
<p>Income (loss) before</p>
<p>  income taxes	 ( 1,032)     3,261     ( 910)   ( 3,120)</p>
<p> Net income (loss)   ( 1,695)     1,274   ( 1,631)   ( 2,044)</p>
<p>Dividends on preferred</p>
<p>  stock		  ( 1,827)  ( 1,828)     ( 456)     ( 457)</p>
<p>Net loss to common</p>
<p>  shareholders	 ( 3,522)    ( 554)   ( 2,087)   ( 2,501)</p>
<p>Net loss per</p>
<p>  common share	  ( 0.66)   ( 0.11)    ( 0.39)    ( 0.47)</p>
<p>Weighted average number</p>
<p>  of shares	   5,323,727  5,270,453 5,310,332  5,286,332</p>
<p>Note: Value of construction completed represents the cost of the work put in place and materials fabricated during the year and related earnings pursuant to Turner's construction and management contracts, together with fees and reimbursed expense from consulting contracts. It is essentially a measure of construction activity during the year rather than &quot;sales&quot; or &quot;revenues&quot; in the sense that the term is used in a typical manufacturing company.</p>
</text>
<copyright>(c) Reuters Limited 1997</copyright>
<metadata>
<codes class="bip:countries:1.0">
  <code code="USA">
    <editdetail attribution="Reuters BIP Coding Group" action="confirmed" date="1997-03-13"/>
  </code>
</codes>
<codes class="bip:industries:1.0">
  <code code="I83960">
    <editdetail attribution="Reuters BIP Coding Group" action="confirmed" date="1997-03-13"/>
  </code>
</codes>
<codes class="bip:topics:1.0">
  <code code="C15">
    <editdetail attribution="Reuters BIP Coding Group" action="confirmed" date="1997-03-13"/>
  </code>
  <code code="C151">
    <editdetail attribution="Reuters BIP Coding Group" action="confirmed" date="1997-03-13"/>
  </code>
  <code code="C1511">
    <editdetail attribution="Reuters BIP Coding Group" action="confirmed" date="1997-03-13"/>
  </code>
  <code code="CCAT">
    <editdetail attribution="Reuters BIP Coding Group" action="confirmed" date="1997-03-13"/>
  </code>
</codes>
<dc element="dc.date.created" value="1997-03-13"/>
<dc element="dc.publisher" value="Reuters Holdings Plc"/>
<dc element="dc.date.published" value="1997-03-13"/>
<dc element="dc.source" value="Reuters"/>
<dc element="dc.creator.location" value="NEW YORK"/>
<dc element="dc.creator.location.country.name" value="USA"/>
<dc element="dc.source" value="Reuters"/>
</metadata>
</newsitem>
