<?xml version="1.0" encoding="iso-8859-1" ?>
<newsitem itemid="438531" id="root" date="1997-03-13" xml:lang="en">
<title>USA: First Investors Q3 Jan 31 shr $0.10.</title>
<headline>First Investors Q3 Jan 31 shr $0.10.</headline>
<dateline>HOUSTON 1997-03-12</dateline>
<text>
<p>For the	     For the</p>
<p>			    Three Months Ended  Nine Months Ended</p>
<p>				 January, 31,	  January 31,</p>
<p>			  1997     1996	   1997	     1996</p>
<p> Interest Income   $4,554  $3,776	$13,631	  $10,036</p>
<p> Interest Expense   1,740   1,326	  4,968	    3,817</p>
<p>Net Interest Income</p>
<p>			  2,814   2,450	  8,663	    6,219</p>
<p>Provision for Credit</p>
<p>   Losses		 521     280	  1,282		500</p>
<p>Income after Provision for Credit Losses</p>
<p>			  2,293   2,170	  7,381	    5,719</p>
<p> Other Income	   163     187	    480		413</p>
<p>Total Operating</p>
<p>   Expenses	   1,623   1,178	  4,573	    3,496</p>
<p>Income before Provision</p>
<p>    for Income Taxes  833   1,179	  3,288	    2,636</p>
<p>Provision for Income</p>
<p>   Taxes		  304     424	  1,200		949</p>
<p> Net income	     529     755	  2,088	    1,687</p>
<p>Net Income Per Common Share before Preferred</p>
<p>Stock Dividends and Redemption of Preferred</p>
<p>   Stock		 0.10    0.14	   0.38	     0.38</p>
<p>Net Income Per Common Share after Preferred</p>
<p>Stock Dividends and Redemption of Preferred</p>
<p>   Stock		 0.10    0.14	   0.38	     0.33</p>
<p>Note: Full company name is First Investors Financial Services Group Inc.</p>
<p>	 Dollars in thousands, except per share data</p>
<p>((-- New York Newsdesk 212 859-1610))</p>
</text>
<copyright>(c) Reuters Limited 1997</copyright>
<metadata>
<codes class="bip:countries:1.0">
  <code code="USA">
    <editdetail attribution="Reuters BIP Coding Group" action="confirmed" date="1997-03-13"/>
  </code>
</codes>
<codes class="bip:industries:1.0">
  <code code="I81501">
    <editdetail attribution="Reuters BIP Coding Group" action="confirmed" date="1997-03-13"/>
  </code>
</codes>
<codes class="bip:topics:1.0">
  <code code="C15">
    <editdetail attribution="Reuters BIP Coding Group" action="confirmed" date="1997-03-13"/>
  </code>
  <code code="C151">
    <editdetail attribution="Reuters BIP Coding Group" action="confirmed" date="1997-03-13"/>
  </code>
  <code code="CCAT">
    <editdetail attribution="Reuters BIP Coding Group" action="confirmed" date="1997-03-13"/>
  </code>
</codes>
<dc element="dc.date.created" value="1997-03-12"/>
<dc element="dc.publisher" value="Reuters Holdings Plc"/>
<dc element="dc.date.published" value="1997-03-13"/>
<dc element="dc.source" value="Reuters"/>
<dc element="dc.creator.location" value="HOUSTON"/>
<dc element="dc.creator.location.country.name" value="USA"/>
<dc element="dc.source" value="Reuters"/>
</metadata>
</newsitem>
