<?xml version="1.0" encoding="iso-8859-1" ?>
<newsitem itemid="438549" id="root" date="1997-03-13" xml:lang="en">
<title>USA: STAAR Surgical unchanged at $0.14.</title>
<headline>STAAR Surgical unchanged at $0.14.</headline>
<dateline>MONROVIA, Calif. 1997-03-13</dateline>
<text>
<p>STAAR Surgical Company</p>
<p>		    Condensed Consolidated Statements of Income</p>
<p>			   (in 000's except per share data)</p>
<p>					   Unaudited</p>
<p>			  Three Months Ended	 Year Ended</p>
<p>			   Jan. 3,  Dec. 29,   Jan. 3,   Dec. 29,</p>
<p>			    1997	1995	 1997	 1995</p>
<p>Revenues		$11,558    $9,980    $42,213    $34,694</p>
<p>Cost of Goods</p>
<p> Sold		     2,845     2,476     10,196	8,441</p>
<p>Gross Margin	    8,713     7,504     32,017     26,253</p>
<p>Costs &amp; Expenses	5,972     5,764     21,940     19,165</p>
<p>Operating Income	2,741     1,740     10,077	7,088</p>
<p>Other Income</p>
<p> (Expense)		   47	 (44)	 153	  303</p>
<p>Pre-tax Income	  2,788     1,696     10,230	7,391</p>
<p>Income Taxes		915	(261)     3,339	  (91)</p>
<p>Net Income	     $1,873    $1,957     $6,891     $7,482</p>
<p>Pre-tax Income</p>
<p> Per Share		$0.20     $0.12	$0.74	$0.54</p>
<p>Net Income</p>
<p> Per Share		$0.14     $0.14	$0.50	$0.55</p>
<p>Shares for</p>
<p> Fully Diluted EPS   13,867    13,715     13,867     13,715</p>
</text>
<copyright>(c) Reuters Limited 1997</copyright>
<metadata>
<codes class="bip:countries:1.0">
  <code code="USA">
    <editdetail attribution="Reuters BIP Coding Group" action="confirmed" date="1997-03-13"/>
  </code>
</codes>
<codes class="bip:industries:1.0">
  <code code="I37200">
    <editdetail attribution="Reuters BIP Coding Group" action="confirmed" date="1997-03-13"/>
  </code>
</codes>
<codes class="bip:topics:1.0">
  <code code="C15">
    <editdetail attribution="Reuters BIP Coding Group" action="confirmed" date="1997-03-13"/>
  </code>
  <code code="C151">
    <editdetail attribution="Reuters BIP Coding Group" action="confirmed" date="1997-03-13"/>
  </code>
  <code code="C1511">
    <editdetail attribution="Reuters BIP Coding Group" action="confirmed" date="1997-03-13"/>
  </code>
  <code code="CCAT">
    <editdetail attribution="Reuters BIP Coding Group" action="confirmed" date="1997-03-13"/>
  </code>
</codes>
<dc element="dc.date.created" value="1997-03-13"/>
<dc element="dc.publisher" value="Reuters Holdings Plc"/>
<dc element="dc.date.published" value="1997-03-13"/>
<dc element="dc.source" value="Reuters"/>
<dc element="dc.creator.location" value="MONROVIA, Calif."/>
<dc element="dc.creator.location.country.name" value="USA"/>
<dc element="dc.source" value="Reuters"/>
</metadata>
</newsitem>
