<?xml version="1.0" encoding="iso-8859-1" ?>
<newsitem itemid="438503" id="root" date="1997-03-13" xml:lang="en">
<title>USA: Eagle Pacific says purchases fuel Q4 gain.</title>
<headline>Eagle Pacific says purchases fuel Q4 gain.</headline>
<dateline>MINNEAPOLIS 1997-03-13</dateline>
<text>
<p>Eagle Pacific Industries Inc said Thursday the addition of two plastic producers in mid-1996 helped the company post a profit in the fourth quarter ended December 31 versus a loss a year ago.</p>
<p>The company reported net income of $288,628, or $0.02 a share, compared to a loss of $199,205, or $0.05, in 1995.</p>
<p>Sales in its traditionally weakest quarter decreased to $12.8 million from $14.0 million in the fourth quarter one year ago, the company said.</p>
<p>Eagle Pacific, a maker of plastic tubing and pipe products, said it believes the sales deficit will recover in the first quarter of 1997, which ends March 31.</p>
<p>Its shares were off 1/16 Thursday at 3-3/8.</p>
<p>((Chicago newsdesk (312) 408-8787))</p>
</text>
<copyright>(c) Reuters Limited 1997</copyright>
<metadata>
<codes class="bip:countries:1.0">
  <code code="USA">
    <editdetail attribution="Reuters BIP Coding Group" action="confirmed" date="1997-03-13"/>
  </code>
</codes>
<codes class="bip:topics:1.0">
  <code code="C15">
    <editdetail attribution="Reuters BIP Coding Group" action="confirmed" date="1997-03-13"/>
  </code>
  <code code="C151">
    <editdetail attribution="Reuters BIP Coding Group" action="confirmed" date="1997-03-13"/>
  </code>
  <code code="C1511">
    <editdetail attribution="Reuters BIP Coding Group" action="confirmed" date="1997-03-13"/>
  </code>
  <code code="CCAT">
    <editdetail attribution="Reuters BIP Coding Group" action="confirmed" date="1997-03-13"/>
  </code>
</codes>
<dc element="dc.date.created" value="1997-03-13"/>
<dc element="dc.publisher" value="Reuters Holdings Plc"/>
<dc element="dc.date.published" value="1997-03-13"/>
<dc element="dc.source" value="Reuters"/>
<dc element="dc.creator.location" value="MINNEAPOLIS"/>
<dc element="dc.creator.location.country.name" value="USA"/>
<dc element="dc.source" value="Reuters"/>
</metadata>
</newsitem>
