<?xml version="1.0" encoding="iso-8859-1" ?>
<newsitem itemid="438534" id="root" date="1997-03-13" xml:lang="en">
<title>USA: Mississippi court allows tobacco suit to proceed.</title>
<headline>Mississippi court allows tobacco suit to proceed.</headline>
<dateline>JACKSON, Miss. 1997-03-13</dateline>
<text>
<p>The Mississippi Supreme Court on Thursday rejected Gov. Kirk Fordice's legal challenge to a landmark tobacco lawsuit brought by his own attorney general, a spokesman for the attorney general said.</p>
<p>&quot;It looks like they ruled for us,&quot; said Special Assistant Attorney General Trey Bobinger, a spokesman for Mississippi Attorney General Mike Moore.</p>
<p>Bobinger provided no details but said a news conference had been scheduled for 1430 CST/2030 GMT.  </p>
<p>Fordice, a Republican, had challenged the lawsuit brought by Moore, a Democrat. The suit seeks compensation from tobacco companies for state Medicaid funds spent treating poor people for smoking-related illnesses.</p>
<p>The governor contended that only he had the authority to bring lawsuits to recover Medicaid money since Mississippi's division of Medicaid is under the control of his office.</p>
<p>If the court had ruled in Fordice's favor, Moore's lawsuit would have been limited to claims on behalf of charity hospital spending and the prohibition of cigarette advertising aimed at children.</p>
</text>
<copyright>(c) Reuters Limited 1997</copyright>
<metadata>
<codes class="bip:countries:1.0">
  <code code="USA">
    <editdetail attribution="Reuters BIP Coding Group" action="confirmed" date="1997-03-13"/>
  </code>
</codes>
<codes class="bip:industries:1.0">
  <code code="I42900">
    <editdetail attribution="Reuters BIP Coding Group" action="confirmed" date="1997-03-13"/>
  </code>
</codes>
<codes class="bip:topics:1.0">
  <code code="C12">
    <editdetail attribution="Reuters BIP Coding Group" action="confirmed" date="1997-03-13"/>
  </code>
  <code code="CCAT">
    <editdetail attribution="Reuters BIP Coding Group" action="confirmed" date="1997-03-13"/>
  </code>
  <code code="GCAT">
    <editdetail attribution="Reuters BIP Coding Group" action="confirmed" date="1997-03-13"/>
  </code>
  <code code="GCRIM">
    <editdetail attribution="Reuters BIP Coding Group" action="confirmed" date="1997-03-13"/>
  </code>
</codes>
<dc element="dc.date.created" value="1997-03-13"/>
<dc element="dc.publisher" value="Reuters Holdings Plc"/>
<dc element="dc.date.published" value="1997-03-13"/>
<dc element="dc.source" value="Reuters"/>
<dc element="dc.creator.location" value="JACKSON, Miss."/>
<dc element="dc.creator.location.country.name" value="USA"/>
<dc element="dc.source" value="Reuters"/>
</metadata>
</newsitem>
