<?xml version="1.0" encoding="iso-8859-1" ?>
<newsitem itemid="438567" id="root" date="1997-03-13" xml:lang="en">
<title>USA: Kerr-Mcgee unit signs two deals with Yemen.</title>
<headline>Kerr-Mcgee unit signs two deals with Yemen.</headline>
<dateline>OKLAHOMA CITY 1997-03-13</dateline>
<text>
<p>Kerr-McGee Corp said on Thursday that its Yemen subsidiary signed two production-sharing agreements with Yemen and the country's government-owned oil company.</p>
<p>Kerr-McGee Yemen Ltd will be the operator of East Al Hajar (Block 51) and Hazar (Block 50), covering about 10 million acres.</p>
<p>Kerr-McGee will have a working interest of 87.5 percent in Block 51 and 95 percent in Block 50.</p>
<p>Kerr-McGee said the deal brings its gross undeveloped acreage worldwide to more than 16 million acres.</p>
</text>
<copyright>(c) Reuters Limited 1997</copyright>
<metadata>
<codes class="bip:countries:1.0">
  <code code="USA">
    <editdetail attribution="Reuters BIP Coding Group" action="confirmed" date="1997-03-13"/>
  </code>
  <code code="YEMAR">
    <editdetail attribution="Reuters BIP Coding Group" action="confirmed" date="1997-03-13"/>
  </code>
</codes>
<codes class="bip:industries:1.0">
  <code code="I13000">
    <editdetail attribution="Reuters BIP Coding Group" action="confirmed" date="1997-03-13"/>
  </code>
</codes>
<codes class="bip:topics:1.0">
  <code code="C33">
    <editdetail attribution="Reuters BIP Coding Group" action="confirmed" date="1997-03-13"/>
  </code>
  <code code="CCAT">
    <editdetail attribution="Reuters BIP Coding Group" action="confirmed" date="1997-03-13"/>
  </code>
</codes>
<dc element="dc.date.created" value="1997-03-13"/>
<dc element="dc.publisher" value="Reuters Holdings Plc"/>
<dc element="dc.date.published" value="1997-03-13"/>
<dc element="dc.source" value="Reuters"/>
<dc element="dc.creator.location" value="OKLAHOMA CITY"/>
<dc element="dc.creator.location.country.name" value="USA"/>
<dc element="dc.source" value="Reuters"/>
</metadata>
</newsitem>
