<?xml version="1.0" encoding="iso-8859-1" ?>
<newsitem itemid="438574" id="root" date="1997-03-13" xml:lang="en">
<title>USA: PaperClip delisted from Nasdaq SmallCap.</title>
<headline>PaperClip delisted from Nasdaq SmallCap.</headline>
<dateline>HACKENSACK, N.J. 1997-03-13</dateline>
<text>
<p>PaperClip Software Inc said Thursday its securities have been delisted from the Nasdaq SmallCap Market due to its failure to comply with minimum asset and capital requirements.</p>
<p>PaperClip, which went public in 1995, said its securities will be quoted on the Over-the-Counter Bulletin Board.</p>
<p>PaperClip makes software for document management and imaging systems, primarily for use in networking systems.</p>
<p>In January, Access Solutions International Inc said it would buy the assets and certain liabilities of PapeClip for $5.79 million in a stock deal. It said the two firms would operate under the Access name once the deal was complete, but the PaperClip product name would be retained.</p>
<p>William Weiss, a PaperClip official, said by telephone that the deal was proceeding.</p>
</text>
<copyright>(c) Reuters Limited 1997</copyright>
<metadata>
<codes class="bip:countries:1.0">
  <code code="USA">
    <editdetail attribution="Reuters BIP Coding Group" action="confirmed" date="1997-03-13"/>
  </code>
</codes>
<codes class="bip:industries:1.0">
  <code code="I33020">
    <editdetail attribution="Reuters BIP Coding Group" action="confirmed" date="1997-03-13"/>
  </code>
  <code code="I3302021">
    <editdetail attribution="Reuters BIP Coding Group" action="confirmed" date="1997-03-13"/>
  </code>
</codes>
<codes class="bip:topics:1.0">
  <code code="C14">
    <editdetail attribution="Reuters BIP Coding Group" action="confirmed" date="1997-03-13"/>
  </code>
  <code code="CCAT">
    <editdetail attribution="Reuters BIP Coding Group" action="confirmed" date="1997-03-13"/>
  </code>
</codes>
<dc element="dc.date.created" value="1997-03-13"/>
<dc element="dc.publisher" value="Reuters Holdings Plc"/>
<dc element="dc.date.published" value="1997-03-13"/>
<dc element="dc.source" value="Reuters"/>
<dc element="dc.creator.location" value="HACKENSACK, N.J."/>
<dc element="dc.creator.location.country.name" value="USA"/>
<dc element="dc.source" value="Reuters"/>
</metadata>
</newsitem>
