<?xml version="1.0" encoding="iso-8859-1" ?>
<newsitem itemid="438559" id="root" date="1997-03-13" xml:lang="en">
<title>USA: Basis for sustained non-inflationary growth-Rivlin.</title>
<headline>Basis for sustained non-inflationary growth-Rivlin.</headline>
<dateline>WASHINGTON 1997-03-13</dateline>
<text>
<p>The economy is providing the foundation for sustained, non-inflationary growth now, Federal Reserve Vice Chair Alice Rivlin said on Thursdaay.</p>
<p>&quot;I think we're at a fortunate point,&quot; she told the National Community Reinvestment Coalition. &quot;The economy is providing the basis for sustained, non-inflationary growth.&quot;</p>
</text>
<copyright>(c) Reuters Limited 1997</copyright>
<metadata>
<codes class="bip:countries:1.0">
  <code code="USA">
    <editdetail attribution="Reuters BIP Coding Group" action="confirmed" date="1997-03-13"/>
  </code>
</codes>
<codes class="bip:topics:1.0">
  <code code="E11">
    <editdetail attribution="Reuters BIP Coding Group" action="confirmed" date="1997-03-13"/>
  </code>
  <code code="ECAT">
    <editdetail attribution="Reuters BIP Coding Group" action="confirmed" date="1997-03-13"/>
  </code>
</codes>
<dc element="dc.date.created" value="1997-03-13"/>
<dc element="dc.publisher" value="Reuters Holdings Plc"/>
<dc element="dc.date.published" value="1997-03-13"/>
<dc element="dc.source" value="Reuters"/>
<dc element="dc.creator.location" value="WASHINGTON"/>
<dc element="dc.creator.location.country.name" value="USA"/>
<dc element="dc.source" value="Reuters"/>
</metadata>
</newsitem>
