<?xml version="1.0" encoding="iso-8859-1" ?>
<newsitem itemid="438578" id="root" date="1997-03-13" xml:lang="en">
<title>USA: Panenergy says plans new NYC natgas pipeline.</title>
<headline>Panenergy says plans new NYC natgas pipeline.</headline>
<dateline>HOUSTON 1997-03-13</dateline>
<text>
<p>PanEnergy Corp said Thursday it plans to develop a natural gas pipeline that will increase delivery capability into New York City by almost 25 percent.</p>
<p>The ExcelsiorSM pipeline project will provide 500,000 Dekatherms per day of natural gas deliveries from a new Texas Eastern Transmission Corp pipeline connection in New Jersey, across lower New York Bay to Long Island near John F. Kennedy International Airport, said the company.</p>
<p>The project will create a new natural gas delivery system into Long Island for further distribution by Brooklyn Union Gas Co, Consolidated Edison Co of New York Inc and Long Island Lighting Co, which comprise the New York Facilities Group.</p>
<p>The Excelsior project will consist of 44 miles of 30-inch diameter pipeline, most of which will be offshore.  The Excelsior pipeline is expected to be in service by November 2000.</p>
</text>
<copyright>(c) Reuters Limited 1997</copyright>
<metadata>
<codes class="bip:countries:1.0">
  <code code="USA">
    <editdetail attribution="Reuters BIP Coding Group" action="confirmed" date="1997-03-13"/>
  </code>
</codes>
<codes class="bip:industries:1.0">
  <code code="I16100">
    <editdetail attribution="Reuters BIP Coding Group" action="confirmed" date="1997-03-13"/>
  </code>
  <code code="I16200">
    <editdetail attribution="Reuters BIP Coding Group" action="confirmed" date="1997-03-13"/>
  </code>
  <code code="I50200">
    <editdetail attribution="Reuters BIP Coding Group" action="confirmed" date="1997-03-13"/>
  </code>
  <code code="I5020043">
    <editdetail attribution="Reuters BIP Coding Group" action="confirmed" date="1997-03-13"/>
  </code>
</codes>
<codes class="bip:topics:1.0">
  <code code="C11">
    <editdetail attribution="Reuters BIP Coding Group" action="confirmed" date="1997-03-13"/>
  </code>
  <code code="C24">
    <editdetail attribution="Reuters BIP Coding Group" action="confirmed" date="1997-03-13"/>
  </code>
  <code code="CCAT">
    <editdetail attribution="Reuters BIP Coding Group" action="confirmed" date="1997-03-13"/>
  </code>
</codes>
<dc element="dc.date.created" value="1997-03-13"/>
<dc element="dc.publisher" value="Reuters Holdings Plc"/>
<dc element="dc.date.published" value="1997-03-13"/>
<dc element="dc.source" value="Reuters"/>
<dc element="dc.creator.location" value="HOUSTON"/>
<dc element="dc.creator.location.country.name" value="USA"/>
<dc element="dc.source" value="Reuters"/>
</metadata>
</newsitem>
