<?xml version="1.0" encoding="iso-8859-1" ?>
<newsitem itemid="438593" id="root" date="1997-03-13" xml:lang="en">
<title>USA: Killearn Properties Q3 Jan 31 full results. [CORRECTED 18:55 GMT]</title>
<headline>Killearn Properties Q3 Jan 31 full results. [CORRECTED 18:55 GMT]</headline>
<dateline>STOCKBRIDGE, Ga. 1997-03-13</dateline>
<text>
<p>3 mos. ended			    1/31/97	1/31/96</p>
<p> TOTAL INCOME			     $3,419,974  $3,661,161</p>
<p>EXPENSES:</p>
<p> Cost of land sold			 1,864,202   2,477,611</p>
<p> Commissions and selling expenses	332,496     511,687</p>
<p> Interest and property tax expense     211,191     128,904</p>
<p> Depreciation				   25,862	26,294</p>
<p> General &amp; administrative costs	  340,744     402,678</p>
<p> TOTAL EXPENSES			    2,774,495   3,547,174</p>
<p>Net income before income taxes</p>
<p>  and discontinued operations	    645,479     113,987</p>
<p> Income tax provision			242,894	42,893</p>
<p>Net income before discontinued</p>
<p>  operations				   402,585	71,094</p>
<p> Discontinued operations:			  0    (32,598)</p>
<p> Net income				    402,585	38,496</p>
<p> Net income per share			   0.45	  0.03</p>
<p>(Corrects three months ended 1/31/96, net income per share figure from 0.05)</p>
<p> Weighted average shares outstanding   887,412   1,438,733</p>
<p>    9 mos. ended			    1/31/97	1/31/96</p>
<p> TOTAL INCOME			     $9,636,151 $13,937,768</p>
<p>EXPENSES:</p>
<p> Cost of land sold			 5,535,577   9,511,694</p>
<p> Commissions and selling expenses    1,143,752   1,134,017</p>
<p> Interest and property tax expense     560,074     365,626</p>
<p> Depreciation				   82,807	81,549</p>
<p> General &amp; administrative costs	1,033,752   1,181,338</p>
<p> TOTAL EXPENSES			    8,355,962  12,274,224</p>
<p>Net income before income taxes</p>
<p>  and discontinued operations	  1,280,189   1,663,544</p>
<p> Income tax provision			486,088     625,992</p>
<p>Net income before discontinued</p>
<p>  operations				   794,101   1,037,552</p>
<p> Discontinued operations:			  0    (49,684)</p>
<p> Net income				    794,101     987,868</p>
<p> Net income per share			   0.89	  0.69</p>
<p> Weighted average shares outstanding   887,412   1,438,733</p>
<p>Note: Full company name is Killearn Properties Inc.</p>
<p>((-- New York Newsdesk 212 859-1610))</p>
</text>
<copyright>(c) Reuters Limited 1997</copyright>
<metadata>
<codes class="bip:countries:1.0">
  <code code="USA">
    <editdetail attribution="Reuters BIP Coding Group" action="confirmed" date="1997-03-13"/>
  </code>
</codes>
<codes class="bip:industries:1.0">
  <code code="I85000">
    <editdetail attribution="Reuters BIP Coding Group" action="confirmed" date="1997-03-13"/>
  </code>
</codes>
<codes class="bip:topics:1.0">
  <code code="C15">
    <editdetail attribution="Reuters BIP Coding Group" action="confirmed" date="1997-03-13"/>
  </code>
  <code code="C151">
    <editdetail attribution="Reuters BIP Coding Group" action="confirmed" date="1997-03-13"/>
  </code>
  <code code="CCAT">
    <editdetail attribution="Reuters BIP Coding Group" action="confirmed" date="1997-03-13"/>
  </code>
</codes>
<dc element="dc.date.created" value="1997-03-13"/>
<dc element="dc.publisher" value="Reuters Holdings Plc"/>
<dc element="dc.date.published" value="1997-03-13"/>
<dc element="dc.source" value="Reuters"/>
<dc element="dc.creator.location" value="STOCKBRIDGE, Ga."/>
<dc element="dc.creator.location.country.name" value="USA"/>
<dc element="dc.source" value="Reuters"/>
</metadata>
</newsitem>
