<?xml version="1.0" encoding="iso-8859-1" ?>
<newsitem itemid="438538" id="root" date="1997-03-13" xml:lang="en">
<title>USA: Buckhead America says to buy Lodgekeeper.</title>
<headline>Buckhead America says to buy Lodgekeeper.</headline>
<dateline>ATLANTA 1997-03-13</dateline>
<text>
<p>Buckhead America Corp, a hospitality services company, said Thursday it agreed to acquire Lodgekeeper Group Inc a closely held concern that manages 24 hotels in Ohio, Indiana and Michigan. Terms weren't disclosed.</p>
<p>Lodgekeeper operates 18 hotels under long-term leases, holds management contracts on five Country Hearth Inn hotels and owns one independent hotel. The company also owns 10 percent interest in four of the Country Hearth Inns and a 17 percent interest and the management contract on a Country Hearth Inn under construction in Cincinnati.</p>
<p>Buckhead America purchased franchising rights and trademarks of the Country Hearth Inn brand from Lodgekeeper in 1994 and is expanding the chain nationally.</p>
</text>
<copyright>(c) Reuters Limited 1997</copyright>
<metadata>
<codes class="bip:countries:1.0">
  <code code="USA">
    <editdetail attribution="Reuters BIP Coding Group" action="confirmed" date="1997-03-13"/>
  </code>
</codes>
<codes class="bip:industries:1.0">
  <code code="I83954">
    <editdetail attribution="Reuters BIP Coding Group" action="confirmed" date="1997-03-13"/>
  </code>
</codes>
<codes class="bip:topics:1.0">
  <code code="C18">
    <editdetail attribution="Reuters BIP Coding Group" action="confirmed" date="1997-03-13"/>
  </code>
  <code code="C181">
    <editdetail attribution="Reuters BIP Coding Group" action="confirmed" date="1997-03-13"/>
  </code>
  <code code="CCAT">
    <editdetail attribution="Reuters BIP Coding Group" action="confirmed" date="1997-03-13"/>
  </code>
</codes>
<dc element="dc.date.created" value="1997-03-13"/>
<dc element="dc.publisher" value="Reuters Holdings Plc"/>
<dc element="dc.date.published" value="1997-03-13"/>
<dc element="dc.source" value="Reuters"/>
<dc element="dc.creator.location" value="ATLANTA"/>
<dc element="dc.creator.location.country.name" value="USA"/>
<dc element="dc.source" value="Reuters"/>
</metadata>
</newsitem>
