<?xml version="1.0" encoding="iso-8859-1" ?>
<newsitem itemid="438515" id="root" date="1997-03-13" xml:lang="en">
<title>USA: Hollywood says casino gets license.</title>
<headline>Hollywood says casino gets license.</headline>
<dateline>DALLAS 1997-03-13</dateline>
<text>
<p>The Louisiana Gaming Control Board on Thursday voted unanimously in favor of granting Louisiana's fifteenth and final riverboat license to Hollywood/DeBartolo Entertainment Louisiana Llc, a statement issued by Hollywod Casino Corp said.</p>
<p>The company is owned on a 50/50 basis by affiliates of Hollywood Casino Corp and DeBartolo Entertainment.</p>
<p>Hollywood said it and DeBartolo competed against five other gaming companies for the license.</p>
<p>Hollywood/DeBartolo intends to construct the $194 million Hollywood Casino Resort at Cane's Landing in Bossier City, La., Hollywood said.</p>
</text>
<copyright>(c) Reuters Limited 1997</copyright>
<metadata>
<codes class="bip:countries:1.0">
  <code code="USA">
    <editdetail attribution="Reuters BIP Coding Group" action="confirmed" date="1997-03-13"/>
  </code>
</codes>
<codes class="bip:industries:1.0">
  <code code="I66500">
    <editdetail attribution="Reuters BIP Coding Group" action="confirmed" date="1997-03-13"/>
  </code>
  <code code="I97412">
    <editdetail attribution="Reuters BIP Coding Group" action="confirmed" date="1997-03-13"/>
  </code>
</codes>
<codes class="bip:topics:1.0">
  <code code="C13">
    <editdetail attribution="Reuters BIP Coding Group" action="confirmed" date="1997-03-13"/>
  </code>
  <code code="C24">
    <editdetail attribution="Reuters BIP Coding Group" action="confirmed" date="1997-03-13"/>
  </code>
  <code code="CCAT">
    <editdetail attribution="Reuters BIP Coding Group" action="confirmed" date="1997-03-13"/>
  </code>
</codes>
<dc element="dc.date.created" value="1997-03-13"/>
<dc element="dc.publisher" value="Reuters Holdings Plc"/>
<dc element="dc.date.published" value="1997-03-13"/>
<dc element="dc.source" value="Reuters"/>
<dc element="dc.creator.location" value="DALLAS"/>
<dc element="dc.creator.location.country.name" value="USA"/>
<dc element="dc.source" value="Reuters"/>
</metadata>
</newsitem>
