<?xml version="1.0" encoding="iso-8859-1" ?>
<newsitem itemid="438560" id="root" date="1997-03-13" xml:lang="en">
<title>USA: HEI Inc Q2 March 1 net up.</title>
<headline>HEI Inc Q2 March 1 net up.</headline>
<dateline>MINNEAPOLIS 1997-03-13</dateline>
<text>
<p>1997			1996</p>
<p> Shr			  $0.14		    $0.08</p>
<p> Net			    591			342</p>
<p> Revs			 9,197		    4,917</p>
<p> Avg shrs		   4,368		    4,065</p>
<p>			6 MONTHS</p>
<p> Shr			  $0.37		   $ 0.14</p>
<p> Net			  1,601			566</p>
<p> Revs			15,455		    9,627</p>
<p> Avg shrs		   4,320		    4,035</p>
<p>	 (All Data Above 000s Except Per Share Numbers)</p>
<p>NOTE: Prior-year period ended March 2.</p>
<p>		((Reuters Chicago Newsdesk (312) 408-8787))</p>
</text>
<copyright>(c) Reuters Limited 1997</copyright>
<metadata>
<codes class="bip:countries:1.0">
  <code code="USA">
    <editdetail attribution="Reuters BIP Coding Group" action="confirmed" date="1997-03-13"/>
  </code>
</codes>
<codes class="bip:industries:1.0">
  <code code="I34531">
    <editdetail attribution="Reuters BIP Coding Group" action="confirmed" date="1997-03-13"/>
  </code>
</codes>
<codes class="bip:topics:1.0">
  <code code="C15">
    <editdetail attribution="Reuters BIP Coding Group" action="confirmed" date="1997-03-13"/>
  </code>
  <code code="C151">
    <editdetail attribution="Reuters BIP Coding Group" action="confirmed" date="1997-03-13"/>
  </code>
  <code code="CCAT">
    <editdetail attribution="Reuters BIP Coding Group" action="confirmed" date="1997-03-13"/>
  </code>
</codes>
<dc element="dc.date.created" value="1997-03-13"/>
<dc element="dc.publisher" value="Reuters Holdings Plc"/>
<dc element="dc.date.published" value="1997-03-13"/>
<dc element="dc.source" value="Reuters"/>
<dc element="dc.creator.location" value="MINNEAPOLIS"/>
<dc element="dc.creator.location.country.name" value="USA"/>
<dc element="dc.source" value="Reuters"/>
</metadata>
</newsitem>
