<?xml version="1.0" encoding="iso-8859-1" ?>
<newsitem itemid="438596" id="root" date="1997-03-13" xml:lang="en">
<title>USA: Tele-Communications to raise cable rates.</title>
<headline>Tele-Communications to raise cable rates.</headline>
<dateline>ENGLEWOOD, Colo. 1997-03-13</dateline>
<text>
<p>Tele-Communications Inc on Thursday said it will raise its cable television rates by an average 6.8 percent, effective June 1, 1997.</p>
<p>TCI said about sixty percent of the increases are due to higher programming costs. TCI also said that much of the increases are intended to recover costs incurred in the delivery of TCI's basic and expanded cable services.</p>
<p>TCI said the price changes affect systems that serve about 11 million customers.</p>
</text>
<copyright>(c) Reuters Limited 1997</copyright>
<metadata>
<codes class="bip:countries:1.0">
  <code code="USA">
    <editdetail attribution="Reuters BIP Coding Group" action="confirmed" date="1997-03-13"/>
  </code>
</codes>
<codes class="bip:industries:1.0">
  <code code="I97400">
    <editdetail attribution="Reuters BIP Coding Group" action="confirmed" date="1997-03-13"/>
  </code>
</codes>
<codes class="bip:topics:1.0">
  <code code="C31">
    <editdetail attribution="Reuters BIP Coding Group" action="confirmed" date="1997-03-13"/>
  </code>
  <code code="CCAT">
    <editdetail attribution="Reuters BIP Coding Group" action="confirmed" date="1997-03-13"/>
  </code>
</codes>
<dc element="dc.date.created" value="1997-03-13"/>
<dc element="dc.publisher" value="Reuters Holdings Plc"/>
<dc element="dc.date.published" value="1997-03-13"/>
<dc element="dc.source" value="Reuters"/>
<dc element="dc.creator.location" value="ENGLEWOOD, Colo."/>
<dc element="dc.creator.location.country.name" value="USA"/>
<dc element="dc.source" value="Reuters"/>
</metadata>
</newsitem>
