<?xml version="1.0" encoding="iso-8859-1" ?>
<newsitem itemid="438532" id="root" date="1997-03-13" xml:lang="en">
<title>USA: Ex Texaco executive indicted.</title>
<headline>Ex Texaco executive indicted.</headline>
<dateline>NEW YORK 1997-03-13</dateline>
<text>
<p>A former executive of Texaco Inc was indicted Thursday for alleged obstruction of justice in a private race discrimination suit, federal prosecutors said.</p>
<p>If convicted, Richard Lundwall, 55, former senior coordinator of personnel services of Texaco's finance department, would face a maximum sentence of 10 years in prison and a $250,000 fine.</p>
<p>Last week Lundwall's lawyers said prosecutors told them their client would be indicted because plea negotiations collapsed.</p>
</text>
<copyright>(c) Reuters Limited 1997</copyright>
<metadata>
<codes class="bip:countries:1.0">
  <code code="USA">
    <editdetail attribution="Reuters BIP Coding Group" action="confirmed" date="1997-03-13"/>
  </code>
</codes>
<codes class="bip:industries:1.0">
  <code code="I13000">
    <editdetail attribution="Reuters BIP Coding Group" action="confirmed" date="1997-03-13"/>
  </code>
  <code code="I1300003">
    <editdetail attribution="Reuters BIP Coding Group" action="confirmed" date="1997-03-13"/>
  </code>
</codes>
<codes class="bip:topics:1.0">
  <code code="C12">
    <editdetail attribution="Reuters BIP Coding Group" action="confirmed" date="1997-03-13"/>
  </code>
  <code code="CCAT">
    <editdetail attribution="Reuters BIP Coding Group" action="confirmed" date="1997-03-13"/>
  </code>
  <code code="GCAT">
    <editdetail attribution="Reuters BIP Coding Group" action="confirmed" date="1997-03-13"/>
  </code>
  <code code="GCRIM">
    <editdetail attribution="Reuters BIP Coding Group" action="confirmed" date="1997-03-13"/>
  </code>
</codes>
<dc element="dc.date.created" value="1997-03-13"/>
<dc element="dc.publisher" value="Reuters Holdings Plc"/>
<dc element="dc.date.published" value="1997-03-13"/>
<dc element="dc.source" value="Reuters"/>
<dc element="dc.creator.location" value="NEW YORK"/>
<dc element="dc.creator.location.country.name" value="USA"/>
<dc element="dc.source" value="Reuters"/>
</metadata>
</newsitem>
