<?xml version="1.0" encoding="iso-8859-1" ?>
<newsitem itemid="438571" id="root" date="1997-03-13" xml:lang="en">
<title>USA: Banks earned record $52.4 billion in 1996 - FDIC.</title>
<headline>Banks earned record $52.4 billion in 1996 - FDIC.</headline>
<dateline>WASHINGTON 1997-03-13</dateline>
<text>
<p>Commercial banks earned a record $52.4 billion in 1996, up seven percent from the previous record, set in 1995, of $48.7 billion, Federal Deposit Insurance Corp said on Thursday.</p>
<p>Banks would have earned $650 million more but had to make one-time payments to help replenish the federal insurance fund for savings institutions, the FDIC said.</p>
<p>Savings institutions had net income of $7 billion for 1996, a drop of $611 million from the previous year. The one-time payments reduced savings earnings by $2.2 billion.  </p>
<p>Only six federally-insured institutions failed in 1996, FDIC said, the lowest total since 1972 when just five banks and savings institutions failed.</p>
<p>But the news was not all good, FDIC said. Banks had to write off a net $9.5 billion on credit card loans, an increase of almost 40 percent from 1995.</p>
<p>At the same time, banks continued to increase their lending on credit cards. Loans and unused commitments increased more than $92 billion, or six percent, in the fourth quarter to a total of $1.57 trillion, FDIC said.  </p>
<p>FDIC chairman Ricki Helfer termed the statistics &quot;worrisome.&quot;</p>
<p>&quot;As large as these number are, we believe they understate the exposure of banks to risk in credit card lending because they do not fully account for potential claims that could arise from continuing liabilities related to credit card loans that have been securitized,&quot; Helfer said.</p>
<p>But she added that industry appears strong enough to weather any problems. &quot;Despite these concerns, the outlook for banking remains bright,&quot; Helfer said.  </p>
<p>Commercial banks' average return on assets was 1.19 percent in 1996, just shy of the 1993 record of 1.20 percent and a slight increase from 1995's 1.17 percent, the FDIC said.</p>
<p>Non-interest income rose 13.5 percent, or $11.1 billion, to $93.6 billion in 1996. Interest income rose 5.6 percent, or $8.6 billion, to $162.8 billion.</p>
<p>--Aaron Pressman((202-898-8312))</p>
</text>
<copyright>(c) Reuters Limited 1997</copyright>
<metadata>
<codes class="bip:countries:1.0">
  <code code="USA">
    <editdetail attribution="Reuters BIP Coding Group" action="confirmed" date="1997-03-13"/>
  </code>
</codes>
<codes class="bip:industries:1.0">
  <code code="I81402">
    <editdetail attribution="Reuters BIP Coding Group" action="confirmed" date="1997-03-13"/>
  </code>
</codes>
<codes class="bip:topics:1.0">
  <code code="C15">
    <editdetail attribution="Reuters BIP Coding Group" action="confirmed" date="1997-03-13"/>
  </code>
  <code code="C151">
    <editdetail attribution="Reuters BIP Coding Group" action="confirmed" date="1997-03-13"/>
  </code>
  <code code="C1511">
    <editdetail attribution="Reuters BIP Coding Group" action="confirmed" date="1997-03-13"/>
  </code>
  <code code="CCAT">
    <editdetail attribution="Reuters BIP Coding Group" action="confirmed" date="1997-03-13"/>
  </code>
</codes>
<dc element="dc.date.created" value="1997-03-13"/>
<dc element="dc.publisher" value="Reuters Holdings Plc"/>
<dc element="dc.date.published" value="1997-03-13"/>
<dc element="dc.source" value="Reuters"/>
<dc element="dc.creator.location" value="WASHINGTON"/>
<dc element="dc.creator.location.country.name" value="USA"/>
<dc element="dc.source" value="Reuters"/>
</metadata>
</newsitem>
