<?xml version="1.0" encoding="iso-8859-1" ?>
<newsitem itemid="438557" id="root" date="1997-03-13" xml:lang="en">
<title>USA: NRC proposes $100,000 fine for ComEd.</title>
<headline>NRC proposes $100,000 fine for ComEd.</headline>
<dateline>LISLE, Ill. 1997-03-13</dateline>
<text>
<p>The staff of the Nuclear Regulatory Commission Thursday proposed fining Commonwealth Edison Co, a unit of Unicom Corp, $100,000 for engineering violations at its Zion nuclear power plant.</p>
<p>The agency said the move follows a meeting with the utility earlier this month to discuss an incident February 21 involving improper control rod movements at Zion's Unit 1.</p>
<p>Both reactors at Zion are currently shut down, the NRC said.  ComEd is expected to discuss its findings on the incident and its corrective actions before either unit is restarted, the agency said.  </p>
<p>The NRC said an inspection in July and August found several engineering violations at the plant involving failures to conduct safety evaluations, follow procedures, test systems and equipment or take prompt corrective action when equipment repeatedly malfunctioned.</p>
<p>NRC inspectors also found several instances where safety-related equipment was altered or the required safety evaluations were inadequate.</p>
<p>Commonwealth Edison has until April 11 to either pay or protest the fine. Company officials were not immediately available for comment.</p>
<p>((Chicago newsdesk (312) 408-8787))</p>
</text>
<copyright>(c) Reuters Limited 1997</copyright>
<metadata>
<codes class="bip:countries:1.0">
  <code code="USA">
    <editdetail attribution="Reuters BIP Coding Group" action="confirmed" date="1997-03-13"/>
  </code>
</codes>
<codes class="bip:industries:1.0">
  <code code="I16100">
    <editdetail attribution="Reuters BIP Coding Group" action="confirmed" date="1997-03-13"/>
  </code>
</codes>
<codes class="bip:topics:1.0">
  <code code="C12">
    <editdetail attribution="Reuters BIP Coding Group" action="confirmed" date="1997-03-13"/>
  </code>
  <code code="C13">
    <editdetail attribution="Reuters BIP Coding Group" action="confirmed" date="1997-03-13"/>
  </code>
  <code code="CCAT">
    <editdetail attribution="Reuters BIP Coding Group" action="confirmed" date="1997-03-13"/>
  </code>
  <code code="GCAT">
    <editdetail attribution="Reuters BIP Coding Group" action="confirmed" date="1997-03-13"/>
  </code>
  <code code="GCRIM">
    <editdetail attribution="Reuters BIP Coding Group" action="confirmed" date="1997-03-13"/>
  </code>
</codes>
<dc element="dc.date.created" value="1997-03-13"/>
<dc element="dc.publisher" value="Reuters Holdings Plc"/>
<dc element="dc.date.published" value="1997-03-13"/>
<dc element="dc.source" value="Reuters"/>
<dc element="dc.creator.location" value="LISLE, Ill."/>
<dc element="dc.creator.location.country.name" value="USA"/>
<dc element="dc.source" value="Reuters"/>
</metadata>
</newsitem>
