<?xml version="1.0" encoding="iso-8859-1" ?>
<newsitem itemid="438570" id="root" date="1997-03-13" xml:lang="en">
<title>USA: Michael Foods elects Knudtson board head.</title>
<headline>Michael Foods elects Knudtson board head.</headline>
<dateline>MINNEAPOLIS 1997-03-13</dateline>
<text>
<p>Michael Foods Inc said Thursday its directors elected Arvid Knudtson, a director since 1987, as chairman of the board.</p>
<p>It said the chairman of the board position had been vacant since the February 28, 1997 merger of Michael Foods Inc, North Star Universal Inc and NSU Merger Co.</p>
<p>That transaction resulted in the formation of new Michael Foods Inc, with a new board largely comprised of members of predecessor Michael Foods Inc's board of directors.</p>
<p>		((Reuters Chicago Newsdesk (312) 408-8787))</p>
</text>
<copyright>(c) Reuters Limited 1997</copyright>
<metadata>
<codes class="bip:countries:1.0">
  <code code="USA">
    <editdetail attribution="Reuters BIP Coding Group" action="confirmed" date="1997-03-13"/>
  </code>
</codes>
<codes class="bip:industries:1.0">
  <code code="I61000">
    <editdetail attribution="Reuters BIP Coding Group" action="confirmed" date="1997-03-13"/>
  </code>
</codes>
<codes class="bip:topics:1.0">
  <code code="C41">
    <editdetail attribution="Reuters BIP Coding Group" action="confirmed" date="1997-03-13"/>
  </code>
  <code code="C411">
    <editdetail attribution="Reuters BIP Coding Group" action="confirmed" date="1997-03-13"/>
  </code>
  <code code="CCAT">
    <editdetail attribution="Reuters BIP Coding Group" action="confirmed" date="1997-03-13"/>
  </code>
</codes>
<dc element="dc.date.created" value="1997-03-13"/>
<dc element="dc.publisher" value="Reuters Holdings Plc"/>
<dc element="dc.date.published" value="1997-03-13"/>
<dc element="dc.source" value="Reuters"/>
<dc element="dc.creator.location" value="MINNEAPOLIS"/>
<dc element="dc.creator.location.country.name" value="USA"/>
<dc element="dc.source" value="Reuters"/>
</metadata>
</newsitem>
