<?xml version="1.0" encoding="iso-8859-1" ?>
<newsitem itemid="438537" id="root" date="1997-03-13" xml:lang="en">
<title>USA: Chicago Fed chief - Fed must be vigilant vs prices.</title>
<headline>Chicago Fed chief - Fed must be vigilant vs prices.</headline>
<dateline>CHICAGO 1997-03-13</dateline>
<text>
<p>Michael Moskow, President of the Federal Reserve Bank of Chicago, said the U.S. central bank must remain vigilant in its fight against inflation, and cannot allow prices to heat up even a little bit.</p>
<p>&quot;I don't think you can allow inflation to heat up a little bit; you are doing yourself damage because you want to create a low-inflation economy,&quot; Moskow told reporters.</p>
<p>&quot;Right now, with a 5.3 (percent) unemployment rate, by most people's calculations, we are at full employment,&quot; he added.</p>
<p>As for the cost of labor, the Chicago Fed chief said central bankers are witnessing &quot;an acceleration on the wage side.&quot; However, when wages and benefits are taken together, &quot;you don't see that (a noticable increase) in the statistics.&quot;</p>
<p>(( -- Isabelle Clary, 212-859-1660 ))</p>
</text>
<copyright>(c) Reuters Limited 1997</copyright>
<metadata>
<codes class="bip:countries:1.0">
  <code code="USA">
    <editdetail attribution="Reuters BIP Coding Group" action="confirmed" date="1997-03-13"/>
  </code>
</codes>
<codes class="bip:topics:1.0">
  <code code="E12">
    <editdetail attribution="Reuters BIP Coding Group" action="confirmed" date="1997-03-13"/>
  </code>
  <code code="E13">
    <editdetail attribution="Reuters BIP Coding Group" action="confirmed" date="1997-03-13"/>
  </code>
  <code code="E131">
    <editdetail attribution="Reuters BIP Coding Group" action="confirmed" date="1997-03-13"/>
  </code>
  <code code="ECAT">
    <editdetail attribution="Reuters BIP Coding Group" action="confirmed" date="1997-03-13"/>
  </code>
</codes>
<dc element="dc.date.created" value="1997-03-13"/>
<dc element="dc.publisher" value="Reuters Holdings Plc"/>
<dc element="dc.date.published" value="1997-03-13"/>
<dc element="dc.source" value="Reuters"/>
<dc element="dc.creator.location" value="CHICAGO"/>
<dc element="dc.creator.location.country.name" value="USA"/>
<dc element="dc.source" value="Reuters"/>
</metadata>
</newsitem>
