<?xml version="1.0" encoding="iso-8859-1" ?>
<newsitem itemid="438598" id="root" date="1997-03-13" xml:lang="en">
<title>USA: Lands' End fiscal year-end inventory down.</title>
<headline>Lands' End fiscal year-end inventory down.</headline>
<dateline>DODGEVILLE, Wis. 1997-03-13</dateline>
<text>
<p>Lands' End Inc said Thursday its year-end inventory dropped 14 percent to $142 million from $165 million at the end of fiscal 1996.</p>
<p>&quot;Our continuing challenges will be to do an even better job of managing inventory to achieve a higher first-time fulfillment rate, increasing the productivity of our catalogs and offering innovative merchandise that will enable us to stand out from the crowd,&quot; Michael Smith, chief executive officer, said in a statement.</p>
<p>He said sales improved strongly in the last part of the fiscal third quarter, which cut its holiday season inventory.  </p>
<p>&quot;Because of this, we ... were unable to fill orders at our usual seasonal rate in the fourth quarter,&quot; Smith said. &quot;For the year, we shipped 86 percent of items ordered at the time the order was placed, compared with 90 percent in the prior year.&quot;</p>
<p>This resulted in increases in lost sales and the cost of shipping a higher level of backorders.</p>
<p>Earlier, Lands' End reported earnings for the fourth quarter ended January 31 of $37.4 million or $1.15 a share, up from $25.8 million or $0.77 a year ago, which included a $1.9 million charge for the sale of a subsidiary.  </p>
<p>Excluding the charge, the year-ago fourth quarter income was $26.9 million or $0.80 a share.</p>
<p>In fiscal 1997, it earned $50.9 million or $1.54 a share, which included a $1.4 million charge on the sale of a subsidiary. In fiscal 1996, it earned $30.6 million or $0.89 a share. Excluding charges, it earned $51.8 million or $1.57 a share in fiscal 1997, up from $31.7 million or $0.92 in fiscal 1996.</p>
<p>Sales for the quarter rose to $423.3 million from $399.5 million. For the year, sales increased to $1.12 biillion from $1.03 billion.</p>
<p>&quot;Our specialty, new and international businesses all grew strongly during the year,&quot; Smith said. &quot;Most important, we've seen a turnaround in productivity, or sales per page, in our core monthly and prospecting catalogs.&quot;</p>
<p>Lands' End is a direct merchant of casualwear, bed and bath products, shoes and accessories.</p>
<p>((Reuters Chicago Newsdesk (312) 408-8787))</p>
</text>
<copyright>(c) Reuters Limited 1997</copyright>
<metadata>
<codes class="bip:countries:1.0">
  <code code="USA">
    <editdetail attribution="Reuters BIP Coding Group" action="confirmed" date="1997-03-13"/>
  </code>
</codes>
<codes class="bip:industries:1.0">
  <code code="I65600">
    <editdetail attribution="Reuters BIP Coding Group" action="confirmed" date="1997-03-13"/>
  </code>
  <code code="I6560003">
    <editdetail attribution="Reuters BIP Coding Group" action="confirmed" date="1997-03-13"/>
  </code>
</codes>
<codes class="bip:topics:1.0">
  <code code="C15">
    <editdetail attribution="Reuters BIP Coding Group" action="confirmed" date="1997-03-13"/>
  </code>
  <code code="C151">
    <editdetail attribution="Reuters BIP Coding Group" action="confirmed" date="1997-03-13"/>
  </code>
  <code code="C1511">
    <editdetail attribution="Reuters BIP Coding Group" action="confirmed" date="1997-03-13"/>
  </code>
  <code code="CCAT">
    <editdetail attribution="Reuters BIP Coding Group" action="confirmed" date="1997-03-13"/>
  </code>
</codes>
<dc element="dc.date.created" value="1997-03-13"/>
<dc element="dc.publisher" value="Reuters Holdings Plc"/>
<dc element="dc.date.published" value="1997-03-13"/>
<dc element="dc.source" value="Reuters"/>
<dc element="dc.creator.location" value="DODGEVILLE, Wis."/>
<dc element="dc.creator.location.country.name" value="USA"/>
<dc element="dc.source" value="Reuters"/>
</metadata>
</newsitem>
