<?xml version="1.0" encoding="iso-8859-1" ?>
<newsitem itemid="438590" id="root" date="1997-03-13" xml:lang="en">
<title>USA: AMEX board votes to narrow quoting increments.</title>
<headline>AMEX board votes to narrow quoting increments.</headline>
<dateline>NEW YORK 1997-03-13</dateline>
<text>
<p>The American Stock Exchange said on Thursday that its board of directors voted to halve the increments by which shares are quoted on the exchange.</p>
<p>A spokeswoman for the AMEX said the new system would shrink the minimum spread on listed shares to one sixteenth of a point. Under current rules, the minimum spread is set at an eighth of a point, the same as on the New York Stock Exchange.  </p>
<p>The exchange had already adopted the change for lower-priced stocks, implementing the sixteenth-based quoting for stocks under $5 per share in 1992 and extending the increment to cover stocks under $10 in 1995.</p>
<p>It said the new rules would extend the reduced increment to cover all AMEX-listed shares within two weeks of the exchange receiving Securities and Exchange Commission approval of the move.</p>
<p>The exchange said the lower increment would allow for improved pricing to investors.</p>
<p>((-- Wall Street desk, 212-859-1730))</p>
</text>
<copyright>(c) Reuters Limited 1997</copyright>
<metadata>
<codes class="bip:countries:1.0">
  <code code="USA">
    <editdetail attribution="Reuters BIP Coding Group" action="confirmed" date="1997-03-13"/>
  </code>
</codes>
<codes class="bip:industries:1.0">
  <code code="I83100">
    <editdetail attribution="Reuters BIP Coding Group" action="confirmed" date="1997-03-13"/>
  </code>
</codes>
<codes class="bip:topics:1.0">
  <code code="C13">
    <editdetail attribution="Reuters BIP Coding Group" action="confirmed" date="1997-03-13"/>
  </code>
  <code code="C21">
    <editdetail attribution="Reuters BIP Coding Group" action="confirmed" date="1997-03-13"/>
  </code>
  <code code="CCAT">
    <editdetail attribution="Reuters BIP Coding Group" action="confirmed" date="1997-03-13"/>
  </code>
  <code code="M11">
    <editdetail attribution="Reuters BIP Coding Group" action="confirmed" date="1997-03-13"/>
  </code>
  <code code="MCAT">
    <editdetail attribution="Reuters BIP Coding Group" action="confirmed" date="1997-03-13"/>
  </code>
</codes>
<dc element="dc.date.created" value="1997-03-13"/>
<dc element="dc.publisher" value="Reuters Holdings Plc"/>
<dc element="dc.date.published" value="1997-03-13"/>
<dc element="dc.source" value="Reuters"/>
<dc element="dc.creator.location" value="NEW YORK"/>
<dc element="dc.creator.location.country.name" value="USA"/>
<dc element="dc.source" value="Reuters"/>
</metadata>
</newsitem>
