<?xml version="1.0" encoding="iso-8859-1" ?>
<newsitem itemid="438520" id="root" date="1997-03-13" xml:lang="en">
<title>USA: BP/Chevron confirm Alaska oil find.</title>
<headline>BP/Chevron confirm Alaska oil find.</headline>
<dateline>LOS ANGELES 1997-03-13</dateline>
<text>
<p>BP Exploration Inc and Chevron USA on Thursday confirmed discovery of a possible 100- million-barrel oil reserve at their Sourdough prospect in Alaska's North Slope oil region.  </p>
<p>&quot;BP and Chevron believe the field could be economically developable,&quot; Eric Luttrell, vice president of exploration and new developments for BP Exploration, said in a statement.</p>
<p>The companies discovered oil with the Sourdough No. 2 exploratory well in 1994, and confirmed the find with a No. 3 well completed in April 1996.</p>
<p>&quot;We are in the process of planning further technical work in the area to determine the extend and economic viability of the discovery,&quot; Luttrell said.</p>
<p>A delineation well is planned for winter 1998.</p>
<p>BP owns two-thirds and operates Sourdough, while Chevron holds the rest.</p>
<p>((David Brinkerhoff, Los Angeles bureau + 213 380 2014))</p>
</text>
<copyright>(c) Reuters Limited 1997</copyright>
<metadata>
<codes class="bip:countries:1.0">
  <code code="USA">
    <editdetail attribution="Reuters BIP Coding Group" action="confirmed" date="1997-03-13"/>
  </code>
</codes>
<codes class="bip:industries:1.0">
  <code code="I13000">
    <editdetail attribution="Reuters BIP Coding Group" action="confirmed" date="1997-03-13"/>
  </code>
  <code code="I1300003">
    <editdetail attribution="Reuters BIP Coding Group" action="confirmed" date="1997-03-13"/>
  </code>
</codes>
<codes class="bip:topics:1.0">
  <code code="C24">
    <editdetail attribution="Reuters BIP Coding Group" action="confirmed" date="1997-03-13"/>
  </code>
  <code code="CCAT">
    <editdetail attribution="Reuters BIP Coding Group" action="confirmed" date="1997-03-13"/>
  </code>
</codes>
<dc element="dc.date.created" value="1997-03-13"/>
<dc element="dc.publisher" value="Reuters Holdings Plc"/>
<dc element="dc.date.published" value="1997-03-13"/>
<dc element="dc.source" value="Reuters"/>
<dc element="dc.creator.location" value="LOS ANGELES"/>
<dc element="dc.creator.location.country.name" value="USA"/>
<dc element="dc.source" value="Reuters"/>
</metadata>
</newsitem>
