<?xml version="1.0" encoding="iso-8859-1" ?>
<newsitem itemid="438579" id="root" date="1997-03-13" xml:lang="en">
<title>USA: Fulton to move to Nasdaq National Market.</title>
<headline>Fulton to move to Nasdaq National Market.</headline>
<dateline>FULTON, Mo. 1997-03-13</dateline>
<text>
<p>Fulton Bancorp Inc, holding company for Fulton Savings Bank FSB, said Thursday that it was approved for listing on the Nasdaq National Market, effective March 17.</p>
<p>Fulton currently trades on the Nasdaq Small Cap Market.</p>
<p>Established in 1912, Fulton Savings at December 31, 1996 had assets of $99.5 million.</p>
<p>		((Reuters Chicago Newsdesk (312) 408-8787))</p>
</text>
<copyright>(c) Reuters Limited 1997</copyright>
<metadata>
<codes class="bip:countries:1.0">
  <code code="USA">
    <editdetail attribution="Reuters BIP Coding Group" action="confirmed" date="1997-03-13"/>
  </code>
</codes>
<codes class="bip:industries:1.0">
  <code code="I81402">
    <editdetail attribution="Reuters BIP Coding Group" action="confirmed" date="1997-03-13"/>
  </code>
</codes>
<codes class="bip:topics:1.0">
  <code code="C14">
    <editdetail attribution="Reuters BIP Coding Group" action="confirmed" date="1997-03-13"/>
  </code>
  <code code="CCAT">
    <editdetail attribution="Reuters BIP Coding Group" action="confirmed" date="1997-03-13"/>
  </code>
</codes>
<dc element="dc.date.created" value="1997-03-13"/>
<dc element="dc.publisher" value="Reuters Holdings Plc"/>
<dc element="dc.date.published" value="1997-03-13"/>
<dc element="dc.source" value="Reuters"/>
<dc element="dc.creator.location" value="FULTON, Mo."/>
<dc element="dc.creator.location.country.name" value="USA"/>
<dc element="dc.source" value="Reuters"/>
</metadata>
</newsitem>
