<?xml version="1.0" encoding="iso-8859-1" ?>
<newsitem itemid="438547" id="root" date="1997-03-13" xml:lang="en">
<title>USA: HEI Q2 margin seen as typical for FY97.</title>
<headline>HEI Q2 margin seen as typical for FY97.</headline>
<dateline>MINNEAPOLIS 1997-03-13</dateline>
<text>
<p>HEI Inc said Thursday the transition to volume pricing and lower margin rates continued in the second quarter and is typical of what may be expected for the balance of fiscal 1997.</p>
<p>&quot;The lower margin rate experienced in the second quarter is more typical of what we may expect throughout the remainder of fiscal 1997, assuming the program continues at current volumes,&quot; said Jerald Mortenson, vice president of finance.</p>
<p>Mortenson, in a statement, attributed HEI's higher sales for the second quarter, ended March 1, to continuation of the ramp-up to volume production of a device for use in high-density disk drives.</p>
<p>&quot;We continue to pursue various new opportunities in telecommunications, medical and computer peripheral applications,&quot; Mortenson added.</p>
<p>HEI, which designs and manufactures ultraminiature microelectronic devices, reported higher second-quarter sales and earnings. It said the transition to volume pricing and lower margin rates began late in the first quarter.</p>
<p>((--Chicago Newsdesk (312) 408-8787))</p>
</text>
<copyright>(c) Reuters Limited 1997</copyright>
<metadata>
<codes class="bip:countries:1.0">
  <code code="USA">
    <editdetail attribution="Reuters BIP Coding Group" action="confirmed" date="1997-03-13"/>
  </code>
</codes>
<codes class="bip:industries:1.0">
  <code code="I34531">
    <editdetail attribution="Reuters BIP Coding Group" action="confirmed" date="1997-03-13"/>
  </code>
</codes>
<codes class="bip:topics:1.0">
  <code code="C15">
    <editdetail attribution="Reuters BIP Coding Group" action="confirmed" date="1997-03-13"/>
  </code>
  <code code="C152">
    <editdetail attribution="Reuters BIP Coding Group" action="confirmed" date="1997-03-13"/>
  </code>
  <code code="C31">
    <editdetail attribution="Reuters BIP Coding Group" action="confirmed" date="1997-03-13"/>
  </code>
  <code code="CCAT">
    <editdetail attribution="Reuters BIP Coding Group" action="confirmed" date="1997-03-13"/>
  </code>
</codes>
<dc element="dc.date.created" value="1997-03-13"/>
<dc element="dc.publisher" value="Reuters Holdings Plc"/>
<dc element="dc.date.published" value="1997-03-13"/>
<dc element="dc.source" value="Reuters"/>
<dc element="dc.creator.location" value="MINNEAPOLIS"/>
<dc element="dc.creator.location.country.name" value="USA"/>
<dc element="dc.source" value="Reuters"/>
</metadata>
</newsitem>
