<?xml version="1.0" encoding="iso-8859-1" ?>
<newsitem itemid="438524" id="root" date="1997-03-13" xml:lang="en">
<title>USA: ThermoSpectra acquires Park Scientific.</title>
<headline>ThermoSpectra acquires Park Scientific.</headline>
<dateline>WALTHAM, Mass. 1997-03-13</dateline>
<text>
<p>ThermoSpectra Corp said on Thursday it has acquired all of the shares of Park Scientific Instruments Corp for approximately $17 million in cash, subject to a post-closing adjustment.</p>
<p>ThermoSpectra, a publicly traded unit of Thermo Instrument Systems Inc, said it assumed Park Scientific stock options, exercisable into 183,940 shares of ThermoSpectra common stock with a weighted average exercise price of $3.44, for an aggregate value of approximately $2 million.</p>
<p>Park Scientific makes scanning probe microscopes, including vacuum, ambient air, and liquid cell systems, the company said.</p>
</text>
<copyright>(c) Reuters Limited 1997</copyright>
<metadata>
<codes class="bip:countries:1.0">
  <code code="USA">
    <editdetail attribution="Reuters BIP Coding Group" action="confirmed" date="1997-03-13"/>
  </code>
</codes>
<codes class="bip:industries:1.0">
  <code code="I34420">
    <editdetail attribution="Reuters BIP Coding Group" action="confirmed" date="1997-03-13"/>
  </code>
</codes>
<codes class="bip:topics:1.0">
  <code code="C18">
    <editdetail attribution="Reuters BIP Coding Group" action="confirmed" date="1997-03-13"/>
  </code>
  <code code="C181">
    <editdetail attribution="Reuters BIP Coding Group" action="confirmed" date="1997-03-13"/>
  </code>
  <code code="CCAT">
    <editdetail attribution="Reuters BIP Coding Group" action="confirmed" date="1997-03-13"/>
  </code>
</codes>
<dc element="dc.date.created" value="1997-03-13"/>
<dc element="dc.publisher" value="Reuters Holdings Plc"/>
<dc element="dc.date.published" value="1997-03-13"/>
<dc element="dc.source" value="Reuters"/>
<dc element="dc.creator.location" value="WALTHAM, Mass."/>
<dc element="dc.creator.location.country.name" value="USA"/>
<dc element="dc.source" value="Reuters"/>
</metadata>
</newsitem>
