<?xml version="1.0" encoding="iso-8859-1" ?>
<newsitem itemid="438583" id="root" date="1997-03-13" xml:lang="en">
<title>USA: Panaco Inc Q4 net loss narrows.</title>
<headline>Panaco Inc Q4 net loss narrows.</headline>
<dateline>KANSAS CITY, Mo. 1997-03-13</dateline>
<text>
<p>1996			1995</p>
<p> Shr	  loss	  $0.11     loss	 $0.60</p>
<p> Net	  loss	  1,421     loss	 6,798</p>
<p> Revs			 6,806		    4,787</p>
<p> Avg shrs		  14,198		   11,141</p>
<p>	  12 MONTHS</p>
<p> Shr	  loss	  $0.16     loss	 $0.81</p>
<p> Net	  loss	  2,039     loss	 9,290</p>
<p> Revs			20,063		   18,447</p>
<p> Avg shrs		  12,742		   11,505</p>
<p>(All data above 000s except per share numbers)</p>
<p>((--Chicago newsdesk, 312-408-8787))</p>
</text>
<copyright>(c) Reuters Limited 1997</copyright>
<metadata>
<codes class="bip:countries:1.0">
  <code code="USA">
    <editdetail attribution="Reuters BIP Coding Group" action="confirmed" date="1997-03-13"/>
  </code>
</codes>
<codes class="bip:industries:1.0">
  <code code="I13000">
    <editdetail attribution="Reuters BIP Coding Group" action="confirmed" date="1997-03-13"/>
  </code>
</codes>
<codes class="bip:topics:1.0">
  <code code="C15">
    <editdetail attribution="Reuters BIP Coding Group" action="confirmed" date="1997-03-13"/>
  </code>
  <code code="C151">
    <editdetail attribution="Reuters BIP Coding Group" action="confirmed" date="1997-03-13"/>
  </code>
  <code code="C1511">
    <editdetail attribution="Reuters BIP Coding Group" action="confirmed" date="1997-03-13"/>
  </code>
  <code code="CCAT">
    <editdetail attribution="Reuters BIP Coding Group" action="confirmed" date="1997-03-13"/>
  </code>
</codes>
<dc element="dc.date.created" value="1997-03-13"/>
<dc element="dc.publisher" value="Reuters Holdings Plc"/>
<dc element="dc.date.published" value="1997-03-13"/>
<dc element="dc.source" value="Reuters"/>
<dc element="dc.creator.location" value="KANSAS CITY, Mo."/>
<dc element="dc.creator.location.country.name" value="USA"/>
<dc element="dc.source" value="Reuters"/>
</metadata>
</newsitem>
