<?xml version="1.0" encoding="iso-8859-1" ?>
<newsitem itemid="438558" id="root" date="1997-03-13" xml:lang="en">
<title>USA: Not sure if U.S. economy growing too fast--Rivlin.</title>
<headline>Not sure if U.S. economy growing too fast--Rivlin.</headline>
<dateline>WASHINGTON 1997-03-13</dateline>
<text>
<p>Federal Reserve Vice Chairwoman Alice Rivlin on Thursday said she was not certain if the U.S. economy was growing at a higher-than-sustainable rate.</p>
<p>&quot;That's what we're not sure of,&quot; Rivlin told reporters in response to a question about whether the economy was &quot;perking along&quot; at a sustainable pace.</p>
<p>She further added that the Fed had &quot;no magic number&quot; for a target gross domestic product growth rate.</p>
<p>Concerning the current economic picture, she said, &quot;We have to look to see what is happening in the economy, how all the pieces fit together.&quot;</p>
<p>Rivlin spoke with reporters after addressing a conference of the National Community Reinvestment Coalition.</p>
</text>
<copyright>(c) Reuters Limited 1997</copyright>
<metadata>
<codes class="bip:countries:1.0">
  <code code="USA">
    <editdetail attribution="Reuters BIP Coding Group" action="confirmed" date="1997-03-13"/>
  </code>
</codes>
<codes class="bip:topics:1.0">
  <code code="E11">
    <editdetail attribution="Reuters BIP Coding Group" action="confirmed" date="1997-03-13"/>
  </code>
  <code code="E12">
    <editdetail attribution="Reuters BIP Coding Group" action="confirmed" date="1997-03-13"/>
  </code>
  <code code="ECAT">
    <editdetail attribution="Reuters BIP Coding Group" action="confirmed" date="1997-03-13"/>
  </code>
</codes>
<dc element="dc.date.created" value="1997-03-13"/>
<dc element="dc.publisher" value="Reuters Holdings Plc"/>
<dc element="dc.date.published" value="1997-03-13"/>
<dc element="dc.source" value="Reuters"/>
<dc element="dc.creator.location" value="WASHINGTON"/>
<dc element="dc.creator.location.country.name" value="USA"/>
<dc element="dc.source" value="Reuters"/>
</metadata>
</newsitem>
