<?xml version="1.0" encoding="iso-8859-1" ?>
<newsitem itemid="438576" id="root" date="1997-03-13" xml:lang="en">
<title>USA: US Feb stock funds net new cash flow $19.5 bln-ICI.</title>
<headline>US Feb stock funds net new cash flow $19.5 bln-ICI.</headline>
<dateline>WASHINGTON 1997-03-13</dateline>
<text>
<p>Net U.S. stock mutual fund flows were estimated at $19.5 billion in February, the Investment Company Institute said Thursday.</p>
<p>The ICI said in a statement stock mutual fund estimates in January were revised down to $29.1 billion from $29.4 billion.  </p>
<p>ICI said bond and income flows were $2 billion in February compared with a revised $3.4 billion in January. January bond and income flows were previously reported at $2.9 billion.</p>
<p>ICI said net new cash flow to long-term mutual funds was estimated at $21.5 billion last month, compared with revised actual flows of $32.5 billion in January that were previously reported as $32.3 billion. Long-term mutual funds include stock, bond and income.</p>
<p>ICI said its monthly estimates are based on a survey of long-term funds that account for about 97 percent of long-term mutual fund assets.</p>
<p>Revisions to net new cash flows are provided to account for errors in new sales and redemption data reported to the institute, ICI said.</p>
</text>
<copyright>(c) Reuters Limited 1997</copyright>
<metadata>
<codes class="bip:countries:1.0">
  <code code="USA">
    <editdetail attribution="Reuters BIP Coding Group" action="confirmed" date="1997-03-13"/>
  </code>
</codes>
<codes class="bip:industries:1.0">
  <code code="I81502">
    <editdetail attribution="Reuters BIP Coding Group" action="confirmed" date="1997-03-13"/>
  </code>
  <code code="I8150214">
    <editdetail attribution="Reuters BIP Coding Group" action="confirmed" date="1997-03-13"/>
  </code>
</codes>
<codes class="bip:topics:1.0">
  <code code="C15">
    <editdetail attribution="Reuters BIP Coding Group" action="confirmed" date="1997-03-13"/>
  </code>
  <code code="C151">
    <editdetail attribution="Reuters BIP Coding Group" action="confirmed" date="1997-03-13"/>
  </code>
  <code code="CCAT">
    <editdetail attribution="Reuters BIP Coding Group" action="confirmed" date="1997-03-13"/>
  </code>
</codes>
<dc element="dc.date.created" value="1997-03-13"/>
<dc element="dc.publisher" value="Reuters Holdings Plc"/>
<dc element="dc.date.published" value="1997-03-13"/>
<dc element="dc.source" value="Reuters"/>
<dc element="dc.creator.location" value="WASHINGTON"/>
<dc element="dc.creator.location.country.name" value="USA"/>
<dc element="dc.source" value="Reuters"/>
</metadata>
</newsitem>
