<?xml version="1.0" encoding="iso-8859-1" ?>
<newsitem itemid="438512" id="root" date="1997-03-13" xml:lang="en">
<title>USA: U.S. mortgage-backeds slide lower with Treasuries.</title>
<headline>U.S. mortgage-backeds slide lower with Treasuries.</headline>
<dateline>NEW YORK 1997-03-13</dateline>
<text>
<p>U.S. mortgage-backed securities turned sharply lower on Thursday, but yield spreads over Treasuries narrowed.</p>
<p>Heightened fears of an interest-rate hike at the March 25 Federal Reserve policy meeting drove the faster decline in Treasuries, analysts said.</p>
<p>Declines in mortgages were less-pronounced, as pass-throughs took their cues from Treasuries, mortgage traders said.</p>
<p>&quot;There's been buying of premium paper, as usually happens in these situations,&quot; one trader said.  </p>
<p>In a bear market, prices of shorter-duration mortgages tend to be more stable than the longer-duration, lower-coupon issues, according to analysts.</p>
<p>In key coupons, Ginnie Mae 30-year 7.5 percent paper was off 13/32 at 99-12/32, yielding 101 basis points over the 10-year Treasury note.</p>
<p>Comparable Fannie Mae issues were off 14/32 at 99-12/32 and Freddie Mac paper was off 13/32 at 99-19/32.</p>
<p>The 10-year Treasury note was off 22/32 at 6.71 percent.</p>
<p>Talk of a Fed tightening resurfaced in the wake of a strong revision to January retail sales.</p>
<p>(( -- Scott Gerlach, 212-859-1660 ))</p>
</text>
<copyright>(c) Reuters Limited 1997</copyright>
<metadata>
<codes class="bip:countries:1.0">
  <code code="USA">
    <editdetail attribution="Reuters BIP Coding Group" action="confirmed" date="1997-03-13"/>
  </code>
</codes>
<codes class="bip:topics:1.0">
  <code code="M12">
    <editdetail attribution="Reuters BIP Coding Group" action="confirmed" date="1997-03-13"/>
  </code>
  <code code="MCAT">
    <editdetail attribution="Reuters BIP Coding Group" action="confirmed" date="1997-03-13"/>
  </code>
</codes>
<dc element="dc.date.created" value="1997-03-13"/>
<dc element="dc.publisher" value="Reuters Holdings Plc"/>
<dc element="dc.date.published" value="1997-03-13"/>
<dc element="dc.source" value="Reuters"/>
<dc element="dc.creator.location" value="NEW YORK"/>
<dc element="dc.creator.location.country.name" value="USA"/>
<dc element="dc.source" value="Reuters"/>
</metadata>
</newsitem>
