<?xml version="1.0" encoding="iso-8859-1" ?>
<newsitem itemid="438582" id="root" date="1997-03-13" xml:lang="en">
<title>USA: TCBY sees 1997 food, equipment revs rising.</title>
<headline>TCBY sees 1997 food, equipment revs rising.</headline>
<dateline>LITTLE ROCK, Ark. 1997-03-13</dateline>
<text>
<p>TCBY Enterprises Inc said on Thursday it expects revenues from food product and equipment sales to increase in 1997 due to continued expansion of co-branded locations and other manufacturing opportunities.</p>
<p>The company also said its executive management team members will only receive their full incentive bonuses if TCBY attains net income per share of $0.34 in 1997, which would be a 30 percent increase over 1996.</p>
</text>
<copyright>(c) Reuters Limited 1997</copyright>
<metadata>
<codes class="bip:countries:1.0">
  <code code="USA">
    <editdetail attribution="Reuters BIP Coding Group" action="confirmed" date="1997-03-13"/>
  </code>
</codes>
<codes class="bip:industries:1.0">
  <code code="I66100">
    <editdetail attribution="Reuters BIP Coding Group" action="confirmed" date="1997-03-13"/>
  </code>
</codes>
<codes class="bip:topics:1.0">
  <code code="C15">
    <editdetail attribution="Reuters BIP Coding Group" action="confirmed" date="1997-03-13"/>
  </code>
  <code code="C152">
    <editdetail attribution="Reuters BIP Coding Group" action="confirmed" date="1997-03-13"/>
  </code>
  <code code="CCAT">
    <editdetail attribution="Reuters BIP Coding Group" action="confirmed" date="1997-03-13"/>
  </code>
</codes>
<dc element="dc.date.created" value="1997-03-13"/>
<dc element="dc.publisher" value="Reuters Holdings Plc"/>
<dc element="dc.date.published" value="1997-03-13"/>
<dc element="dc.source" value="Reuters"/>
<dc element="dc.creator.location" value="LITTLE ROCK, Ark."/>
<dc element="dc.creator.location.country.name" value="USA"/>
<dc element="dc.source" value="Reuters"/>
</metadata>
</newsitem>
