<?xml version="1.0" encoding="iso-8859-1" ?>
<newsitem itemid="438542" id="root" date="1997-03-13" xml:lang="en">
<title>USA: Con Edison agrees on rate cuts.</title>
<headline>Con Edison agrees on rate cuts.</headline>
<dateline>NEW YORK 1997-03-13</dateline>
<text>
<p>Consolidated Edison Co of New York Inc said Thursday it has signed an agreement with the staff of the New York State Public Service Commission and other parties to reduce electric rates.</p>
<p>The agreement is also expected to accelerate the development of a competitive electric market in New York City and Westchester County, and enable the utility to participate more broadly in evolving energy markets, the company said.</p>
<p>Joining in the agreement, spokesman Richard Mulleri said, were the utility workers and group representing low income consumers and commercial power users.  </p>
<p>Operating under this agreement &quot;will present major challenges,&quot; chief executive Eugene R. McGrath said.</p>
<p>&quot;Because the costs to serve our customers are certain to rise, we will need to absorb the increases without letting service deteriorate. We intend to accomplish this through several measures, including continuing efforts to reduce costs and improve efficiencies.</p>
<p>&quot;The agreement,&quot; McGrath continued, &quot;does give us a reasonable opportunity to grow our business by providing customers with additional services and by expanding into new, competitive markets.&quot;  </p>
<p>Con Edison said the agreement features a five-year rate reduction plan that calls for a 25 percent rate decrease for large industrial customers, effective April 1997.</p>
<p>It also provides, over the period covered by the plan, a 10 percent rate decrease for large commercial customers, like hospitals and office buildings, and a 3.3-percent rate reduction for small businesses and residential customers.</p>
<p>The utility said all customers will see additional reductions if New York State and other government authorities reduce taxes that Con Edison is required to collect from its customers in their energy bills.  </p>
<p>Under the agreement, Con Edison said, it will implement full &quot;retail access&quot; during a five-year transition period.</p>
<p>A small number of large customers will be permitted to choose alternative energy suppliers before the end of this year, it said. The program will be expanded next year to include up to 60,000 customers whose electric usage is about 500 megawatts. The program will be expanded further each year.</p>
<p>Con Edison said it is committed to selling at least one-half of its in-city electric generating capacity. A specific divestiture plan will be filed with regulators within one year after the commission approves the agreement.</p>
<p>The agreement also allows Con Edison, with the approval of its shareholders, to form a new corporate structure that initially will consist of a holding company with four subsidiaries -- one regulated and three unregulated.</p>
<p>It said the regulated subsidiary will provide transmission and distribution of electricity, as Con Edison does now, to all customers in its service area. Two of the unregulated subsidiaries will compete in the generation and energy services businesses, both inside and outside of the Con Edison service area. A third will invest in energy-related projects worldwide. ((-- Jim Brumm 212-859-1710.))</p>
</text>
<copyright>(c) Reuters Limited 1997</copyright>
<metadata>
<codes class="bip:countries:1.0">
  <code code="USA">
    <editdetail attribution="Reuters BIP Coding Group" action="confirmed" date="1997-03-13"/>
  </code>
</codes>
<codes class="bip:industries:1.0">
  <code code="I16100">
    <editdetail attribution="Reuters BIP Coding Group" action="confirmed" date="1997-03-13"/>
  </code>
</codes>
<codes class="bip:topics:1.0">
  <code code="C13">
    <editdetail attribution="Reuters BIP Coding Group" action="confirmed" date="1997-03-13"/>
  </code>
  <code code="C31">
    <editdetail attribution="Reuters BIP Coding Group" action="confirmed" date="1997-03-13"/>
  </code>
  <code code="CCAT">
    <editdetail attribution="Reuters BIP Coding Group" action="confirmed" date="1997-03-13"/>
  </code>
</codes>
<dc element="dc.date.created" value="1997-03-13"/>
<dc element="dc.publisher" value="Reuters Holdings Plc"/>
<dc element="dc.date.published" value="1997-03-13"/>
<dc element="dc.source" value="Reuters"/>
<dc element="dc.creator.location" value="NEW YORK"/>
<dc element="dc.creator.location.country.name" value="USA"/>
<dc element="dc.source" value="Reuters"/>
</metadata>
</newsitem>
