<?xml version="1.0" encoding="iso-8859-1" ?>
<newsitem itemid="438586" id="root" date="1997-03-13" xml:lang="en">
<title>USA: Aceto names Schwartz as CEO and chairman.</title>
<headline>Aceto names Schwartz as CEO and chairman.</headline>
<dateline>LAKE SUCCESS, N.Y. 1997-03-13</dateline>
<text>
<p>Aceto Corp said Thursday that Leonard Schwartz, 51, president, was also named chief executive officer and chairman, effective July 1. Schwartz joined Aceto in 1969 and has been president since 1996.</p>
<p>He will replace Arnold Frankel who is retiring from these positions. Frankel, 75, co-founded Aceto 50 years ago, in 1947.</p>
<p>Aceto is an international marketer of fine, industrial and pharmaceutical chemicals.</p>
</text>
<copyright>(c) Reuters Limited 1997</copyright>
<metadata>
<codes class="bip:countries:1.0">
  <code code="USA">
    <editdetail attribution="Reuters BIP Coding Group" action="confirmed" date="1997-03-13"/>
  </code>
</codes>
<codes class="bip:industries:1.0">
  <code code="I25000">
    <editdetail attribution="Reuters BIP Coding Group" action="confirmed" date="1997-03-13"/>
  </code>
</codes>
<codes class="bip:topics:1.0">
  <code code="C41">
    <editdetail attribution="Reuters BIP Coding Group" action="confirmed" date="1997-03-13"/>
  </code>
  <code code="C411">
    <editdetail attribution="Reuters BIP Coding Group" action="confirmed" date="1997-03-13"/>
  </code>
  <code code="CCAT">
    <editdetail attribution="Reuters BIP Coding Group" action="confirmed" date="1997-03-13"/>
  </code>
</codes>
<dc element="dc.date.created" value="1997-03-13"/>
<dc element="dc.publisher" value="Reuters Holdings Plc"/>
<dc element="dc.date.published" value="1997-03-13"/>
<dc element="dc.source" value="Reuters"/>
<dc element="dc.creator.location" value="LAKE SUCCESS, N.Y."/>
<dc element="dc.creator.location.country.name" value="USA"/>
<dc element="dc.source" value="Reuters"/>
</metadata>
</newsitem>
