<?xml version="1.0" encoding="iso-8859-1" ?>
<newsitem itemid="438529" id="root" date="1997-03-13" xml:lang="en">
<title>USA: US bank stocks clobbered by interest rate fears.</title>
<headline>US bank stocks clobbered by interest rate fears.</headline>
<dateline>NEW YORK 1997-03-13</dateline>
<text>
<p>Bank stocks took even more of a beating than the broader markets Thursday, in response to higher interest rates in the bond markets, analysts said.</p>
<p>While the Dow Jones Industrial Average fell 101.21 points to 6938.16, Citicorp tumbled 3-7/8 to 118-3/4.</p>
<p>NationsBank Corp was off 2-5/8 at 60-1/8 and Chase Manhattan Corp was down 2-3/4 to 101.</p>
<p>&quot;Banks are down; all stocks are down; the world is down,&quot; said Raphael Soifer, an analyst at Brown Brothers Harriman.</p>
<p>&quot;But banks are having a very bad day because bonds are down and there's some interest rate fears,&quot; he said.  </p>
<p>The 30-year bond was off 1-5/32 to yield 6.98 percent in afternoon trade.</p>
<p>Bob Becker, an analyst with Argus Research said &quot;The pullback in bank and financial stocks reflects the increase in bond yields that we have seen throughout the day.  The market is taking the position that 'Gee, the economy is very strong -- and the door for interest rate increases is still open.' That's a typical reaction,&quot; he continued.</p>
<p>But Becker questions whether that reaction is justified.</p>
<p>&quot;The banking industry is still strong,&quot; he maintained.</p>
<p>Soifer said the drop in bank stocks is also related to profit taking from earlier in the week.</p>
<p>((S. Spielberg 212 859-1610))</p>
</text>
<copyright>(c) Reuters Limited 1997</copyright>
<metadata>
<codes class="bip:countries:1.0">
  <code code="USA">
    <editdetail attribution="Reuters BIP Coding Group" action="confirmed" date="1997-03-13"/>
  </code>
</codes>
<codes class="bip:industries:1.0">
  <code code="I81402">
    <editdetail attribution="Reuters BIP Coding Group" action="confirmed" date="1997-03-13"/>
  </code>
</codes>
<codes class="bip:topics:1.0">
  <code code="C15">
    <editdetail attribution="Reuters BIP Coding Group" action="confirmed" date="1997-03-13"/>
  </code>
  <code code="C152">
    <editdetail attribution="Reuters BIP Coding Group" action="confirmed" date="1997-03-13"/>
  </code>
  <code code="CCAT">
    <editdetail attribution="Reuters BIP Coding Group" action="confirmed" date="1997-03-13"/>
  </code>
</codes>
<dc element="dc.date.created" value="1997-03-13"/>
<dc element="dc.publisher" value="Reuters Holdings Plc"/>
<dc element="dc.date.published" value="1997-03-13"/>
<dc element="dc.source" value="Reuters"/>
<dc element="dc.creator.location" value="NEW YORK"/>
<dc element="dc.creator.location.country.name" value="USA"/>
<dc element="dc.source" value="Reuters"/>
</metadata>
</newsitem>
