<?xml version="1.0" encoding="iso-8859-1" ?>
<newsitem itemid="438630" id="root" date="1997-03-13" xml:lang="en">
<title>USA: ALPINE SKIING-RESULTS OF WOMEN'S SUPER-G AT WORLD CUP FINALS.</title>
<headline>ALPINE SKIING-RESULTS OF WOMEN'S SUPER-G AT WORLD CUP FINALS.</headline>
<dateline>VAIL, Colorado 1997-03-13</dateline>
<text>
<p>Results of the women's</p>
<p>Super-G at the World Cup Finals on Thursday:</p>
<p>1. Katja Seizinger (Germany) one minute 15.73 seconds</p>
<p>  2. Hilde Gerg (Germany)		   1:16.53</p>
<p>  3. Martina Ertl (Germany)		 1:17.01</p>
<p>  4. Ingeborg Helen Marken (Norway)     1:17.07</p>
<p>  5. Florence Masnada (France)	    1:17.28</p>
<p>  6. Laetitia Dalloz (France)	     1:17.45</p>
<p>  7. Regina Haeusl (Germany)		1:17.46</p>
<p>  8. Regine Cavagnoud (France)	    1:17.50</p>
<p>  9. Carole Montillet (France)	    1:17.69</p>
<p> 10. Catherine Borghi (Switzerland)     1:17.76</p>
<p> 11. Karen Putzer (Italy)		   1:17.79</p>
<p> 12. Katharina Gutensohn (Germany)	1:17.83</p>
<p> 13. Svetlana Gladishiva (Russia)	 1:17.88</p>
<p> 14. Miriam Vogt (Germany)		  1:17.94</p>
<p> 15. Warwara Zelenskaja (Russia)	  1:18.01</p>
<p> 16. Alexandra Meissnitzer (Austria)    1:18.08</p>
<p> 17. Bibiana Perez (Italy)		  1:18.16</p>
<p> 18. Stefanie Schuster (Austria)	  1:18.25</p>
<p> 19. Anita Wachter (Austria)		1:18.37</p>
<p> 20. Michaela Dorfmeister (Austria)     1:18.57</p>
<p>Did not finish</p>
<p>Madlen Brigger-Summermatter (Switzerland)</p>
<p>Heidi Zurbriggen (Switzerland)</p>
<p>Isolde Kostner (Italy)</p>
<p>Pernilla Wiberg (Sweden)</p>
<p>Renate Goetschl (Austria)</p>
</text>
<copyright>(c) Reuters Limited 1997</copyright>
<metadata>
<codes class="bip:countries:1.0">
  <code code="USA">
    <editdetail attribution="Reuters BIP Coding Group" action="confirmed" date="1997-03-13"/>
  </code>
</codes>
<codes class="bip:topics:1.0">
  <code code="GCAT">
    <editdetail attribution="Reuters BIP Coding Group" action="confirmed" date="1997-03-13"/>
  </code>
  <code code="GSPO">
    <editdetail attribution="Reuters BIP Coding Group" action="confirmed" date="1997-03-13"/>
  </code>
</codes>
<dc element="dc.date.created" value="1997-03-13"/>
<dc element="dc.publisher" value="Reuters Holdings Plc"/>
<dc element="dc.date.published" value="1997-03-13"/>
<dc element="dc.source" value="Reuters"/>
<dc element="dc.creator.location" value="VAIL, Colorado"/>
<dc element="dc.creator.location.country.name" value="USA"/>
<dc element="dc.source" value="Reuters"/>
</metadata>
</newsitem>
