<?xml version="1.0" encoding="iso-8859-1" ?>
<newsitem itemid="438619" id="root" date="1997-03-13" xml:lang="en">
<title>USA: ALPINE SKIING-PROFILE OF WOMEN'S SUPER-G WINNER SEIZINGER.</title>
<headline>ALPINE SKIING-PROFILE OF WOMEN'S SUPER-G WINNER SEIZINGER.</headline>
<dateline>VAIL, Colorado 1997-03-13</dateline>
<text>
<p>Following is a brief profile of the winner of the women's Super-G race at the World Cup Finals on Thursday:</p>
<p>Name: Katja Seizinger</p>
<p>Age: 24</p>
<p>Nationality: German</p>
<p>World Cup wins: 28, downhill-12, giant slalom-4, Super-G-12. Wins this season - downhill at Lake Louise, giant slalom at Solden, Super-G at Mammoth Mountain and Vail Other feats: Moved to fifth place on all-time World Cup wins list. Finished second this season in both the downhill and Super-G standings and is second in the overall. Saw string of four successive Super-G crowns snapped by compatriot Hilde Gerg in Thursday's final race. 1996 overall World Cup champion. Won 1994 Olympic downhill gold. Won 1993 world championship Super-G.</p>
</text>
<copyright>(c) Reuters Limited 1997</copyright>
<metadata>
<codes class="bip:countries:1.0">
  <code code="GFR">
    <editdetail attribution="Reuters BIP Coding Group" action="confirmed" date="1997-03-13"/>
  </code>
  <code code="USA">
    <editdetail attribution="Reuters BIP Coding Group" action="confirmed" date="1997-03-13"/>
  </code>
</codes>
<codes class="bip:topics:1.0">
  <code code="GCAT">
    <editdetail attribution="Reuters BIP Coding Group" action="confirmed" date="1997-03-13"/>
  </code>
  <code code="GSPO">
    <editdetail attribution="Reuters BIP Coding Group" action="confirmed" date="1997-03-13"/>
  </code>
</codes>
<dc element="dc.date.created" value="1997-03-13"/>
<dc element="dc.publisher" value="Reuters Holdings Plc"/>
<dc element="dc.date.published" value="1997-03-13"/>
<dc element="dc.source" value="Reuters"/>
<dc element="dc.creator.location" value="VAIL, Colorado"/>
<dc element="dc.creator.location.country.name" value="USA"/>
<dc element="dc.source" value="Reuters"/>
</metadata>
</newsitem>
