<?xml version="1.0" encoding="iso-8859-1" ?>
<newsitem itemid="438667" id="root" date="1997-03-13" xml:lang="en">
<title>SOUTH AFRICA: CRICKET-BUOYANT AUSTRALIA 'JUST CAN'T LOSE' - WAUGH.</title>
<headline>CRICKET-BUOYANT AUSTRALIA 'JUST CAN'T LOSE' - WAUGH.</headline>
<dateline>PORT ELIZABETH, South Africa 1997-03-13</dateline>
<text>
<p>Steve Waugh, who says Australia &quot;just can't lose at the moment&quot;, epitomises his team's mounting confidence on the eve of the second test against South Africa starting on Friday.</p>
<p>Waugh played a crucial role in Australia's victory by an innings and 196 runs in the first test of the three-match series in Johannesburg last week, and he believes South Africa cannot recover from that drubbing.</p>
<p>&quot;We just can't lose at the moment. We are on a roll. I know that's a big statement but if we play like we did at the Wanderers then South Africa just cannot win,&quot; said Waugh.</p>
<p>All-rounder Waugh's 160 and his record-breaking partnership of 385 with Greg Blewett were key elements in Australia's win in the opening test.</p>
<p>Waugh's upbeat mood was reflected by his captain Mark Taylor, who said on Thursday: &quot;If we can continue playing like we did in the first test, which was pretty much to this team's full potential, then we will be very difficult to beat.&quot;</p>
<p>Victory in the second test would give Australia a winning 2-0 series lead and confirm them as unofficial world test champions. Their successes in the past two years include winning home and away series against West Indies and a home series against Pakistan.</p>
<p>With Taylor passing a fitness test on Wednesday after back trouble, Australia will be unchanged from the first test. &quot;It's difficult to change a team that has won by an innings and 200 runs,&quot; said Taylor.</p>
<p>South African captain Hansie Cronje has not made excuses about the Johannesburg defeat, and says his side are ready to fight back.</p>
<p>&quot;They (Australia) have every reason to be so confident but they are making a mistake if they think we will lie down again,&quot; said Cronje. &quot;We are fighters and we will bounce back. Hopefully their confidence extends to over-confidence.&quot;</p>
<p>South Africa have replaced opener Andrew Hudson with in-form Adam Bacher and seem almost certain to play Herschelle Gibbs as a sixth specialist batsman, with all rounder Brian McMillan at number seven.</p>
<p>&quot;The batting has been a problem all summer and Herschelle is the man in form,&quot; said coach Bob Woolmer. &quot;It's a fair assumption that he's not just here to carry the drinks.&quot;</p>
<p>If South Africa do spring a surprise it will be with their choice of spinner. Craggy Pat Symcox, almost 37 but as combative</p>
</text>
<copyright>(c) Reuters Limited 1997</copyright>
<metadata>
<codes class="bip:countries:1.0">
  <code code="AUSTR">
    <editdetail attribution="Reuters BIP Coding Group" action="confirmed" date="1997-03-13"/>
  </code>
  <code code="SAFR">
    <editdetail attribution="Reuters BIP Coding Group" action="confirmed" date="1997-03-13"/>
  </code>
</codes>
<codes class="bip:topics:1.0">
  <code code="GCAT">
    <editdetail attribution="Reuters BIP Coding Group" action="confirmed" date="1997-03-13"/>
  </code>
  <code code="GSPO">
    <editdetail attribution="Reuters BIP Coding Group" action="confirmed" date="1997-03-13"/>
  </code>
</codes>
<dc element="dc.date.created" value="1997-03-13"/>
<dc element="dc.publisher" value="Reuters Holdings Plc"/>
<dc element="dc.date.published" value="1997-03-13"/>
<dc element="dc.source" value="Reuters"/>
<dc element="dc.creator.location" value="PORT ELIZABETH, South Africa"/>
<dc element="dc.creator.location.country.name" value="SOUTH AFRICA"/>
<dc element="dc.source" value="Reuters"/>
</metadata>
</newsitem>
