<?xml version="1.0" encoding="iso-8859-1" ?>
<newsitem itemid="438698" id="root" date="1997-03-13" xml:lang="en">
<title>SPAIN: SOCCER-ESPANYOL SACK COACH MIERA.</title>
<headline>SOCCER-ESPANYOL SACK COACH MIERA.</headline>
<dateline>MADRID 1997-03-13</dateline>
<text>
<p>Struggling Spanish first division side Espanyol sacked coach Vicente Miera on Thursday and replaced him with reserve coach Paco Flores.</p>
<p>Hid dismissal followed the team's Spanish Cup defeat by second division Las Palmas on Wednesday.</p>
<p>Espanyol have slumped to 20th in the league after finishing fourth last year.</p>
</text>
<copyright>(c) Reuters Limited 1997</copyright>
<metadata>
<codes class="bip:countries:1.0">
  <code code="SPAIN">
    <editdetail attribution="Reuters BIP Coding Group" action="confirmed" date="1997-03-13"/>
  </code>
</codes>
<codes class="bip:topics:1.0">
  <code code="GCAT">
    <editdetail attribution="Reuters BIP Coding Group" action="confirmed" date="1997-03-13"/>
  </code>
  <code code="GSPO">
    <editdetail attribution="Reuters BIP Coding Group" action="confirmed" date="1997-03-13"/>
  </code>
</codes>
<dc element="dc.date.created" value="1997-03-13"/>
<dc element="dc.publisher" value="Reuters Holdings Plc"/>
<dc element="dc.date.published" value="1997-03-13"/>
<dc element="dc.source" value="Reuters"/>
<dc element="dc.creator.location" value="MADRID"/>
<dc element="dc.creator.location.country.name" value="SPAIN"/>
<dc element="dc.source" value="Reuters"/>
</metadata>
</newsitem>
