<?xml version="1.0" encoding="iso-8859-1" ?>
<newsitem itemid="438644" id="root" date="1997-03-13" xml:lang="en">
<title>USA: ALPINE SKIING-NEW MEN'S DOWNHILL FOR 1999 WORLD CHAMPIONSHIPS.</title>
<headline>ALPINE SKIING-NEW MEN'S DOWNHILL FOR 1999 WORLD CHAMPIONSHIPS.</headline>
<byline>Larry Fine</byline>
<dateline>VAIL, Colorado 1997-03-12</dateline>
<text>
<p>Stung by criticism of the International downhill course on Vail Mountain, organisers unveiled plans Wednesday for a new downhill to be carved out of Beaver Creek Resort in time for the 1999 world championships.</p>
<p>Former Olympic champion Bernhard Russi, the downhill technical advisor for the International Ski Federation (FIS), is overseeing the design and construction of the new &quot;Birds of Prey&quot; course, to be used for the men's downhill.</p>
<p>&quot;The goal for this downhill is to find a challenging course that will identify the best skier in the world at the world championships,&quot; said Russi. &quot;The public on course and watching on TV should feel the excitement and difficulty of our sport.</p>
<p>&quot;I think we have done it with Birds of Prey.&quot;</p>
<p>The course is set high on the mountain with the start at an elevation of 11,424 feet (3,482-meters) and will finish at the bottom of Red Tail at 8,964 feet (2,732 meters). Spectators will use lifts and shuttle buses to reach the finish area.</p>
<p>The vertical drop of the course will be 2,460 feet (750 meters) with an average gradient of 27 percent, increasing to 45 percent in sections. Skiers should average about 60 miles per hour (100 kph) and reach top speeds of 90 mph (150 kph).</p>
<p>&quot;There are four parts to the course,&quot; said Russi. &quot;The first part is flat for about 400 yards (meters). After that, it's over. The rest is a fight.</p>
<p>&quot;The next section will be a fight against speed. We have to put three or four turns in, and quite tight ones, to control speed.</p>
<p>&quot;The next quarter gets faster and faster and the last quarter is what we all like about downhill -- flying. There are lots of jumps and every one is different.&quot;</p>
<p>Russi said the view from the finish was &quot;spectacular&quot; and that fans would be able to follow the race for 30 to 50 seconds.</p>
<p>The course may be considered somewhat short and the winning time figures to be between 1:35 and 1:40, but Russi felt confident it would become the preeminent downhill in the United States and among the best in the world.</p>
<p>&quot;Birds of Prey will be counted as one of the most modern and demanding courses in the world,&quot; he said.</p>
<p>Organisers plan to stage a World Cup downhill and a Super-G test event in early December next season.</p>
</text>
<copyright>(c) Reuters Limited 1997</copyright>
<metadata>
<codes class="bip:countries:1.0">
  <code code="USA">
    <editdetail attribution="Reuters BIP Coding Group" action="confirmed" date="1997-03-13"/>
  </code>
</codes>
<codes class="bip:topics:1.0">
  <code code="GCAT">
    <editdetail attribution="Reuters BIP Coding Group" action="confirmed" date="1997-03-13"/>
  </code>
  <code code="GSPO">
    <editdetail attribution="Reuters BIP Coding Group" action="confirmed" date="1997-03-13"/>
  </code>
</codes>
<dc element="dc.date.created" value="1997-03-12"/>
<dc element="dc.publisher" value="Reuters Holdings Plc"/>
<dc element="dc.date.published" value="1997-03-13"/>
<dc element="dc.source" value="Reuters"/>
<dc element="dc.creator.location" value="VAIL, Colorado"/>
<dc element="dc.creator.location.country.name" value="USA"/>
<dc element="dc.source" value="Reuters"/>
</metadata>
</newsitem>
