<?xml version="1.0" encoding="iso-8859-1" ?>
<newsitem itemid="438627" id="root" date="1997-03-13" xml:lang="en">
<title>ITALY: CYCLING-LEONI'S LUCK CHANGES IN TIRRENO-ADRIATICO.</title>
<headline>CYCLING-LEONI'S LUCK CHANGES IN TIRRENO-ADRIATICO.</headline>
<dateline>VENAFRO, Italy 1997-03-13</dateline>
<text>
<p>Endrio Leoni, who had contemplated giving up cycling to work in his family's restaurant after two years of bad luck, was rewarded on Thursday with a Tirreno-Adriatico stage win.</p>
<p>The Italian, who underwent four major operations in two years after a serious fall in the 1994 Giro d'Italia, took the first 192-km stage from the picturesque southern seaside town of Sorrento in four hours 47 minutes 54 seconds.</p>
<p>The overall standings, including Wednesday's time trial, remained unchanged with Dane Rolf Sorensen two seconds ahead of Dutchman Erik Dekker and Italy's Gianluca Pianegonda.</p>
<p>&quot;I gave myself a year to sort out my life,&quot; said the 28-year-old Leoni, who last year was overweight, stressed and looking for a new team after his old one folded. He had undergone one operation on his leg and three on his back.</p>
<p>&quot;Now if I don't have any more problems I think I'll go on for three or four more seasons,&quot; he said.</p>
<p>Sorensen, winner of the time trial, was suffering from a sore throat and had a quiet day. He finished the stage 30th but with the same time as Leoni.</p>
<p>&quot;Tomorrow will be more difficult,&quot; said Sorensen, twice a Tirreno winner. &quot;But I don't think it will be a decisive stage. I have a lot of riders to keep an eye on but if my sore throat goes away, I won't be afraid of any of them.&quot;</p>
<p>Friday's second stage is an arduous 131 kms in the central Abruzzi mountains from Venafro to Pescasseroli.</p>
</text>
<copyright>(c) Reuters Limited 1997</copyright>
<metadata>
<codes class="bip:countries:1.0">
  <code code="ITALY">
    <editdetail attribution="Reuters BIP Coding Group" action="confirmed" date="1997-03-13"/>
  </code>
</codes>
<codes class="bip:topics:1.0">
  <code code="GCAT">
    <editdetail attribution="Reuters BIP Coding Group" action="confirmed" date="1997-03-13"/>
  </code>
  <code code="GSPO">
    <editdetail attribution="Reuters BIP Coding Group" action="confirmed" date="1997-03-13"/>
  </code>
</codes>
<dc element="dc.date.created" value="1997-03-13"/>
<dc element="dc.publisher" value="Reuters Holdings Plc"/>
<dc element="dc.date.published" value="1997-03-13"/>
<dc element="dc.source" value="Reuters"/>
<dc element="dc.creator.location" value="VENAFRO, Italy"/>
<dc element="dc.creator.location.country.name" value="ITALY"/>
<dc element="dc.source" value="Reuters"/>
</metadata>
</newsitem>
