<?xml version="1.0" encoding="iso-8859-1" ?>
<newsitem itemid="438622" id="root" date="1997-03-13" xml:lang="en">
<title>USA: ALPINE SKIING-WOMEN'S STANDINGS AFTER WORLD CUP FINALS SUPER-G.</title>
<headline>ALPINE SKIING-WOMEN'S STANDINGS AFTER WORLD CUP FINALS SUPER-G.</headline>
<dateline>VAIL, Colorado 1997-03-13</dateline>
<text>
<p>World Cup women's</p>
<p>standings after Thursday's Super-G race at the World Cup</p>
<p>Finals:</p>
<p>Final Super-G standings</p>
<p>  1. Hilde Gerg (Germany)			    490 points</p>
<p>  2. Katja Seizinger (Germany)		     474</p>
<p>  3. Pernilla Wiberg (Sweden)			449</p>
<p>  4. Isolde Kostner (Italy)			  355</p>
<p>  5. Martina Ertl (Germany)			  248</p>
<p>  6. Florence Masnada (France)		     221</p>
<p>  7. Warwara Zelenskaja (Russia)		   181</p>
<p>  8. Svetlana Gladishiva (Russia)		  178</p>
<p>  9. Katharina Gutensohn (Germany)		 170</p>
<p> 10. Carole Montillet (France)		     159</p>
<p> 11. Heidi Zurbriggen (Switzerland)		155</p>
<p> 12. Renate Goetschl (Austria)		     146</p>
<p> 13. Laetitia Dalloz (France)			114</p>
<p>14. Madlen Brigger-Summermatter (Switzerland) 112</p>
<p> 15. Regine Cavagnoud (France)		     111</p>
<p> 16. Regina Haeusl (Germany)			 110</p>
<p> 17. Alexandra Meissnitzer (Austria)	     108</p>
<p> 18. Ingeborg Helen Marken (Norway)		107</p>
<p> 19. Stefanie Schuster (Austria)		    97</p>
<p> 20. Barbara Merlin (Italy)			   94</p>
<p>Overall standings</p>
<p>  1. Wiberg					    1,815</p>
<p>  2. Seizinger					 1,284</p>
<p>  3. Gerg						1,100</p>
<p>  4. Deborah Compagnoni (Italy)		    827</p>
<p>  5. Kostner					     783</p>
<p>  6. Zurbriggen					  767</p>
<p>  7. Anita Wachter (Austria)			 694</p>
<p>  8. Goetschl					    647</p>
<p>  9. Zelenskaja					  604</p>
<p> 10. Ertl						  562</p>
<p> 11. Masnada					     432</p>
<p> 12. Urska Hrovat (Slovenia)			 428</p>
<p> 13. Montillet					   399</p>
<p> 14. Claudia Riegler (New Zealand)		 389</p>
<p> 15. Gutensohn					   382</p>
<p> 16. Schuster					    377</p>
<p> 17. Meissnitzer					 358</p>
<p> 18. Karin Roten (Switzerland)		     347</p>
<p> 19. Patricia Chauvet (France)		     311</p>
<p> 20. Elfi Eder (Austria)			     306</p>
<p>Women's Nation Cup</p>
<p>  1. Germany					   4,057</p>
<p>  2. Austria					   3,219</p>
<p>  3. Italy					     3,004</p>
<p>  4. Switzerland				     2,379</p>
<p>  5. Sweden					    2,367</p>
<p>  6. France					    2,190</p>
</text>
<copyright>(c) Reuters Limited 1997</copyright>
<metadata>
<codes class="bip:countries:1.0">
  <code code="GFR">
    <editdetail attribution="Reuters BIP Coding Group" action="confirmed" date="1997-03-13"/>
  </code>
  <code code="USA">
    <editdetail attribution="Reuters BIP Coding Group" action="confirmed" date="1997-03-13"/>
  </code>
</codes>
<codes class="bip:topics:1.0">
  <code code="GCAT">
    <editdetail attribution="Reuters BIP Coding Group" action="confirmed" date="1997-03-13"/>
  </code>
  <code code="GSPO">
    <editdetail attribution="Reuters BIP Coding Group" action="confirmed" date="1997-03-13"/>
  </code>
</codes>
<dc element="dc.date.created" value="1997-03-13"/>
<dc element="dc.publisher" value="Reuters Holdings Plc"/>
<dc element="dc.date.published" value="1997-03-13"/>
<dc element="dc.source" value="Reuters"/>
<dc element="dc.creator.location" value="VAIL, Colorado"/>
<dc element="dc.creator.location.country.name" value="USA"/>
<dc element="dc.source" value="Reuters"/>
</metadata>
</newsitem>
