<?xml version="1.0" encoding="iso-8859-1" ?>
<newsitem itemid="438620" id="root" date="1997-03-13" xml:lang="en">
<title>UK: SOCCER-FOREST'S BID FOR WADDLE RUNS INTO TROUBLE.</title>
<headline>SOCCER-FOREST'S BID FOR WADDLE RUNS INTO TROUBLE.</headline>
<dateline>LONDON 1997-03-13</dateline>
<text>
<p>Nottingham Forest's bid to sign former England winger Chris Waddle appeared to have run aground on Thursday when his current club Bradford threatened to block the move.</p>
<p>Waddle said earlier in the day he expected to agree a deal with the premier league side within hours while Forest said they were confident of signing him before the weekend.</p>
<p>But first division Bradford have threatened to report Forest to the Football Association for illegally approaching the 36-year-old winger while he was still under contract.</p>
<p>They say there is no clause in Waddle's contract allowing him to leave, even though he joined them on a free transfer.</p>
<p>&quot;It all boils down to a verbal agreement I had with the club and obviously because it's not in writing someone along the line is contesting it,&quot; Waddle said.</p>
<p>&quot;I left last night thinking I was going to join Forest but obviously there's some problem...I don't know what the problem is.&quot;</p>
<p>Waddle made his name with Newcastle, Tottenham and former European champions Marseille. Although past his prime, he is still one of the most creative players in the English game.</p>
<p>&quot;Everybody knows about Chris's ability and he would be a wonderful asset to us,&quot; Forest general manager Dave Bassett said.</p>
<p>If Waddle does sign, he will become the third forward to join Forest in a matter of days.</p>
<p>On Monday they signed Dutch striker Pierre Van Hooydonk from Glasgow Celtic for an initial fee of 3.0 million pounds ($4.8 million) and on Thursday they confirmed the signing of England under-21 striker Ian Moore from first division Tranmere.</p>
<p>Forest were the subject of a successful takeover bid last month which freed up around 16 million pounds ($25.6 million) for new players.</p>
<p>They are 18th in the 20-team premier league and have scored just two goals in their last eight matches.</p>
</text>
<copyright>(c) Reuters Limited 1997</copyright>
<metadata>
<codes class="bip:countries:1.0">
  <code code="UK">
    <editdetail attribution="Reuters BIP Coding Group" action="confirmed" date="1997-03-13"/>
  </code>
</codes>
<codes class="bip:topics:1.0">
  <code code="GCAT">
    <editdetail attribution="Reuters BIP Coding Group" action="confirmed" date="1997-03-13"/>
  </code>
  <code code="GSPO">
    <editdetail attribution="Reuters BIP Coding Group" action="confirmed" date="1997-03-13"/>
  </code>
</codes>
<dc element="dc.date.created" value="1997-03-13"/>
<dc element="dc.publisher" value="Reuters Holdings Plc"/>
<dc element="dc.date.published" value="1997-03-13"/>
<dc element="dc.source" value="Reuters"/>
<dc element="dc.creator.location" value="LONDON"/>
<dc element="dc.creator.location.country.name" value="UK"/>
<dc element="dc.source" value="Reuters"/>
</metadata>
</newsitem>
