<?xml version="1.0" encoding="iso-8859-1" ?>
<newsitem itemid="438690" id="root" date="1997-03-13" xml:lang="en">
<title>FRANCE: SOCCER-LEGWINSKI DOUBLE HELPS MONACO TO CRUCIAL WIN.</title>
<headline>SOCCER-LEGWINSKI DOUBLE HELPS MONACO TO CRUCIAL WIN.</headline>
<dateline>PARIS, France 1997-03-13</dateline>
<text>
<p>Two goals from midfielder Sylvain Legwinski helped French league leaders Monaco clinch a 3-0 precious away win in Rennes on Thursday.</p>
<p>Five days before hosting Newcastle for their UEFA Cup quarter-final second leg, Monaco now lead the table with 59 points while arch-rivals Paris St Germain, who travel to lowly Le Havre on Friday, are trailing seven points behind.</p>
<p>The team from the principality, who were held to a goalless draw by title holders Auxerre last week-end, showed their mental strength by crushing the Brittany side who could hardly cope with Monaco's skillfull play.</p>
<p>Legwinski opened the score 10 minutes before the interval with a shot from close range after a run from Brazilian striker Anderson.</p>
<p>Rennes reacted swiftly and tried hard to close the gap through striker Stephane Guirvarc'h but Monaco substitute keeper Stephane Porato made a dramatic save in the 45th minute.</p>
<p>After the break, Legwinski exploited a defensive mistake to score his second before Scotland's John Collins put the issue beyond doubt in the 67th from a cross by Anderson.</p>
</text>
<copyright>(c) Reuters Limited 1997</copyright>
<metadata>
<codes class="bip:countries:1.0">
  <code code="FRA">
    <editdetail attribution="Reuters BIP Coding Group" action="confirmed" date="1997-03-13"/>
  </code>
  <code code="MONAC">
    <editdetail attribution="Reuters BIP Coding Group" action="confirmed" date="1997-03-13"/>
  </code>
</codes>
<codes class="bip:topics:1.0">
  <code code="GCAT">
    <editdetail attribution="Reuters BIP Coding Group" action="confirmed" date="1997-03-13"/>
  </code>
  <code code="GSPO">
    <editdetail attribution="Reuters BIP Coding Group" action="confirmed" date="1997-03-13"/>
  </code>
</codes>
<dc element="dc.date.created" value="1997-03-13"/>
<dc element="dc.publisher" value="Reuters Holdings Plc"/>
<dc element="dc.date.published" value="1997-03-13"/>
<dc element="dc.source" value="Reuters"/>
<dc element="dc.creator.location" value="PARIS, France"/>
<dc element="dc.creator.location.country.name" value="FRANCE"/>
<dc element="dc.source" value="Reuters"/>
</metadata>
</newsitem>
