<?xml version="1.0" encoding="iso-8859-1" ?>
<newsitem itemid="438677" id="root" date="1997-03-13" xml:lang="en">
<title>AUSTRALIA: CRICKET-SHEFFIELD SHIELD SCORES.</title>
<headline>CRICKET-SHEFFIELD SHIELD SCORES.</headline>
<dateline>SYDNEY 1997-03-13</dateline>
<text>
<p>Close of play scores on the</p>
<p>first day of first class Sheffield Shield matches played on</p>
<p>Thursday:</p>
<p>In Sydney: Tasmania 370-4 (Jamie Cox 143, Ricky Ponting 64)</p>
<p>v New South Wales</p>
<p>In Brisbane: Queensland 277; South Australia 26-3</p>
<p>In Melbourne: Victoria 205-9 (Shawn Craig 90 not out) v</p>
<p>Western Australia.</p>
</text>
<copyright>(c) Reuters Limited 1997</copyright>
<metadata>
<codes class="bip:countries:1.0">
  <code code="AUSTR">
    <editdetail attribution="Reuters BIP Coding Group" action="confirmed" date="1997-03-13"/>
  </code>
</codes>
<codes class="bip:topics:1.0">
  <code code="GCAT">
    <editdetail attribution="Reuters BIP Coding Group" action="confirmed" date="1997-03-13"/>
  </code>
  <code code="GSPO">
    <editdetail attribution="Reuters BIP Coding Group" action="confirmed" date="1997-03-13"/>
  </code>
</codes>
<dc element="dc.date.created" value="1997-03-13"/>
<dc element="dc.publisher" value="Reuters Holdings Plc"/>
<dc element="dc.date.published" value="1997-03-13"/>
<dc element="dc.source" value="Reuters"/>
<dc element="dc.creator.location" value="SYDNEY"/>
<dc element="dc.creator.location.country.name" value="AUSTRALIA"/>
<dc element="dc.source" value="Reuters"/>
</metadata>
</newsitem>
