<?xml version="1.0" encoding="iso-8859-1" ?>
<newsitem itemid="438626" id="root" date="1997-03-13" xml:lang="en">
<title>FRANCE: CYCLING-STEELS WINS THIRD TIME IN FIVE STAGES.</title>
<headline>CYCLING-STEELS WINS THIRD TIME IN FIVE STAGES.</headline>
<dateline>VENISSIEUX, France 1997-03-13</dateline>
<text>
<p>Belgian Tom Steels confirmed he is the new sprinter to beat when he won the fifth stage of the Paris-Nice race on Thursday to record his third stage victory of the event.</p>
<p>Frenchman Laurent Jalabert, looking for a third successive victory in Nice on Sunday, came in third and retained the race leader's white jersey he has worn since the first day when he won the opening stage time trial.</p>
<p>He is now 24 seconds ahead of compatriot Pascal Chanteur and 26 in front of Steels.</p>
<p>The Belgian, who also won the second and third stages, beat Italian sprint specialist Mario Cipollini to the line at the end of the 197-km stage from Cournon d'Auvergne, the longest of the eight-day race.</p>
<p>There was no repeat of Wednesday's fast fourth stage with constant attacks as the riders battled against a strong wind knowing also that they face a tough climb of Mont Ventoux during Friday's 180-km sixth stage from Montelimar to Sisteron.</p>
</text>
<copyright>(c) Reuters Limited 1997</copyright>
<metadata>
<codes class="bip:countries:1.0">
  <code code="BELG">
    <editdetail attribution="Reuters BIP Coding Group" action="confirmed" date="1997-03-13"/>
  </code>
  <code code="FRA">
    <editdetail attribution="Reuters BIP Coding Group" action="confirmed" date="1997-03-13"/>
  </code>
</codes>
<codes class="bip:topics:1.0">
  <code code="GCAT">
    <editdetail attribution="Reuters BIP Coding Group" action="confirmed" date="1997-03-13"/>
  </code>
  <code code="GSPO">
    <editdetail attribution="Reuters BIP Coding Group" action="confirmed" date="1997-03-13"/>
  </code>
</codes>
<dc element="dc.date.created" value="1997-03-13"/>
<dc element="dc.publisher" value="Reuters Holdings Plc"/>
<dc element="dc.date.published" value="1997-03-13"/>
<dc element="dc.source" value="Reuters"/>
<dc element="dc.creator.location" value="VENISSIEUX, France"/>
<dc element="dc.creator.location.country.name" value="FRANCE"/>
<dc element="dc.source" value="Reuters"/>
</metadata>
</newsitem>
