<?xml version="1.0" encoding="iso-8859-1" ?>
<newsitem itemid="438697" id="root" date="1997-03-13" xml:lang="en">
<title>DENMARK: TENNIS-COPENHAGEN OPEN RESULTS.</title>
<headline>TENNIS-COPENHAGEN OPEN RESULTS.</headline>
<dateline>COPENHAGEN 1997-03-13</dateline>
<text>
<p>Results in the $203,000</p>
<p>Copenhagen Open ATP tournament played on Thursday (prefix number</p>
<p>denotes seeding):</p>
<p>Men's singles, second round:</p>
<p>Lars Burgsmueller (Germany) beat Kevin Ullyett (South Africa)</p>
<p>3-6 6-3 6-4</p>
<p>2-Martin Damm (Czech Republic) beat Nuno Marques (Portugal) 6-3</p>
<p>3-6 6-3</p>
<p>Guillaume Raoux (France) beat David Prinosil (Germany) 7-6</p>
<p>(8-6) 6-4</p>
</text>
<copyright>(c) Reuters Limited 1997</copyright>
<metadata>
<codes class="bip:countries:1.0">
  <code code="CZREP">
    <editdetail attribution="Reuters BIP Coding Group" action="confirmed" date="1997-03-13"/>
  </code>
  <code code="DEN">
    <editdetail attribution="Reuters BIP Coding Group" action="confirmed" date="1997-03-13"/>
  </code>
  <code code="FRA">
    <editdetail attribution="Reuters BIP Coding Group" action="confirmed" date="1997-03-13"/>
  </code>
  <code code="GFR">
    <editdetail attribution="Reuters BIP Coding Group" action="confirmed" date="1997-03-13"/>
  </code>
  <code code="PORL">
    <editdetail attribution="Reuters BIP Coding Group" action="confirmed" date="1997-03-13"/>
  </code>
  <code code="SAFR">
    <editdetail attribution="Reuters BIP Coding Group" action="confirmed" date="1997-03-13"/>
  </code>
</codes>
<codes class="bip:topics:1.0">
  <code code="GCAT">
    <editdetail attribution="Reuters BIP Coding Group" action="confirmed" date="1997-03-13"/>
  </code>
  <code code="GSPO">
    <editdetail attribution="Reuters BIP Coding Group" action="confirmed" date="1997-03-13"/>
  </code>
</codes>
<dc element="dc.date.created" value="1997-03-13"/>
<dc element="dc.publisher" value="Reuters Holdings Plc"/>
<dc element="dc.date.published" value="1997-03-13"/>
<dc element="dc.source" value="Reuters"/>
<dc element="dc.creator.location" value="COPENHAGEN"/>
<dc element="dc.creator.location.country.name" value="DENMARK"/>
<dc element="dc.source" value="Reuters"/>
</metadata>
</newsitem>
