<?xml version="1.0" encoding="iso-8859-1" ?>
<newsitem itemid="438621" id="root" date="1997-03-13" xml:lang="en">
<title>ITALY: SOCCER-MAD DAD SENDS ITALIAN REFEREE RUNNING.</title>
<headline>SOCCER-MAD DAD SENDS ITALIAN REFEREE RUNNING.</headline>
<dateline>PIACENZA, Italy 1997-03-13</dateline>
<text>
<p>An Italian referee suspended a juvenile match and sought sanctuary in the changing rooms to escape a player's irate father who invaded the pitch and headed threateningly in his direction.</p>
<p>The news agency Ansa reported on Thursday that the referee at a youth championship match between 14 and 15 year olds blew his whistle and fled after just 17 minutes with the visiting team of Casei Gerola 1-0 up on Borgonovo Val Tidone.</p>
<p>The father of one of the Borgonovo players had begun shouting abuse after the goal was awarded and could not contain himself when a Borgonovo player was booked.</p>
</text>
<copyright>(c) Reuters Limited 1997</copyright>
<metadata>
<codes class="bip:countries:1.0">
  <code code="ITALY">
    <editdetail attribution="Reuters BIP Coding Group" action="confirmed" date="1997-03-13"/>
  </code>
</codes>
<codes class="bip:topics:1.0">
  <code code="GCAT">
    <editdetail attribution="Reuters BIP Coding Group" action="confirmed" date="1997-03-13"/>
  </code>
  <code code="GSPO">
    <editdetail attribution="Reuters BIP Coding Group" action="confirmed" date="1997-03-13"/>
  </code>
</codes>
<dc element="dc.date.created" value="1997-03-13"/>
<dc element="dc.publisher" value="Reuters Holdings Plc"/>
<dc element="dc.date.published" value="1997-03-13"/>
<dc element="dc.source" value="Reuters"/>
<dc element="dc.creator.location" value="PIACENZA, Italy"/>
<dc element="dc.creator.location.country.name" value="ITALY"/>
<dc element="dc.source" value="Reuters"/>
</metadata>
</newsitem>
