<?xml version="1.0" encoding="iso-8859-1" ?>
<newsitem itemid="438663" id="root" date="1997-03-13" xml:lang="en">
<title>UK: SOCCER-GULLIT BRINGS GLAMOUR BACK TO CHELSEA.</title>
<headline>SOCCER-GULLIT BRINGS GLAMOUR BACK TO CHELSEA.</headline>
<byline>Clare Lovell</byline>
<dateline>LONDON 1997-03-13</dateline>
<text>
<p>Although his plaster cast and crutches hardly cut a dash along Chelsea's fashionable King's Road, Ruud Gullit can look upon his cracked ankle as something of a blessing in disguise.</p>
<p>The former Dutch international, who has brought glamour back to Stamford Bridge, was finding it hard to combine playing with managing his eclectic side of high-profile foreigners and their competitive homegrown team mates.</p>
<p>&quot;The good thing is I can focus on my work as a coach and trainer,&quot; Gullit said before watching his side's 4-1 win over Portsmouth in the quarter-finals of the F.A Cup last Sunday.</p>
<p>Since his appointment as player manager last summer after Glenn Hoddle left to take on the England job, Gullit's appearances on the pitch have been rare and usually as substitute. But, at 34, the former European and world footballer of the year, still has a commanding presence, marshalling the midfield, with strength, energy and enthusiasm.</p>
<p>That energy and enthusiasm will now be channelled into keeping his talented but somewhat temperamental side in line for a place in Europe next season, without his help on the pitch.</p>
<p>&quot;I am not aiming to be back before the end of the season,&quot; he said, &quot;Though it's very frustrating having to watch them training from a chair and not being able to run up and down.&quot; &quot;</p>
<p>Like most top players -- and the Dutchman was once hailed by former Ireland manager, Jackie Charlton, as the complete modern footballer -- Gullit is no stranger to injury. After captaining tthe Netherlands to success in the 1988 European championship and helping AC Milan to victory in the European Cup in 1989 and 1990, he had a series of knee operations.</p>
<p>He returned between bouts of injury, to show fans at Milan and Sampdoria his prodigious talent but fell out with the Dutch international management, making his final appearance for his country in 1994. Hoddle brought him to Chelsea in 1995 and the southwest London club has since enjoyed a resurgence of optimism and popularity.</p>
<p>The atmosphere at Stamford Bridge resembles that of the late 60s and early 70s when dedicated followers of fashion strutted from the trendy boutiques of the King's road to the less salubrious end of the Fulham Road to cheer on the likes of Peter Osgood, Bobby Tambling and Charlie Cooke. That team's success culminated in the F.A. Cup in 1970 and the Cup Winners' Cup the following year.</p>
<p>Chelsea's seats, some of the most expensive in the country, are filled these days with a veritable Who's Who of the rich and the famous.</p>
<p>They come to watch what would have been unthinkable in the 60s: two Italian internationals in the shape of Gianfranco Zola and Roberto Di Matteo, Italy's former top striker Gianluca Vialli, Romanian international Dan Petrescu, Frank Leboeuf of France and, of course, Gullit.</p>
<p>Only someone with Gullit's European pedigree could have enticed such a lineup to London, thought the injection of television cash into the premier league helped.</p>
<p>Melding continental ball skills with the more physical talents of homegrown players is no easy task and while Chelsea have produced some of the most entertaining football in the league this season they are sticking to club tradition by proving less than consistent.</p>
<p>&quot;I have to make them perform every week, in a certain way, the whole match,&quot; Gullit said. &quot;They realise now they have to improve themsleves and focus on every game.&quot;</p>
<p>Gullit admits he, and his Italian imports, are bemused by the British obsession with the F.A.Cup.</p>
<p>&quot;Some players think more of Cup games than the league and I as an outsider find it difficult to understand that,&quot; he said.</p>
<p>&quot;For me, I was taught in Italy that the champions' league was the ultimate goal...then you have the chance to be the best team in the Europe,&quot; he said.</p>
<p>Currently eighth in the league, Chelsea have only an outside chance of qualifying for the European Cup, but if their continental flair can overcome a highly successful Wimbledon side in the Cup semifinals next month, they have a good chance of emulating the 1971 team and making it into the Cup Winners' Cup.</p>
<p>&quot;I have to learn how important it is in England and I will go along with it,&quot; the Dutchman added good-humouredly.</p>
<p>Humour and a relaxed style are hallmarks of Gullit's fledgling managment career. Even in the tightest of games he rarely looks nervous or upset and he is constantly smiling.</p>
<p>&quot;Every game I am tense,&quot; he said. &quot;I just express myself in a different way. Other people run around and jump up and down.&quot;</p>
<p>He says he never shouts or gets excited in the dressing room. &quot;If you want to make a point you make it clearly without a fuss. Anyway it looks silly when a foreigner tries to shout in English,&quot;</p>
<p>Gullit, son of a Surinamese father and Dutch mother, hardly need worry about his English. He is more articulate than many of his domestic players and speaks four other languages. British televisoin used him as a pundit during the European championship last year.</p>
<p>It is a sign of changing times in the English game that Gullit has been welcomed so enthusiastically at a club where in the late 70s racism was rampant among fans.</p>
<p>Today they are happy to wear dreadlock wigs just as the supporters in Milan and Genoa before them in honour of a politically outspoken footballing idol, who dedicated his footballer of the year award 10 years ago to the imprisoned Nelson Mandela.</p>
<p>Of course they would like to see him back on the pitch, but Gullit is obviously finding excitement and challenge enough in coaching.</p>
<p>He says he has not given up playing and counts himself lucky that he has gone straight from playing to coaching without the terrible wrench of a ending an outstanding footballing career.</p>
<p>&quot;This way the door is still a little bit open.&quot;</p>
</text>
<copyright>(c) Reuters Limited 1997</copyright>
<metadata>
<codes class="bip:countries:1.0">
  <code code="UK">
    <editdetail attribution="Reuters BIP Coding Group" action="confirmed" date="1997-03-13"/>
  </code>
</codes>
<codes class="bip:topics:1.0">
  <code code="GCAT">
    <editdetail attribution="Reuters BIP Coding Group" action="confirmed" date="1997-03-13"/>
  </code>
  <code code="GSPO">
    <editdetail attribution="Reuters BIP Coding Group" action="confirmed" date="1997-03-13"/>
  </code>
</codes>
<dc element="dc.date.created" value="1997-03-13"/>
<dc element="dc.publisher" value="Reuters Holdings Plc"/>
<dc element="dc.date.published" value="1997-03-13"/>
<dc element="dc.source" value="Reuters"/>
<dc element="dc.creator.location" value="LONDON"/>
<dc element="dc.creator.location.country.name" value="UK"/>
<dc element="dc.source" value="Reuters"/>
</metadata>
</newsitem>
