<?xml version="1.0" encoding="iso-8859-1" ?>
<newsitem itemid="438673" id="root" date="1997-03-13" xml:lang="en">
<title>BRAZIL: SOCCER-LIBERTADORES CUP RESULTS/STANDINGS.</title>
<headline>SOCCER-LIBERTADORES CUP RESULTS/STANDINGS.</headline>
<dateline>RIO DE JANEIRO 1997-03-13</dateline>
<text>
<p>Results of South</p>
<p>American Libertadores Cup first round matches:</p>
<p>Played on Wednesday</p>
<p>Group one</p>
<p>In La Paz: Bolivar (Bolivia) 3 Oriente Petrolero (Bolivia) 3</p>
<p>(halftime 1-2)</p>
<p>Scorers:</p>
<p>Bolivar  -  Miguel Mercado (29), Antonio Vidal Gonzlez (62),</p>
<p>Ivan Castillo (76)</p>
<p>Oriente Petrolero: Sergio Diduch (5), Roly Paniagua (35 and</p>
<p>66)</p>
<p>In Asuncion: Guarani (Paraguay) 2 Cerro Porteno (Paraguay) 2</p>
<p>Guarani: Hugo Ovelar (29, penalty), Carlos Ojeda (77)</p>
<p>Cerro Porteno: Danilo Aceval (41 and 46, penalties)</p>
<p>Grupo two</p>
<p>In Quito: Nacional (Ecuador) 1 Emelec (Ecuador) 0</p>
<p>Scorer: Evelio Ordoez (69)</p>
<p>In Buenos Aires: Velez Sarsfield (Argentina) 1 Racing Club</p>
<p>(Argentina) 0</p>
<p>Scorer: Mauricio Pellegrino (76)</p>
<p>Grupo three</p>
<p>In Santiago</p>
<p>Colo-Colo (Chile) 2 Universidad Catolica (Chile) 0</p>
<p>Scorer: Ivo Basay (33 and 35)</p>
<p>In Puerto Ordaz, Venezuela: Minerven (Venezuela) 1 Mineros</p>
<p>(Venezuela) 0</p>
<p>Scorer: Alexis Chirinos (35)</p>
<p>Grupo four</p>
<p>In Lima: Sporting Cristal (Peru) 1 Alianza (Peru) 1</p>
<p>Scorers:</p>
<p>Sporting Cristal - Julinho (47)</p>
<p>Alianza - Jorge Ramirez (2)</p>
<p>En Porto Alegre, Brazil: Gremio (Brazil) 0 Cruzeiro (Brazil)</p>
<p>1 (0-1)</p>
<p>Scorer: Palhinha (46)</p>
<p>    Group one standings	P  W  D  L F   A  Pts</p>
<p> Bolivar			   4  3  1  0 14  5  10</p>
<p> Oriente Petrolero	     4  2  1  1  8  8   7</p>
<p> Guarani			   4  1  1  2  5 10   4</p>
<p> Cerro Porteno		   4  0  1  3  3  7   1</p>
<p>Note: Bolivar have already qualified</p>
<p>Group two</p>
<p> Nacional			  4  3  0  1  5  2   9</p>
<p> Velez Sarsfield		 4  3  0  1  6  4   9</p>
<p> Emelec			    4  1  1  2  6  7   4</p>
<p> Racing Club		     4  0  1  3  3  7   1</p>
<p>Note: Nacional and Velez Sarsfield have already qualified</p>
<p>Group three</p>
<p> Colo Colo			 4  3  1  0  6  2  10</p>
<p> Universidad Catolica	  4  2  1  1 14  4   7</p>
<p> Minerven			  4  1  1  2  1  7   4</p>
<p> Mineros			   4  0  1  3  0  8   1</p>
<p>Note: Colo Colo already qualified)</p>
<p>Group four</p>
<p> Sporting Cristal		4  2  2  0  3  1   8</p>
<p> Gremio			    4  2  0  2  6  3   6</p>
<p> Alianza			   4  1  2  1  2  5   5</p>
<p> Cruzeiro			  4  1  0  3  2  4   3</p>
<p>Group five</p>
<p> Penarol (Uruguay)	     3  2  0  1  6  4   6</p>
<p> Millonarios (Colombia)	3  2  0  1  5  4   6</p>
<p> Deportivo Cali (Colombia)   2  1  0  1  3  2   3</p>
<p> Nacional (Uruguay)	    2  0  0  2  2  6   0</p>
<p>Note: Top three teams in each group qualify for the second</p>
<p>round.</p>
</text>
<copyright>(c) Reuters Limited 1997</copyright>
<metadata>
<codes class="bip:countries:1.0">
  <code code="ARG">
    <editdetail attribution="Reuters BIP Coding Group" action="confirmed" date="1997-03-13"/>
  </code>
  <code code="BOL">
    <editdetail attribution="Reuters BIP Coding Group" action="confirmed" date="1997-03-13"/>
  </code>
  <code code="BRAZ">
    <editdetail attribution="Reuters BIP Coding Group" action="confirmed" date="1997-03-13"/>
  </code>
  <code code="ECU">
    <editdetail attribution="Reuters BIP Coding Group" action="confirmed" date="1997-03-13"/>
  </code>
  <code code="PARA">
    <editdetail attribution="Reuters BIP Coding Group" action="confirmed" date="1997-03-13"/>
  </code>
</codes>
<codes class="bip:topics:1.0">
  <code code="GCAT">
    <editdetail attribution="Reuters BIP Coding Group" action="confirmed" date="1997-03-13"/>
  </code>
  <code code="GSPO">
    <editdetail attribution="Reuters BIP Coding Group" action="confirmed" date="1997-03-13"/>
  </code>
</codes>
<dc element="dc.date.created" value="1997-03-13"/>
<dc element="dc.publisher" value="Reuters Holdings Plc"/>
<dc element="dc.date.published" value="1997-03-13"/>
<dc element="dc.source" value="Reuters"/>
<dc element="dc.creator.location" value="RIO DE JANEIRO"/>
<dc element="dc.creator.location.country.name" value="BRAZIL"/>
<dc element="dc.source" value="Reuters"/>
</metadata>
</newsitem>
