<?xml version="1.0" encoding="iso-8859-1" ?>
<newsitem itemid="438653" id="root" date="1997-03-13" xml:lang="en">
<title>UK: SOCCER-WADDLE SET TO JOIN FOREST.</title>
<headline>SOCCER-WADDLE SET TO JOIN FOREST.</headline>
<dateline>LONDON 1997-03-13</dateline>
<text>
<p>Former England winger Chris Waddle said on Thursday he expected to join English premier league Nottingham Forest on a free transfer.</p>
<p>&quot;I expect everything to be settled late today,&quot; said the 36-year-old winger, who made his name with Newcastle, Tottenham and former European champions Marseille. He currently plays for first division Bradford City.</p>
<p>Forest confirmed they were interested in Waddle but had not agreed a deal.</p>
<p>&quot;Everybody knows about Chris's ability and he would be a wonderful asset to Forest. We certainly hope to tie up the deal by Friday,&quot; general manager Dave Bassett said.</p>
<p>If Waddle reaches agreement with the struggling premier league side he would become the third forward to join them this week.</p>
<p>On Monday, they signed Dutch striker Pierre Van Hooydonk from Glasgow Celtic for an initial fee of 3.0 million pounds ($4.8 million).</p>
<p>Forest were holding a news conference later on Thursday to announce the signing of England under-21 striker Ian Moore from first division Tranmere.</p>
<p>The Midlands club was the subject of a successful takeover bid last month which freed up around 16 million pounds ($25.6 million) for new players.</p>
<p>They are 18th in the 20-team premier league and have scored just two goals in their last eight matches. They play second-placed Liverpool on Saturday.</p>
</text>
<copyright>(c) Reuters Limited 1997</copyright>
<metadata>
<codes class="bip:countries:1.0">
  <code code="UK">
    <editdetail attribution="Reuters BIP Coding Group" action="confirmed" date="1997-03-13"/>
  </code>
</codes>
<codes class="bip:topics:1.0">
  <code code="GCAT">
    <editdetail attribution="Reuters BIP Coding Group" action="confirmed" date="1997-03-13"/>
  </code>
  <code code="GSPO">
    <editdetail attribution="Reuters BIP Coding Group" action="confirmed" date="1997-03-13"/>
  </code>
</codes>
<dc element="dc.date.created" value="1997-03-13"/>
<dc element="dc.publisher" value="Reuters Holdings Plc"/>
<dc element="dc.date.published" value="1997-03-13"/>
<dc element="dc.source" value="Reuters"/>
<dc element="dc.creator.location" value="LONDON"/>
<dc element="dc.creator.location.country.name" value="UK"/>
<dc element="dc.source" value="Reuters"/>
</metadata>
</newsitem>
