<?xml version="1.0" encoding="iso-8859-1" ?>
<newsitem itemid="438602" id="root" date="1997-03-13" xml:lang="en">
<title>USA: Telecomm Industries, Unitel plan merger.</title>
<headline>Telecomm Industries, Unitel plan merger.</headline>
<dateline>CLEVELAND 1997-03-13</dateline>
<text>
<p>Telecomm Industries Corp said Thursday it has signed a letter of intent to acquire by merger Unitel Inc, a computer and telephony systems integrator.</p>
<p>Terms of the proposed transaction were not disclosed.</p>
<p>The merger is subject to the execution of a defintive agreement, completion of due diligence, approval of Telecomm's board after obtaining required consents and other customary terms and conditions, it said.</p>
<p>Telecomm said it anticipates closing the deal in the second quarter of 1997.  </p>
<p>Telecomm is Ameritech Corp's largest distributor. Ameritech is a Chicago-based telephone and cable television service provider.</p>
<p>Telecomm said that the merger, when completed, will create one of the largest non-manufacturer communications integrators in North America, with combined revenues of more than $21 million and more than 20 locations in Indiana, Ohio, Kentucky, Michigan, Illinois and Wisconsin.</p>
<p>The client based of the merged entity  would include more than 20,000 accounts and locations, it said.  </p>
<p>As a combined entity, the two companies have additional relationships with GTE, BellSouth, AT&amp;. LCI Long Distance, Sprint, and other long distance and local exchange carrier relationships, it said.</p>
<p>Under current plans, the seven locations of privately held Unitel's would combine with more than 15 Telecomm sites to form a regional products and services vendor. Unitel is based in Indianapolis.</p>
<p>James Lowery, chairman and chief executive of Telecomm, said the merger is a &quot;natural fit&quot; for the two companies.</p>
<p>Paul Satterthwaite, president of Unitel, said the two companies' expertise in total systems communication integration &quot;will be a tough combination to beat.&quot;</p>
</text>
<copyright>(c) Reuters Limited 1997</copyright>
<metadata>
<codes class="bip:countries:1.0">
  <code code="USA">
    <editdetail attribution="Reuters BIP Coding Group" action="confirmed" date="1997-03-13"/>
  </code>
</codes>
<codes class="bip:industries:1.0">
  <code code="I34400">
    <editdetail attribution="Reuters BIP Coding Group" action="confirmed" date="1997-03-13"/>
  </code>
</codes>
<codes class="bip:topics:1.0">
  <code code="C18">
    <editdetail attribution="Reuters BIP Coding Group" action="confirmed" date="1997-03-13"/>
  </code>
  <code code="C181">
    <editdetail attribution="Reuters BIP Coding Group" action="confirmed" date="1997-03-13"/>
  </code>
  <code code="CCAT">
    <editdetail attribution="Reuters BIP Coding Group" action="confirmed" date="1997-03-13"/>
  </code>
</codes>
<dc element="dc.date.created" value="1997-03-13"/>
<dc element="dc.publisher" value="Reuters Holdings Plc"/>
<dc element="dc.date.published" value="1997-03-13"/>
<dc element="dc.source" value="Reuters"/>
<dc element="dc.creator.location" value="CLEVELAND"/>
<dc element="dc.creator.location.country.name" value="USA"/>
<dc element="dc.source" value="Reuters"/>
</metadata>
</newsitem>
