<?xml version="1.0" encoding="iso-8859-1" ?>
<newsitem itemid="438699" id="root" date="1997-03-13" xml:lang="en">
<title>GERMANY: SOCCER-BAYERN KEEP FAITH WITH TEAM DESPITE DEFEATS.</title>
<headline>SOCCER-BAYERN KEEP FAITH WITH TEAM DESPITE DEFEATS.</headline>
<dateline>MUNICH, Germany 1997-03-13</dateline>
<text>
<p>Bayern Munich do not plan a shake-up of their team despite two calamitous defeats in the German first division in the last week, commercial manager Uli Hoeness said on Thursday.</p>
<p>&quot;We're not going to change anything. You can't take a knife to things just because we have lost two games,&quot; Hoeness said. &quot;We have to live with this team and we are not going to do anything to destroy it.&quot;</p>
<p>Bayern chairman Franz Beckenbauer was very critical of the side after their 5-2 defeat at Bayer Leverkusen on Sunday and Wednesday's 2-0 loss at promoted Armenia Bielefeld.</p>
<p>Before Sunday Bayern had lost just one game all season. But the poor week allowed reigning champions Borussia Dortmund to take a three-point lead over the Bavarians at the top.</p>
<p>Hoeness admitted that Bayern could be in danger of failing to earn a lucrative place in Europe next season if they did not lift their form quickly.</p>
<p>But he said: &quot;When Bayern lose two games it's not a crisis. You get a crisis in Cuba, not in football....(But) if we carry on losing then we won't make the UEFA Cup. I don't need to be a genius to work that one out.&quot;</p>
<p>&quot;Of course, I still believe we can win the title. The decision for that is made on May 31 when we have to be on top of the table.&quot;</p>
<p>Bayern take on fifth-placed Schalke at home in the German first division on Saturday.</p>
</text>
<copyright>(c) Reuters Limited 1997</copyright>
<metadata>
<codes class="bip:countries:1.0">
  <code code="GFR">
    <editdetail attribution="Reuters BIP Coding Group" action="confirmed" date="1997-03-13"/>
  </code>
</codes>
<codes class="bip:topics:1.0">
  <code code="GCAT">
    <editdetail attribution="Reuters BIP Coding Group" action="confirmed" date="1997-03-13"/>
  </code>
  <code code="GSPO">
    <editdetail attribution="Reuters BIP Coding Group" action="confirmed" date="1997-03-13"/>
  </code>
</codes>
<dc element="dc.date.created" value="1997-03-13"/>
<dc element="dc.publisher" value="Reuters Holdings Plc"/>
<dc element="dc.date.published" value="1997-03-13"/>
<dc element="dc.source" value="Reuters"/>
<dc element="dc.creator.location" value="MUNICH, Germany"/>
<dc element="dc.creator.location.country.name" value="GERMANY"/>
<dc element="dc.source" value="Reuters"/>
</metadata>
</newsitem>
