<?xml version="1.0" encoding="iso-8859-1" ?>
<newsitem itemid="438635" id="root" date="1997-03-13" xml:lang="en">
<title>UK: HORSE RACING-WALSH SWAPS MICROPHONE FOR WINNER'S ENCLOSURE.</title>
<headline>HORSE RACING-WALSH SWAPS MICROPHONE FOR WINNER'S ENCLOSURE.</headline>
<byline>Damien Lynch</byline>
<dateline>CHELTENHAM 1997-03-13</dateline>
<text>
<p>Ireland's Ted Walsh took time away from his media responsibilities at Cheltenham on Thursday to saddle Commanche Court to win the Grade One Triumph Hurdle.</p>
<p>Walsh, who has been working as a television racing commentator this week, landed his first Festival win as a trainer in the two miles and one furlong (3.4-km) contest.</p>
<p>&quot;Today is the best racing day of my life. I could kiss you too,&quot; Walsh said as he prepared to do an interview with fellow racing pundit Brough Scott in the unsaddling enclosure.</p>
<p>Walsh duly gave Scott a small kiss on his cheeks much to the delight of the onlooking punters.</p>
<p>&quot;He can train horses as well as he can talk,&quot; Cork-born jockey Norman Williamson, who enjoyed his fifth Cheltenham success on board Commanche Court, said of the outspoken Walsh.</p>
<p>Last year's Austrian Derby winner, Commanche Court took advantage of his speed over the closing stages to win by a length from 40-1 chance Circus Star with Shooting Light a further one and a quarter lengths further adrift in third.</p>
<p>Walsh has not missed a Cheltenham Festival meeting since he rode his first winner there aboard Castleruddery in the 1974 Kim Muir Chase.</p>
<p>The County Kildare-based trainer and former Irish champion amateur rider gained three more victories at the meeting during a highly successful career in the saddle.</p>
<p>Walsh's son Ruby currently heads the table in the Irish amateur riders' title race.</p>
</text>
<copyright>(c) Reuters Limited 1997</copyright>
<metadata>
<codes class="bip:countries:1.0">
  <code code="IRE">
    <editdetail attribution="Reuters BIP Coding Group" action="confirmed" date="1997-03-13"/>
  </code>
  <code code="UK">
    <editdetail attribution="Reuters BIP Coding Group" action="confirmed" date="1997-03-13"/>
  </code>
</codes>
<codes class="bip:topics:1.0">
  <code code="GCAT">
    <editdetail attribution="Reuters BIP Coding Group" action="confirmed" date="1997-03-13"/>
  </code>
  <code code="GSPO">
    <editdetail attribution="Reuters BIP Coding Group" action="confirmed" date="1997-03-13"/>
  </code>
</codes>
<dc element="dc.date.created" value="1997-03-13"/>
<dc element="dc.publisher" value="Reuters Holdings Plc"/>
<dc element="dc.date.published" value="1997-03-13"/>
<dc element="dc.source" value="Reuters"/>
<dc element="dc.creator.location" value="CHELTENHAM"/>
<dc element="dc.creator.location.country.name" value="UK"/>
<dc element="dc.source" value="Reuters"/>
</metadata>
</newsitem>
