<?xml version="1.0" encoding="iso-8859-1" ?>
<newsitem itemid="438631" id="root" date="1997-03-13" xml:lang="en">
<title>ITALY: CYCLING-TIRRENO-ADRIATICO RESULTS AND STANDINGS.</title>
<headline>CYCLING-TIRRENO-ADRIATICO RESULTS AND STANDINGS.</headline>
<dateline>VENAFRO, Italy 1997-03-13</dateline>
<text>
<p>Leading results in the</p>
<p>192-km first stage of the Tirreno-Adriatico cycle race from</p>
<p>Sorrento to Venafro on Thursday (Italians unless stated):</p>
<p>1. Endrio Leoni  four hours 47 minutes 54 seconds</p>
<p>2. Nicola Minali</p>
<p>3. Mario Traversoni</p>
<p>4. Jan Svorada (Czech Republic)</p>
<p>5. Fulvio Frigo</p>
<p>6. Erik Zabel (Germany)</p>
<p>7. Biagio Conte</p>
<p>8. Sergio Previtali</p>
<p>9. Claudio Camin</p>
<p>10.Sergei Outschakov (Ukraine) all same time as Leoni</p>
<p>Standings (including Wednesday's time trial):</p>
<p>1. Rolf Sorensen (Denmark) 4:52.31</p>
<p>2. Erik Dekker (Netherlands) two seconds behind</p>
<p>3. Gianluca Pianegonda same time</p>
<p>4. Maurizio Fondriest three seconds</p>
<p>5. Gabriele Colombo four seconds</p>
<p>6. Leon Van Bon (Netherlands) same time</p>
<p>7. Frank Corvers five seconds</p>
<p>8. Roberto Petito</p>
<p>9. Paolo Savoldelli same time</p>
<p>10.Michele Bartoli six seconds</p>
</text>
<copyright>(c) Reuters Limited 1997</copyright>
<metadata>
<codes class="bip:countries:1.0">
  <code code="ITALY">
    <editdetail attribution="Reuters BIP Coding Group" action="confirmed" date="1997-03-13"/>
  </code>
</codes>
<codes class="bip:topics:1.0">
  <code code="GCAT">
    <editdetail attribution="Reuters BIP Coding Group" action="confirmed" date="1997-03-13"/>
  </code>
  <code code="GSPO">
    <editdetail attribution="Reuters BIP Coding Group" action="confirmed" date="1997-03-13"/>
  </code>
</codes>
<dc element="dc.date.created" value="1997-03-13"/>
<dc element="dc.publisher" value="Reuters Holdings Plc"/>
<dc element="dc.date.published" value="1997-03-13"/>
<dc element="dc.source" value="Reuters"/>
<dc element="dc.creator.location" value="VENAFRO, Italy"/>
<dc element="dc.creator.location.country.name" value="ITALY"/>
<dc element="dc.source" value="Reuters"/>
</metadata>
</newsitem>
