<?xml version="1.0" encoding="iso-8859-1" ?>
<newsitem itemid="438666" id="root" date="1997-03-13" xml:lang="en">
<title>SOUTH AFRICA: BOLAND ATHLETICS TO COMBINE INTO SINGLE BODY.</title>
<headline>BOLAND ATHLETICS TO COMBINE INTO SINGLE BODY.</headline>
<dateline>JOHANNESBURG 1997-03-13</dateline>
<text>
<p>The warring factions in the long-running feud over who runs Boland athletics are to combine in a temporary administration.</p>
<p>Athletics South Africa (ASA) announced in Johannesburg on Thursday that they were ordering the move after accepting the recommendations of the Arendse Commission which was set up in January to resolve the matter.</p>
<p>ASA previosuly recognised two chairman of Boland athletics but now the two factions -- formed around ASA track and field chairman Charles Beukes and his opponent Conwal du Plessis of the powerful Stellenbosch AC -- have been told to nominate six people each to serve on an interim management committee.</p>
<p>The committee will be chaired by Boland Cricket Union president Henry Paulse, a regional member of the National Sports Council, until elections under a revised constitution are held at the end of October, 1998.</p>
<p>ASA also lifted the suspension on all Boland administrators, officials and coaches in January when the factions refused to accept the mediation of advocate Norman Arendse.</p>
<p>The Boland Unity track meeting -- scheduled for Monday -- has been put back to April 14.</p>
</text>
<copyright>(c) Reuters Limited 1997</copyright>
<metadata>
<codes class="bip:countries:1.0">
  <code code="SAFR">
    <editdetail attribution="Reuters BIP Coding Group" action="confirmed" date="1997-03-13"/>
  </code>
</codes>
<codes class="bip:topics:1.0">
  <code code="GCAT">
    <editdetail attribution="Reuters BIP Coding Group" action="confirmed" date="1997-03-13"/>
  </code>
  <code code="GSPO">
    <editdetail attribution="Reuters BIP Coding Group" action="confirmed" date="1997-03-13"/>
  </code>
</codes>
<dc element="dc.date.created" value="1997-03-13"/>
<dc element="dc.publisher" value="Reuters Holdings Plc"/>
<dc element="dc.date.published" value="1997-03-13"/>
<dc element="dc.source" value="Reuters"/>
<dc element="dc.creator.location" value="JOHANNESBURG"/>
<dc element="dc.creator.location.country.name" value="SOUTH AFRICA"/>
<dc element="dc.source" value="Reuters"/>
</metadata>
</newsitem>
