<?xml version="1.0" encoding="iso-8859-1" ?>
<newsitem itemid="438684" id="root" date="1997-03-13" xml:lang="en">
<title>USA: NHL ice hockey-STANDINGS AFTER WEDNESDAY'S GAMES.</title>
<headline>NHL ice hockey-STANDINGS AFTER WEDNESDAY'S GAMES.</headline>
<dateline>NEW YORK 1997-03-13</dateline>
<text>
<p>Standings of National Hockey</p>
<p>League teams after games played on Wednesday (tabulate under</p>
<p>won, lost, tied, goals for, goals against, points):</p>
<p>		 EASTERN CONFERENCE</p>
<p>		 NORTHEAST DIVISION</p>
<p>		    W   L   T   GF   GA   PTS</p>
<p> BUFFALO	 35  21  11  195  167   81</p>
<p> PITTSBURGH    32  28   7  233  221   71</p>
<p> HARTFORD	27  30  10  189  204   64</p>
<p> MONTREAL	24  32  13  210  243   61</p>
<p> OTTAWA	  22  32  13  184  197   57</p>
<p> BOSTON	  23  36   9  200  244   55</p>
<p>		 ATLANTIC DIVISION</p>
<p>		    W   L   T   GF   GA   PTS</p>
<p> PHILADELPHIA  38  20  10  226  173   86</p>
<p> NEW JERSEY    36  19  12  188  155   84</p>
<p> FLORIDA	 30  23  15  180  160   75</p>
<p> NY RANGERS    32  28   9  222  193   73</p>
<p> TAMPA BAY     27  32   7  184  206   61</p>
<p> WASHINGTON    27  34   7  172  191   61</p>
<p> NY ISLANDERS  23  34  10  183  198   56</p>
<p>		 WESTERN CONFERENCE</p>
<p>		 CENTRAL DIVISION</p>
<p>		    W   L   T   GF   GA   PTS</p>
<p> DALLAS	  40  23   5  205  165   85</p>
<p> DETROIT	 32  20  15  212  157   79</p>
<p> PHOENIX	 31  33   5  197  210   67</p>
<p> ST LOUIS	29  31   8  199  209   66</p>
<p> CHICAGO	 27  31  11  177  172   65</p>
<p> TORONTO	 25  38   5  198  234   55</p>
<p>		 PACIFIC DIVISION</p>
<p>		    W   L   T   GF   GA   PTS</p>
<p> X-COLORADO    41  18   9  230  166   91</p>
<p> EDMONTON	31  31   7  213  208   69</p>
<p> ANAHEIM	 29  30   9  197  195   67</p>
<p> CALGARY	 29  34   7  184  198   65</p>
<p> VANCOUVER     28  36   4  209  233   60</p>
<p> LOS ANGELES   25  35   9  184  224   59</p>
<p> SAN JOSE	23  37   7  172  220   53</p>
<p>X -- CLINCHED PLAYOFF BERTH</p>
<p>THURSDAY, MARCH 13 SCHEDULE</p>
<p>MONTREAL AT BOSTON		</p>
<p>VANCOUVER AT FLORIDA	    </p>
<p>HARTFORD AT NEW JERSEY	  </p>
<p>EDMONTON AT PHILADELPHIA	</p>
<p>NY ISLANDERS AT TAMPA BAY     </p>
<p>ST LOUIS AT LOS ANGELES</p>
</text>
<copyright>(c) Reuters Limited 1997</copyright>
<metadata>
<codes class="bip:countries:1.0">
  <code code="CANA">
    <editdetail attribution="Reuters BIP Coding Group" action="confirmed" date="1997-03-13"/>
  </code>
  <code code="USA">
    <editdetail attribution="Reuters BIP Coding Group" action="confirmed" date="1997-03-13"/>
  </code>
</codes>
<codes class="bip:topics:1.0">
  <code code="GCAT">
    <editdetail attribution="Reuters BIP Coding Group" action="confirmed" date="1997-03-13"/>
  </code>
  <code code="GSPO">
    <editdetail attribution="Reuters BIP Coding Group" action="confirmed" date="1997-03-13"/>
  </code>
</codes>
<dc element="dc.date.created" value="1997-03-13"/>
<dc element="dc.publisher" value="Reuters Holdings Plc"/>
<dc element="dc.date.published" value="1997-03-13"/>
<dc element="dc.source" value="Reuters"/>
<dc element="dc.creator.location" value="NEW YORK"/>
<dc element="dc.creator.location.country.name" value="USA"/>
<dc element="dc.source" value="Reuters"/>
</metadata>
</newsitem>
