<?xml version="1.0" encoding="iso-8859-1" ?>
<newsitem itemid="438636" id="root" date="1997-03-13" xml:lang="en">
<title>GERMANY: SOCCER-KARLSRUHE GIVE HAESSLER ULTIMATUM ABOUT FUTURE.</title>
<headline>SOCCER-KARLSRUHE GIVE HAESSLER ULTIMATUM ABOUT FUTURE.</headline>
<dateline>KARLSRUHE, Germany 1997-03-13</dateline>
<text>
<p>Karlsruhe have told German international Thomas Haessler he has until Monday to make up his mind whether he plans to stay at the Bundesliga club next season.</p>
<p>The diminutive midfielder, who is recovering from a broken leg, has been the subject of much transfer speculation in the past few months and is believed to have received an attractive offer from Bayer Leverkusen.</p>
<p>After talks with Haessler's wife and manager Angela on Thursday, the club said the 30-year-old former Juventus, Roma and Cologne player had until Monday at 0900 local time to announce his decision.</p>
<p>&quot;We need a decision so that all this speculation stops, whatever it is,&quot; club chairman Roland Schmider said.</p>
<p>Haessler has undergone an operation on his broken left leg and is expected to leave hospital at the weekend.</p>
</text>
<copyright>(c) Reuters Limited 1997</copyright>
<metadata>
<codes class="bip:countries:1.0">
  <code code="GFR">
    <editdetail attribution="Reuters BIP Coding Group" action="confirmed" date="1997-03-13"/>
  </code>
</codes>
<codes class="bip:topics:1.0">
  <code code="GCAT">
    <editdetail attribution="Reuters BIP Coding Group" action="confirmed" date="1997-03-13"/>
  </code>
  <code code="GSPO">
    <editdetail attribution="Reuters BIP Coding Group" action="confirmed" date="1997-03-13"/>
  </code>
</codes>
<dc element="dc.date.created" value="1997-03-13"/>
<dc element="dc.publisher" value="Reuters Holdings Plc"/>
<dc element="dc.date.published" value="1997-03-13"/>
<dc element="dc.source" value="Reuters"/>
<dc element="dc.creator.location" value="KARLSRUHE, Germany"/>
<dc element="dc.creator.location.country.name" value="GERMANY"/>
<dc element="dc.source" value="Reuters"/>
</metadata>
</newsitem>
