<?xml version="1.0" encoding="iso-8859-1" ?>
<newsitem itemid="438625" id="root" date="1997-03-13" xml:lang="en">
<title>USA: ALPINE SKIING-SEIZINGER WINS RACE, GERG GRABS SUPER-G TITLE.</title>
<headline>ALPINE SKIING-SEIZINGER WINS RACE, GERG GRABS SUPER-G TITLE.</headline>
<byline>Larry Fine</byline>
<dateline>VAIL, Colorado 1997-03-13</dateline>
<text>
<p>German great Katja Seizinger won the battle but compatriot Hilde Gerg won the war Thursday as she snatched the women's Super-G season title by finishing second in a German medals sweep at the World Cup Finals.</p>
<p>Seizinger, second by a scant three-hundredths of a second in Wednesday's downhill, bounced back to triumph with a sizzling run through a tricky, 34-gate course that claimed several casualties among the star-studded field.</p>
<p>But the 24-year-old Seizinger was deprived of the season's title by the second-place finish of Gerg, who won the crown by 16 points with a 490 total.</p>
<p>&quot;This season was absolutely beyond my wildest dreams,&quot; said the 21-year-old Gerg, who captured world championship bronze in the Super-G and combined at Sestriere.</p>
<p>Seizinger, winner of 27 World Cup races, sliced through the fast course in a time of one minute, 15.73 seconds.</p>
<p>&quot;I had a perfect run today,&quot; said Seizinger, who was head and shoulders better than the field Thursday.</p>
<p>Gerg, skiing right after Seizinger from the 15th position, was a full eight-tenths of a second slower at 1:16.53. But her second-place time held up and that was enough to push her past Seizinger for the Super-G title.</p>
<p>Germany's Martina Ertl claimed third place in 1:17.01, six-hundredths of a second ahead of Ingeborg Helen Marken of Norway.</p>
<p>Overall World Cup champion Pernilla Wiberg entered the race with a 39-point lead in the Super-G standings. But the Swede, who won her first career downhill here Wednesday, skied out on the same blind turn that claimed Swiss star Heidi Zurbriggen and Italian Isolde Kostner, who entered the race with a mathematical chance for the season title.</p>
<p>Wiberg settled for third in the Super-G title hunt on 449 points.</p>
<p>Women's downhill champion Renate Goetschl of Austria also failed to finish the course after Gerg had posted her time.</p>
<p>&quot;It was very dramatic as I had to wait at the finish line and very nerve wracking,&quot; said Gerg.</p>
<p>&quot;My fate was in somebody else's hands. It's tough being totally dependent on others,&quot; added Gerg, who who also won a Super-G this season at Val d'Isere.</p>
<p>Seizinger, who said she had lost eight or nine races by narrow margins this season, lamented another close call against her but said she had not built her hopes too high for claiming the Super-G crown.</p>
<p>&quot;I had just a little chance to win,&quot; she of her title chances. &quot;But it was great to win the race after not winning the downhill yesterday.&quot;</p>
</text>
<copyright>(c) Reuters Limited 1997</copyright>
<metadata>
<codes class="bip:countries:1.0">
  <code code="GFR">
    <editdetail attribution="Reuters BIP Coding Group" action="confirmed" date="1997-03-13"/>
  </code>
  <code code="USA">
    <editdetail attribution="Reuters BIP Coding Group" action="confirmed" date="1997-03-13"/>
  </code>
</codes>
<codes class="bip:topics:1.0">
  <code code="GCAT">
    <editdetail attribution="Reuters BIP Coding Group" action="confirmed" date="1997-03-13"/>
  </code>
  <code code="GSPO">
    <editdetail attribution="Reuters BIP Coding Group" action="confirmed" date="1997-03-13"/>
  </code>
</codes>
<dc element="dc.date.created" value="1997-03-13"/>
<dc element="dc.publisher" value="Reuters Holdings Plc"/>
<dc element="dc.date.published" value="1997-03-13"/>
<dc element="dc.source" value="Reuters"/>
<dc element="dc.creator.location" value="VAIL, Colorado"/>
<dc element="dc.creator.location.country.name" value="USA"/>
<dc element="dc.source" value="Reuters"/>
</metadata>
</newsitem>
