<?xml version="1.0" encoding="iso-8859-1" ?>
<newsitem itemid="438603" id="root" date="1997-03-13" xml:lang="en">
<title>USA: Firstmark to convert preferred stock.</title>
<headline>Firstmark to convert preferred stock.</headline>
<dateline>WATERVILLE, Maine 1997-03-13</dateline>
<text>
<p>Firstmark Corp said Thursday it has approved the conversion of its series B preferred stock, issued in connection with the recent merger of Southern Capital Corp, into Firstmark common stock, effective April 2.</p>
<p>The conversion price will be based on the stock price of Firstmark common during the ten trading days ending March 12 and the subsequent ten trading days beginning March 13.</p>
<p>The preferred stock entitles the holders to dividends beginning January 1, and with the approval of the conversion, dividends will no longer accrue. The preferred stock dividend will be paid on or before June 30, but no earlier than April 30.</p>
<p>Separately, the company said that holders of $585,000 of its eight percent 1992 promissory notes due April 21, have agreed to extend their maturity date to March 1, 1999. The remaining holders of these notes will have until April 21 to extend the maturity date. Notes not exchanged for new notes with a maturity of March 1, 1999, will be repaid with cash.</p>
</text>
<copyright>(c) Reuters Limited 1997</copyright>
<metadata>
<codes class="bip:countries:1.0">
  <code code="USA">
    <editdetail attribution="Reuters BIP Coding Group" action="confirmed" date="1997-03-13"/>
  </code>
</codes>
<codes class="bip:industries:1.0">
  <code code="I83100">
    <editdetail attribution="Reuters BIP Coding Group" action="confirmed" date="1997-03-13"/>
  </code>
</codes>
<codes class="bip:topics:1.0">
  <code code="C17">
    <editdetail attribution="Reuters BIP Coding Group" action="confirmed" date="1997-03-13"/>
  </code>
  <code code="C171">
    <editdetail attribution="Reuters BIP Coding Group" action="confirmed" date="1997-03-13"/>
  </code>
  <code code="CCAT">
    <editdetail attribution="Reuters BIP Coding Group" action="confirmed" date="1997-03-13"/>
  </code>
</codes>
<dc element="dc.date.created" value="1997-03-13"/>
<dc element="dc.publisher" value="Reuters Holdings Plc"/>
<dc element="dc.date.published" value="1997-03-13"/>
<dc element="dc.source" value="Reuters"/>
<dc element="dc.creator.location" value="WATERVILLE, Maine"/>
<dc element="dc.creator.location.country.name" value="USA"/>
<dc element="dc.source" value="Reuters"/>
</metadata>
</newsitem>
