<?xml version="1.0" encoding="iso-8859-1" ?>
<newsitem itemid="438645" id="root" date="1997-03-13" xml:lang="en">
<title>USA: NFL, AMERICAN FOOTBALL-OWNERS VOTE DOWN INSTANT REPLAY.</title>
<headline>NFL, AMERICAN FOOTBALL-OWNERS VOTE DOWN INSTANT REPLAY.</headline>
<dateline>PALM DESERT, California 1997-03-12</dateline>
<text>
<p>National Football League owners have voted down a proposal to bring back instant replay.</p>
<p>The proposal to use videotape to review certain refereeing decisions fell three votes short during the NFL owners' meetings Wednesday. Twenty of the 30 owners voted for the plan, with 23 needed for approval.</p>
<p>The NFL Competition Committee, co-chaired by Green Bay Packers coach Mike Holmgren and New York Giants general manager George Young, presented a proposal to reinstate instant replay for the upcoming season. A proposal to bring back instant replay also failed in 1992.</p>
<p>Under the new proposal, each team was to get a maximum of two replays per game, but each challenge would result in the removal of a timeout, regardless of whether the play was overturned. That provision appeared to be the backbreaker.</p>
<p>Coaches were fearful that they could be left without a timeout to call for a replay challenge in the final seconds of a game.</p>
<p>The replay proposal included four types of reviewable plays: any or all scoring plays, sideline plays in or out of bounds, number of players on the field and fumbles or interceptions. Judgment calls on possible pass interference plays would not be subject to review.</p>
<p>The NFL experimented with instant replay by using a sideline monitor in selected pre-season games last year.</p>
<p>Also on Wednesday, the league reached a decision on the thorny issue of cross ownership. NFL Commissioner Paul Tagliabue announced approval of a plan to allow an NFL owner to acquire an interest in a baseball, basketball, or hockey team in the owner's own market or in a neutral area.</p>
<p>The vote directly affected the Miami Dolphins and Seattle Seahawks.</p>
<p>Dolphins owner Wayne Huizenga also owns Major League Baseball's Florida Marlins and the National Hockey League's Florida Panthers. Paul Allen, who owns the NBA's Portland Trail Blazers, is in the process of acquiring the Seahawks.</p>
<p>Expansion also was to be discussed at the meetings, which were to conclude Thursday. Tagliabue has said he wants the league &quot;to take a hard look at expansion to 32 teams.&quot;</p>
<p>The NFL has promised to put a team back in Cleveland for the 1999 season. The league also would prefer to put a franchise back in Los Angeles, which lost both the Rams and Raiders.</p>
</text>
<copyright>(c) Reuters Limited 1997</copyright>
<metadata>
<codes class="bip:countries:1.0">
  <code code="USA">
    <editdetail attribution="Reuters BIP Coding Group" action="confirmed" date="1997-03-13"/>
  </code>
</codes>
<codes class="bip:topics:1.0">
  <code code="GCAT">
    <editdetail attribution="Reuters BIP Coding Group" action="confirmed" date="1997-03-13"/>
  </code>
  <code code="GSPO">
    <editdetail attribution="Reuters BIP Coding Group" action="confirmed" date="1997-03-13"/>
  </code>
</codes>
<dc element="dc.date.created" value="1997-03-12"/>
<dc element="dc.publisher" value="Reuters Holdings Plc"/>
<dc element="dc.date.published" value="1997-03-13"/>
<dc element="dc.source" value="Reuters"/>
<dc element="dc.creator.location" value="PALM DESERT, California"/>
<dc element="dc.creator.location.country.name" value="USA"/>
<dc element="dc.source" value="Reuters"/>
</metadata>
</newsitem>
