<?xml version="1.0" encoding="iso-8859-1" ?>
<newsitem itemid="438651" id="root" date="1997-03-13" xml:lang="en">
<title>UK: SOCCER-TEENAGER BANNED FOR DRUGS SET TO PLAY AGAIN.</title>
<headline>SOCCER-TEENAGER BANNED FOR DRUGS SET TO PLAY AGAIN.</headline>
<dateline>LONDON 1997-03-13</dateline>
<text>
<p>An English first division player who was banned from the game for taking cocaine, cannabis and ecstasy was cleared to play again on Thursday.</p>
<p>The English Football Association lifted a suspension which it imposed on Charlton Athletic teenager Jay Notley last November after he failed a drugs test.</p>
<p>But it said Notley faced a lifetime ban from soccer if he tested positive again.</p>
<p>&quot;Jay's been undergoing a course of counselling and rehabilitation since he was charged back in November,&quot; an F.A. spokesman said. &quot;He'll be subject to further random drugs tests for the next 12 months.&quot;</p>
<p>Notley will be free to play for Charlton again from Monday.</p>
</text>
<copyright>(c) Reuters Limited 1997</copyright>
<metadata>
<codes class="bip:countries:1.0">
  <code code="UK">
    <editdetail attribution="Reuters BIP Coding Group" action="confirmed" date="1997-03-13"/>
  </code>
</codes>
<codes class="bip:topics:1.0">
  <code code="GCAT">
    <editdetail attribution="Reuters BIP Coding Group" action="confirmed" date="1997-03-13"/>
  </code>
  <code code="GSPO">
    <editdetail attribution="Reuters BIP Coding Group" action="confirmed" date="1997-03-13"/>
  </code>
</codes>
<dc element="dc.date.created" value="1997-03-13"/>
<dc element="dc.publisher" value="Reuters Holdings Plc"/>
<dc element="dc.date.published" value="1997-03-13"/>
<dc element="dc.source" value="Reuters"/>
<dc element="dc.creator.location" value="LONDON"/>
<dc element="dc.creator.location.country.name" value="UK"/>
<dc element="dc.source" value="Reuters"/>
</metadata>
</newsitem>
