<?xml version="1.0" encoding="iso-8859-1" ?>
<newsitem itemid="438608" id="root" date="1997-03-13" xml:lang="en">
<title>USA: Intel still seen as buy at Bear Stearns.</title>
<headline>Intel still seen as buy at Bear Stearns.</headline>
<dateline>NEW YORK 1997-03-13</dateline>
<text>
<p>Bear Stearns &amp; Co chip analyst Andy Neff still considers Intel a buy because of strong new products in the works and little threat from competitors, a source at the investment bank said Thursday.</p>
<p>Neff told traders at the firm this morning that he still expects Intel's Pentium II chip -- to be introduced later this year -- to sell well, the source said.</p>
<p>Neff also said a new fast chip from Advanced Micro Devices Inc poses little threat to Intel.</p>
</text>
<copyright>(c) Reuters Limited 1997</copyright>
<metadata>
<codes class="bip:countries:1.0">
  <code code="USA">
    <editdetail attribution="Reuters BIP Coding Group" action="confirmed" date="1997-03-13"/>
  </code>
</codes>
<codes class="bip:industries:1.0">
  <code code="I34531">
    <editdetail attribution="Reuters BIP Coding Group" action="confirmed" date="1997-03-13"/>
  </code>
</codes>
<codes class="bip:topics:1.0">
  <code code="C15">
    <editdetail attribution="Reuters BIP Coding Group" action="confirmed" date="1997-03-13"/>
  </code>
  <code code="C152">
    <editdetail attribution="Reuters BIP Coding Group" action="confirmed" date="1997-03-13"/>
  </code>
  <code code="CCAT">
    <editdetail attribution="Reuters BIP Coding Group" action="confirmed" date="1997-03-13"/>
  </code>
</codes>
<dc element="dc.date.created" value="1997-03-13"/>
<dc element="dc.publisher" value="Reuters Holdings Plc"/>
<dc element="dc.date.published" value="1997-03-13"/>
<dc element="dc.source" value="Reuters"/>
<dc element="dc.creator.location" value="NEW YORK"/>
<dc element="dc.creator.location.country.name" value="USA"/>
<dc element="dc.source" value="Reuters"/>
</metadata>
</newsitem>
