<?xml version="1.0" encoding="iso-8859-1" ?>
<newsitem itemid="438606" id="root" date="1997-03-13" xml:lang="en">
<title>USA: Texaco shares slide in thin volume.</title>
<headline>Texaco shares slide in thin volume.</headline>
<dateline>NEW YORK 1997-03-13</dateline>
<text>
<p>Texaco Inc shares were down 2-3/8 to 100-3/8 in thin late-morning trade after the stock was dropped from the Dow Jones Industrial Average, but analysts say the fundamentals of the stock remain intact.</p>
<p>&quot;There are some fears that the stock may not be sought after by some of the index funds, but long term the fundamentals will win out and the stock can rebound,&quot; said Bruce Lanni, an analyst at Oppenheimer &amp; Co.  </p>
<p>Some 512,000 Texaco shares had changed hands at 1112 EST/1612 GMT.</p>
<p>&quot;There are very positive fundamentals relative to the (energy) group,&quot; said Lanni. &quot;Volume at the moment is nothing, so you are not getting any major shareholders pulling out.&quot;</p>
</text>
<copyright>(c) Reuters Limited 1997</copyright>
<metadata>
<codes class="bip:countries:1.0">
  <code code="USA">
    <editdetail attribution="Reuters BIP Coding Group" action="confirmed" date="1997-03-13"/>
  </code>
</codes>
<codes class="bip:industries:1.0">
  <code code="I13000">
    <editdetail attribution="Reuters BIP Coding Group" action="confirmed" date="1997-03-13"/>
  </code>
  <code code="I1300003">
    <editdetail attribution="Reuters BIP Coding Group" action="confirmed" date="1997-03-13"/>
  </code>
</codes>
<codes class="bip:topics:1.0">
  <code code="C15">
    <editdetail attribution="Reuters BIP Coding Group" action="confirmed" date="1997-03-13"/>
  </code>
  <code code="C152">
    <editdetail attribution="Reuters BIP Coding Group" action="confirmed" date="1997-03-13"/>
  </code>
  <code code="CCAT">
    <editdetail attribution="Reuters BIP Coding Group" action="confirmed" date="1997-03-13"/>
  </code>
</codes>
<dc element="dc.date.created" value="1997-03-13"/>
<dc element="dc.publisher" value="Reuters Holdings Plc"/>
<dc element="dc.date.published" value="1997-03-13"/>
<dc element="dc.source" value="Reuters"/>
<dc element="dc.creator.location" value="NEW YORK"/>
<dc element="dc.creator.location.country.name" value="USA"/>
<dc element="dc.source" value="Reuters"/>
</metadata>
</newsitem>
