<?xml version="1.0" encoding="iso-8859-1" ?>
<newsitem itemid="438629" id="root" date="1997-03-13" xml:lang="en">
<title>FRANCE: CYCLING-PARIS-NICE FIFTH STAGE PLACINGS.</title>
<headline>CYCLING-PARIS-NICE FIFTH STAGE PLACINGS.</headline>
<dateline>VENISSIEUX, France 1997-03-13</dateline>
<text>
<p>Leading placings in</p>
<p>the 197-km fifth stage of the Paris-Nice race from Cournon</p>
<p>d'Auvergne on Thursday:</p>
<p>1. Tom Steels (Belgium) Mapei  five hours 20 minutes 48</p>
<p>seconds</p>
<p>2. Mario Cipollini (Italy) Saeco</p>
<p>3. Laurent Jalabert (France) ONCE</p>
<p>4. Jean Jacques Henry (France) Big Mat</p>
<p>5. Christophe Cappelle (France) Cofidis</p>
<p>6. Fabio Baldato (Italy) MG-Technogym</p>
<p>7. Gordon Fraser (Canada) Mutuelle de Seine-et-Marne</p>
<p>8. Adriano Baffi (Italy) US Postal</p>
<p>9. Frederic Moncassin (France) GAN</p>
<p>10. Christophe Moreau (France) Festina</p>
<p>11. Nicola Loda (Italy) MG-Technogym</p>
<p>12. Henk Vogels (Australia) GAN</p>
<p>13. Pascal Chanteur (France) Casino</p>
<p>14. Laurent Pillon (France) Mutuelle de Seine-et-Marne</p>
<p>15. Lauri Aus (Estonia) Casino</p>
<p>16. Gilles Talmant (France) Big Mat</p>
<p>17. Stuart O'Grady (Australia) GAN</p>
<p>18. David Etxabarria (Spain) Once</p>
<p>19. Ludovic Auger (France) Big Mat</p>
<p>20. Christophe Mengin (France) Francaise des Jeux  all same</p>
<p>time as winner</p>
<p>Leading overall placings:</p>
<p>  1. Jalabert					    18:07:14</p>
<p>  2. Chanteur				 24 seconds behind</p>
<p>  3. Steels					    26 seconds</p>
<p>  4. Laurent Dufaux (Switzerland) Festina		36</p>
<p>  5. Didier Rous (France) Festina			  40</p>
<p>  6. Christophe Moreau (France) Festina		  47</p>
<p>  7. Gilles Bouvard (France) Festina		     49</p>
<p>  8. Stephane Heulot (France) Francaise des Jeux     50</p>
<p>  9. Vjacheslav Ekimov (Russia) US Postal		52</p>
<p> 10. Santiago Blanco (Spain) Banesto		     54</p>
<p> 11. Benoit Salmon (France) Lotto			  54</p>
<p> 12. Johan Museeuw (Belgium) Mapei			 54</p>
<p> 13. Pascal Lino (France) Big Mat			  55</p>
<p>14. Evgeny Berzin (Russia) Batik one minute one second</p>
<p> 15. Armand de las Cuevas (France) Banesto	   1:01</p>
<p> 16. Enrico Cassani (Italy) Polti			1:02</p>
<p> 17. Richard Virenque (France) Festina		 1:02</p>
<p> 18. Ermanno Brignoli (Italy) Batik		    1:03</p>
<p> 19. Tony Rominger (Switzerland) Cofidis	     1:05</p>
<p> 20. Max Sciandri (Britain) Francaise des Jeux     1:06</p>
</text>
<copyright>(c) Reuters Limited 1997</copyright>
<metadata>
<codes class="bip:countries:1.0">
  <code code="FRA">
    <editdetail attribution="Reuters BIP Coding Group" action="confirmed" date="1997-03-13"/>
  </code>
</codes>
<codes class="bip:topics:1.0">
  <code code="GCAT">
    <editdetail attribution="Reuters BIP Coding Group" action="confirmed" date="1997-03-13"/>
  </code>
  <code code="GSPO">
    <editdetail attribution="Reuters BIP Coding Group" action="confirmed" date="1997-03-13"/>
  </code>
</codes>
<dc element="dc.date.created" value="1997-03-13"/>
<dc element="dc.publisher" value="Reuters Holdings Plc"/>
<dc element="dc.date.published" value="1997-03-13"/>
<dc element="dc.source" value="Reuters"/>
<dc element="dc.creator.location" value="VENISSIEUX, France"/>
<dc element="dc.creator.location.country.name" value="FRANCE"/>
<dc element="dc.source" value="Reuters"/>
</metadata>
</newsitem>
