<?xml version="1.0" encoding="iso-8859-1" ?>
<newsitem itemid="438669" id="root" date="1997-03-13" xml:lang="en">
<title>NEW ZEALAND: CRICKET-NZ 67-1 AT LUNCH VS SRI LANKA IN 2ND TEST.</title>
<headline>CRICKET-NZ 67-1 AT LUNCH VS SRI LANKA IN 2ND TEST.</headline>
<dateline>HAMILTON, New Zealand 1996-03-14</dateline>
<text>
<p>New Zealand were 67 for the loss of one wicket at lunch on the first day of their second cricket test against Sri Lanka on Friday.</p>
<p>Score: New Zealand 67 for one (B. Pocock 37 not out).</p>
</text>
<copyright>(c) Reuters Limited 1997</copyright>
<metadata>
<codes class="bip:countries:1.0">
  <code code="NZ">
    <editdetail attribution="Reuters BIP Coding Group" action="confirmed" date="1997-03-13"/>
  </code>
  <code code="SRILAN">
    <editdetail attribution="Reuters BIP Coding Group" action="confirmed" date="1997-03-13"/>
  </code>
</codes>
<codes class="bip:topics:1.0">
  <code code="GCAT">
    <editdetail attribution="Reuters BIP Coding Group" action="confirmed" date="1997-03-13"/>
  </code>
  <code code="GSPO">
    <editdetail attribution="Reuters BIP Coding Group" action="confirmed" date="1997-03-13"/>
  </code>
</codes>
<dc element="dc.date.created" value="1996-03-14"/>
<dc element="dc.publisher" value="Reuters Holdings Plc"/>
<dc element="dc.date.published" value="1997-03-13"/>
<dc element="dc.source" value="Reuters"/>
<dc element="dc.creator.location" value="HAMILTON, New Zealand"/>
<dc element="dc.creator.location.country.name" value="NEW ZEALAND"/>
<dc element="dc.source" value="Reuters"/>
</metadata>
</newsitem>
