<?xml version="1.0" encoding="iso-8859-1" ?>
<newsitem itemid="438617" id="root" date="1997-03-13" xml:lang="en">
<title>USA: ALPINE SKIING-SCHIFFERER WINS SUPER-G AT WORLD CUP FINALS.</title>
<headline>ALPINE SKIING-SCHIFFERER WINS SUPER-G AT WORLD CUP FINALS.</headline>
<dateline>VAIL, Colorado 1997-03-13</dateline>
<text>
<p>Andreas Schifferer of Austria won the men's Super-G race at the World Cup Finals on Thursday, according to provisional results.</p>
<p>Josef Strobl of Austria came in second and Italian Kristian Ghedina finished third as Frenchman Luc Alphand secured the Super-G season title with a ninth-place finish.</p>
</text>
<copyright>(c) Reuters Limited 1997</copyright>
<metadata>
<codes class="bip:countries:1.0">
  <code code="USA">
    <editdetail attribution="Reuters BIP Coding Group" action="confirmed" date="1997-03-13"/>
  </code>
</codes>
<codes class="bip:topics:1.0">
  <code code="GCAT">
    <editdetail attribution="Reuters BIP Coding Group" action="confirmed" date="1997-03-13"/>
  </code>
  <code code="GSPO">
    <editdetail attribution="Reuters BIP Coding Group" action="confirmed" date="1997-03-13"/>
  </code>
</codes>
<dc element="dc.date.created" value="1997-03-13"/>
<dc element="dc.publisher" value="Reuters Holdings Plc"/>
<dc element="dc.date.published" value="1997-03-13"/>
<dc element="dc.source" value="Reuters"/>
<dc element="dc.creator.location" value="VAIL, Colorado"/>
<dc element="dc.creator.location.country.name" value="USA"/>
<dc element="dc.source" value="Reuters"/>
</metadata>
</newsitem>
