<?xml version="1.0" encoding="iso-8859-1" ?>
<newsitem itemid="438661" id="root" date="1997-03-13" xml:lang="en">
<title>UK: FIGURE SKATING-LIPINSKI READY TO CRASH PARTY.</title>
<headline>FIGURE SKATING-LIPINSKI READY TO CRASH PARTY.</headline>
<byline>Brian Creighton</byline>
<dateline>LONDON 1997-03-13</dateline>
<text>
<p>A tiny Texan with a 10-gallon smile suddenly looks ready to crash the party that Michelle Kwan and Chen Lu had planned to throw for themselves at next week's world figure skating championships in Lausanne.</p>
<p>The American and the Chinese waged a gold medal battle of epic proportions at last year's championships in Edmonton, Alberta, with Kwan edging the defending champion to take her first world title.</p>
<p>Until February it appeared they would write chapter two this month in a story likely to go on to include next year's Olympic Games in Japan.</p>
<p>Then up popped Tara Lipinski to take advantage of a surprising lapse by Kwan at the national championships where she upset her compatriot with a crowd-pleaser of a performance that included a triple loop-triple loop jump combination that no other skater in the world even attempts.</p>
<p>&quot;I'm in shock.&quot; the tiny 14-year-old from Sugar Land, Texas said afterwards.</p>
<p>But she recovered well enough to deliver another dose of punishment to Kwan at the Championship Series finals in Hamilton, Ontario, two weeks later, inflicting a second successive defeat on a skater who until the nationals had won her last 11 competitions.</p>
<p>Next week Lipinski can complete a hat trick, which would be a huge advance for a skater who placed 15th in her first world championship a year ago.</p>
<p>She seems unflustered at the prospect. &quot;It would be very hard to win but I don't feel much pressure going in. I can only get better,&quot; she said this week.</p>
<p>Kwan, meanwhile, must pick up the pieces from her two defeats and, at 16, re-establish herself as the gold medal favourite.</p>
<p>Chen's form is a mystery at the moment for she did not take part in any of the six Championship Series events leading up to the final.</p>
<p>But the elegant Chinese has the style and the jumping ability to win again, as she proved last year when she gave a performance that in any other year would have almost certainly been enough for gold.</p>
<p>Last year's bronze medallist, Russia's European champion Irina Slutskaya, is the main threat to the other three. The field which is likely to comprise more than 40 skaters will be cut to the low 30s in Monday's qualifying for the main event.</p>
<p>The men's championship, for which qualifying is on Sunday, looks likely to produce a victory for former champion Elvis Stojko of Canada following his sensational quadruple-triple jump en route to winning the Champions Series title.</p>
<p>Stojko lost the title he had won the previous two years when he missed his short programme combination last year in Edmonton but he seems to have put that behind him.</p>
<p>He will again come under threat from the Russians, with Olympic and European champion Alexei Urmanov, former European champion Ilya Kulik and Alexei Yagudin all in the chase. Urmanov and Kulik also produced quadruples in Hamilton though without the triple jump tacked on the end.</p>
<p>However there is a doubt about defending champion Todd Eldredge, as the American sustained an ankle injury in training last week.</p>
<p>He plans to compete but the injury has virtually ruled out the quad he was planning for the event.</p>
<p>Flamboyant Frenchman Philippe Candeloro has withdrawn because of a troublesome ankle injury.</p>
<p>The dance and pairs could both go to Russia, who have Oksana Gritschuk and Evgeny Platov ready to defend their ice dance title against team mates Anjekila Krylova and Oleg Ovsiannikov.</p>
<p>Krylova and her partner were beaten in the Champions Series final by Canadians Shae-Lynn Bourne and Victor Kraatz, who along with two French couples should battle for medals.</p>
<p>In pairs, Russia has former world and Olympic champion Artur Dmitriev with new partner Oksana Kazakova.</p>
<p>They made their case for a recall by beating world and European champions Marina Eltsova and Andrei Bushkov at the Champions Series final.</p>
<p>But the winners there, Germans Mandy Woetzel and Ingo Steuer, are the favourites in Lausanne.</p>
</text>
<copyright>(c) Reuters Limited 1997</copyright>
<metadata>
<codes class="bip:countries:1.0">
  <code code="CANA">
    <editdetail attribution="Reuters BIP Coding Group" action="confirmed" date="1997-03-13"/>
  </code>
  <code code="SWITZ">
    <editdetail attribution="Reuters BIP Coding Group" action="confirmed" date="1997-03-13"/>
  </code>
  <code code="UK">
    <editdetail attribution="Reuters BIP Coding Group" action="confirmed" date="1997-03-13"/>
  </code>
  <code code="USA">
    <editdetail attribution="Reuters BIP Coding Group" action="confirmed" date="1997-03-13"/>
  </code>
</codes>
<codes class="bip:topics:1.0">
  <code code="GCAT">
    <editdetail attribution="Reuters BIP Coding Group" action="confirmed" date="1997-03-13"/>
  </code>
  <code code="GSPO">
    <editdetail attribution="Reuters BIP Coding Group" action="confirmed" date="1997-03-13"/>
  </code>
</codes>
<dc element="dc.date.created" value="1997-03-13"/>
<dc element="dc.publisher" value="Reuters Holdings Plc"/>
<dc element="dc.date.published" value="1997-03-13"/>
<dc element="dc.source" value="Reuters"/>
<dc element="dc.creator.location" value="LONDON"/>
<dc element="dc.creator.location.country.name" value="UK"/>
<dc element="dc.source" value="Reuters"/>
</metadata>
</newsitem>
