<?xml version="1.0" encoding="iso-8859-1" ?>
<newsitem itemid="438696" id="root" date="1997-03-13" xml:lang="en">
<title>FRANCE: SOCCER-ALGERIAN FIRST DIVISION RESULTS.</title>
<headline>SOCCER-ALGERIAN FIRST DIVISION RESULTS.</headline>
<dateline>PARIS 1997-03-13</dateline>
<text>
<p>Results of Algerian first</p>
<p>division soccer matches on Thursday:</p>
<p>  Mouloudia Club Alger    3     Sportif Constantine 0</p>
<p>  Mouloudia  Constantine  1     Mouloudia Alger     0</p>
<p>  Chabab Belouizdad	 2     Jeunesse Kabylie    0</p>
<p>  Association Ain M'Lila  1     Widad Mostaganem    0</p>
<p>  Widad Tlemcen	     1     Chabab Batna	  0</p>
<p>  Utihad el Harrach	 1     Utihad Ain Beida    0</p>
<p>  Mouloudia Oran	    1     Widad Boufarik	0</p>
<p>  Utihad Chaouia	    v     Nadit Hussein Dey   postponed</p>
</text>
<copyright>(c) Reuters Limited 1997</copyright>
<metadata>
<codes class="bip:countries:1.0">
  <code code="ALG">
    <editdetail attribution="Reuters BIP Coding Group" action="confirmed" date="1997-03-13"/>
  </code>
  <code code="FRA">
    <editdetail attribution="Reuters BIP Coding Group" action="confirmed" date="1997-03-13"/>
  </code>
</codes>
<codes class="bip:topics:1.0">
  <code code="GCAT">
    <editdetail attribution="Reuters BIP Coding Group" action="confirmed" date="1997-03-13"/>
  </code>
  <code code="GSPO">
    <editdetail attribution="Reuters BIP Coding Group" action="confirmed" date="1997-03-13"/>
  </code>
</codes>
<dc element="dc.date.created" value="1997-03-13"/>
<dc element="dc.publisher" value="Reuters Holdings Plc"/>
<dc element="dc.date.published" value="1997-03-13"/>
<dc element="dc.source" value="Reuters"/>
<dc element="dc.creator.location" value="PARIS"/>
<dc element="dc.creator.location.country.name" value="FRANCE"/>
<dc element="dc.source" value="Reuters"/>
</metadata>
</newsitem>
