<?xml version="1.0" encoding="iso-8859-1" ?>
<newsitem itemid="438688" id="root" date="1997-03-13" xml:lang="en">
<title>SPAIN: SOCCER-BETIS AND CELTA THROUGH TO SPANISH CUP SEMIFINALS.</title>
<headline>SOCCER-BETIS AND CELTA THROUGH TO SPANISH CUP SEMIFINALS.</headline>
<dateline>MADRID 1997-03-13</dateline>
<text>
<p>Real Betis and Celta Vigo will join Barcelona and second-division Las Palmas in the Spanish Cup semifinals after ensuring comfortable aggregate wins in quarter-final second legs on Thursday.</p>
<p>Betis beat struggling Rayo Vallecano 2-1 to take a 4-1 aggregate victory, while Celta added a 1-0 win to their 2-1 first leg win at Racing Santander.</p>
<p>Las Palmas had scraped past Espanyol on the away goals rule on Wednesday night, while Barcelona launched an epic fight-back to turn a 3-0 half-time deficit into a 5-4 victory over Atletico Madrid.</p>
<p>Barcelona and Betis, second and third in the league respectively, are the hot favourites for the Cup ahead of Friday's lunchtime semifinal draw.</p>
</text>
<copyright>(c) Reuters Limited 1997</copyright>
<metadata>
<codes class="bip:countries:1.0">
  <code code="SPAIN">
    <editdetail attribution="Reuters BIP Coding Group" action="confirmed" date="1997-03-13"/>
  </code>
</codes>
<codes class="bip:topics:1.0">
  <code code="GCAT">
    <editdetail attribution="Reuters BIP Coding Group" action="confirmed" date="1997-03-13"/>
  </code>
  <code code="GSPO">
    <editdetail attribution="Reuters BIP Coding Group" action="confirmed" date="1997-03-13"/>
  </code>
</codes>
<dc element="dc.date.created" value="1997-03-13"/>
<dc element="dc.publisher" value="Reuters Holdings Plc"/>
<dc element="dc.date.published" value="1997-03-13"/>
<dc element="dc.source" value="Reuters"/>
<dc element="dc.creator.location" value="MADRID"/>
<dc element="dc.creator.location.country.name" value="SPAIN"/>
<dc element="dc.source" value="Reuters"/>
</metadata>
</newsitem>
