<?xml version="1.0" encoding="iso-8859-1" ?>
<newsitem itemid="438643" id="root" date="1997-03-13" xml:lang="en">
<title>USA: TENNIS-EVERT CUP RESULTS.</title>
<headline>TENNIS-EVERT CUP RESULTS.</headline>
<dateline>INDIAN WELLS, California 1997-03-12</dateline>
<text>
<p>Results from</p>
<p>the $1.25 million Evert Cup women's tennis tournament on</p>
<p>Wednesday (prefix number denotes seeding):</p>
<p>Quarter-finals</p>
<p>9-Mary Joe Fernandez (U.S.) beat 2-Conchita Martinez (Spain)</p>
<p>6-4 6-4</p>
<p>4-Lindsay Davenport (U.S.) beat Venus Williams (U.S.) 6-4 5-7</p>
<p>7-6 (7-1)</p>
<p>6-Irina Spirlea (Romania) beat 13-Nathalie Tauziat (France)</p>
<p>6-4 6-2</p>
</text>
<copyright>(c) Reuters Limited 1997</copyright>
<metadata>
<codes class="bip:countries:1.0">
  <code code="USA">
    <editdetail attribution="Reuters BIP Coding Group" action="confirmed" date="1997-03-13"/>
  </code>
</codes>
<codes class="bip:topics:1.0">
  <code code="GCAT">
    <editdetail attribution="Reuters BIP Coding Group" action="confirmed" date="1997-03-13"/>
  </code>
  <code code="GSPO">
    <editdetail attribution="Reuters BIP Coding Group" action="confirmed" date="1997-03-13"/>
  </code>
</codes>
<dc element="dc.date.created" value="1997-03-12"/>
<dc element="dc.publisher" value="Reuters Holdings Plc"/>
<dc element="dc.date.published" value="1997-03-13"/>
<dc element="dc.source" value="Reuters"/>
<dc element="dc.creator.location" value="INDIAN WELLS, California"/>
<dc element="dc.creator.location.country.name" value="USA"/>
<dc element="dc.source" value="Reuters"/>
</metadata>
</newsitem>
