<?xml version="1.0" encoding="iso-8859-1" ?>
<newsitem itemid="438609" id="root" date="1997-03-13" xml:lang="en">
<title>USA: Imatron Inc year loss widens. [CORRECTED 18:10 GMT]</title>
<headline>Imatron Inc year loss widens. [CORRECTED 18:10 GMT]</headline>
<dateline>SO. SAN FRANCISCO, Calif 1997-03-13</dateline>
<text>
<p>(Corrects period in headline to year from Q1.)</p>
<p>		    Consolidated Statements of Operations</p>
<p>	     (Amounts in thousands, except per share amounts)</p>
<p>						  Year ended December 31,</p>
<p>						   1996	1995    1994</p>
<p>Revenues</p>
<p>   Product sales			   $14,236  $13,254 $23,210</p>
<p>Product sale-leaseback arrangements</p>
<p>						   1,774    1,820	 -</p>
<p>   Service				     3,465    5,529   4,750</p>
<p>   Development contracts		   5,000    5,637   5,380</p>
<p>   Clinics				     1,293	460     231</p>
<p>     Total revenues			 25,768   26,700  33,571</p>
<p>Cost of revenues</p>
<p>   Product sales			    12,617   11,533  16,556</p>
<p>Product sale-leaseback arrangements</p>
<p>						   1,774    1,820	 -</p>
<p>   Service				     3,158    3,952   4,021</p>
<p>   Development contracts		   5,000    4,978   5,227</p>
<p>   Clinics				     2,238    1,350     521</p>
<p>     Total cost of revenues	     24,787   23,633  26,325</p>
<p> Gross profit				    981    3,067   7,246</p>
<p>Operating expenses</p>
<p>   Research and Development		3,318    3,430   2,101</p>
<p>   Marketing and Sales		     4,676    3,137   2,077</p>
<p>   General and Administrative	    5,396    2,658   2,519</p>
<p>     Total operating expenses	   13,390    9,225   6,697</p>
<p> Operating income (loss)		(12,409)  (6,158)     549</p>
<p> Other income				  2,508    4,021   2,319</p>
<p> Interest expense			    (564)    (312)   (558)</p>
<p> Net income (loss)			(10,465)  (2,449)   2,310</p>
<p> Net income (loss) per common share    (.14)    (.04)     .04</p>
<p>Number of shares used in per share</p>
<p>	 calculations			 74,406   57,598  62,102</p>
</text>
<copyright>(c) Reuters Limited 1997</copyright>
<metadata>
<codes class="bip:countries:1.0">
  <code code="USA">
    <editdetail attribution="Reuters BIP Coding Group" action="confirmed" date="1997-03-13"/>
  </code>
</codes>
<codes class="bip:industries:1.0">
  <code code="I37200">
    <editdetail attribution="Reuters BIP Coding Group" action="confirmed" date="1997-03-13"/>
  </code>
</codes>
<codes class="bip:topics:1.0">
  <code code="C15">
    <editdetail attribution="Reuters BIP Coding Group" action="confirmed" date="1997-03-13"/>
  </code>
  <code code="C151">
    <editdetail attribution="Reuters BIP Coding Group" action="confirmed" date="1997-03-13"/>
  </code>
  <code code="C1511">
    <editdetail attribution="Reuters BIP Coding Group" action="confirmed" date="1997-03-13"/>
  </code>
  <code code="CCAT">
    <editdetail attribution="Reuters BIP Coding Group" action="confirmed" date="1997-03-13"/>
  </code>
</codes>
<dc element="dc.date.created" value="1997-03-13"/>
<dc element="dc.publisher" value="Reuters Holdings Plc"/>
<dc element="dc.date.published" value="1997-03-13"/>
<dc element="dc.source" value="Reuters"/>
<dc element="dc.creator.location" value="SO. SAN FRANCISCO, Calif"/>
<dc element="dc.creator.location.country.name" value="USA"/>
<dc element="dc.source" value="Reuters"/>
</metadata>
</newsitem>
