<?xml version="1.0" encoding="iso-8859-1" ?>
<newsitem itemid="438638" id="root" date="1997-03-13" xml:lang="en">
<title>UK: HORSE RACING-MR MULLIGAN WINS CHELTENHAM GOLD CUP.</title>
<headline>HORSE RACING-MR MULLIGAN WINS CHELTENHAM GOLD CUP.</headline>
<dateline>CHELTENHAM, England 1997-03-13</dateline>
<text>
<p>Mr Mulligan, ridden by Tony McCoy, won the Cheltenham Gold Cup horse race on Thursday.</p>
</text>
<copyright>(c) Reuters Limited 1997</copyright>
<metadata>
<codes class="bip:countries:1.0">
  <code code="UK">
    <editdetail attribution="Reuters BIP Coding Group" action="confirmed" date="1997-03-13"/>
  </code>
</codes>
<codes class="bip:topics:1.0">
  <code code="GCAT">
    <editdetail attribution="Reuters BIP Coding Group" action="confirmed" date="1997-03-13"/>
  </code>
  <code code="GSPO">
    <editdetail attribution="Reuters BIP Coding Group" action="confirmed" date="1997-03-13"/>
  </code>
</codes>
<dc element="dc.date.created" value="1997-03-13"/>
<dc element="dc.publisher" value="Reuters Holdings Plc"/>
<dc element="dc.date.published" value="1997-03-13"/>
<dc element="dc.source" value="Reuters"/>
<dc element="dc.creator.location" value="CHELTENHAM, England"/>
<dc element="dc.creator.location.country.name" value="UK"/>
<dc element="dc.source" value="Reuters"/>
</metadata>
</newsitem>
