<?xml version="1.0" encoding="iso-8859-1" ?>
<newsitem itemid="438650" id="root" date="1997-03-13" xml:lang="en">
<title>UK: SOCCER-ARSENAL'S MERSON OUT FOR SIX WEEKS.</title>
<headline>SOCCER-ARSENAL'S MERSON OUT FOR SIX WEEKS.</headline>
<dateline>LONDON 1997-03-13</dateline>
<text>
<p>Arsenal's England midfielder Paul Merson will be sidelined for six weeks after undergoing a hernia operation on Thursday, the club said.</p>
<p>Merson, enjoying one of his best seasons with the Londoners, will miss most of the rest of the title run-in as well as England's friendly international against Mexico at Wembley on March 29.</p>
<p>He will hope to return for England's World Cup qualifier against Georgia on April 30.</p>
</text>
<copyright>(c) Reuters Limited 1997</copyright>
<metadata>
<codes class="bip:countries:1.0">
  <code code="MEX">
    <editdetail attribution="Reuters BIP Coding Group" action="confirmed" date="1997-03-13"/>
  </code>
  <code code="UK">
    <editdetail attribution="Reuters BIP Coding Group" action="confirmed" date="1997-03-13"/>
  </code>
</codes>
<codes class="bip:topics:1.0">
  <code code="GCAT">
    <editdetail attribution="Reuters BIP Coding Group" action="confirmed" date="1997-03-13"/>
  </code>
  <code code="GSPO">
    <editdetail attribution="Reuters BIP Coding Group" action="confirmed" date="1997-03-13"/>
  </code>
</codes>
<dc element="dc.date.created" value="1997-03-13"/>
<dc element="dc.publisher" value="Reuters Holdings Plc"/>
<dc element="dc.date.published" value="1997-03-13"/>
<dc element="dc.source" value="Reuters"/>
<dc element="dc.creator.location" value="LONDON"/>
<dc element="dc.creator.location.country.name" value="UK"/>
<dc element="dc.source" value="Reuters"/>
</metadata>
</newsitem>
