<?xml version="1.0" encoding="iso-8859-1" ?>
<newsitem itemid="438648" id="root" date="1997-03-13" xml:lang="en">
<title>UK: BASKETBALL-MEN'S EUROLEAGUE ELIMINATION ROUND RESULTS.</title>
<headline>BASKETBALL-MEN'S EUROLEAGUE ELIMINATION ROUND RESULTS.</headline>
<dateline>LONDON 1997-03-13</dateline>
<text>
<p>Results of third-leg deciding</p>
<p>matches in the men's Euroleague basketball elimination round on</p>
<p>Thursday.</p>
<p>In Istanbul: Efes Pilsen (Turkey) 84, Maccabi Tek Aviv</p>
<p>(Israel) 69.</p>
<p>Leading scorers:</p>
<p>Efes Pilsen - Naumowski 32, Alston 13.</p>
<p>Maccabi - White 20, Katache 15.</p>
<p>Attendance - 12,000</p>
<p>In Villeurbanne:  Villeurbanne (France) 75 Estudiantes</p>
<p>Madrid (Spain) 71. Halftime 36-39.</p>
<p>Leading scorers:</p>
<p>Villeurbanne - Delaney Rudd 18, Alain Diguebeu 17, Jim Bilba</p>
<p>15</p>
<p>Estudiantes - Juan Aisa 17, Rafael Vecina 16, Gonzalez</p>
<p>Martinez 14.</p>
<p>Attendance: 3,700</p>
<p>In Zagreb: Cibona Zagreb (Croatia) 61 Olimpija Ljubljana</p>
<p>(Slovenia) 62 (33-28)</p>
<p>Leading scorers:</p>
<p>Cibona - Damir Mulaomerovic 19, Zdravko Radulovic 17, Dzevad</p>
<p>Alihodzic 8</p>
<p>Olimpija: Arriel McDonald 13, Vladimir Stepania 10, Marko</p>
<p>Milic 8</p>
<p>Attendance: 6,000</p>
<p>In Belgrade: Olympiakos (Greece) 74 Partizan Belgrade</p>
<p>(Yugoslavia) 69 (halftime 45-36)</p>
<p>In Milan: Stefanel Milano (Italy) 78 Kinder Bologna (Italy) 76 (40-34).</p>
<p>Leading scorers:</p>
<p>Stefanel - Anthony Bowie 18, Gregor Fucka 17, Flavio Portaluppi 14</p>
<p>Kinder - Arijan Komazec 25, Alessandro Abbio 16, Zoran Savic 9, Augusto Binelli 9</p>
<p>Attendance: 5,400</p>
</text>
<copyright>(c) Reuters Limited 1997</copyright>
<metadata>
<codes class="bip:countries:1.0">
  <code code="FRA">
    <editdetail attribution="Reuters BIP Coding Group" action="confirmed" date="1997-03-13"/>
  </code>
  <code code="GREECE">
    <editdetail attribution="Reuters BIP Coding Group" action="confirmed" date="1997-03-13"/>
  </code>
  <code code="ISRAEL">
    <editdetail attribution="Reuters BIP Coding Group" action="confirmed" date="1997-03-13"/>
  </code>
  <code code="ITALY">
    <editdetail attribution="Reuters BIP Coding Group" action="confirmed" date="1997-03-13"/>
  </code>
  <code code="SPAIN">
    <editdetail attribution="Reuters BIP Coding Group" action="confirmed" date="1997-03-13"/>
  </code>
  <code code="TURK">
    <editdetail attribution="Reuters BIP Coding Group" action="confirmed" date="1997-03-13"/>
  </code>
  <code code="UK">
    <editdetail attribution="Reuters BIP Coding Group" action="confirmed" date="1997-03-13"/>
  </code>
</codes>
<codes class="bip:topics:1.0">
  <code code="GCAT">
    <editdetail attribution="Reuters BIP Coding Group" action="confirmed" date="1997-03-13"/>
  </code>
  <code code="GSPO">
    <editdetail attribution="Reuters BIP Coding Group" action="confirmed" date="1997-03-13"/>
  </code>
</codes>
<dc element="dc.date.created" value="1997-03-13"/>
<dc element="dc.publisher" value="Reuters Holdings Plc"/>
<dc element="dc.date.published" value="1997-03-13"/>
<dc element="dc.source" value="Reuters"/>
<dc element="dc.creator.location" value="LONDON"/>
<dc element="dc.creator.location.country.name" value="UK"/>
<dc element="dc.source" value="Reuters"/>
</metadata>
</newsitem>
