<?xml version="1.0" encoding="iso-8859-1" ?>
<newsitem itemid="438695" id="root" date="1997-03-13" xml:lang="en">
<title>PORTUGAL: GOLF-PORTUGUESE OPEN LEADING FIRST ROUND SCORES.</title>
<headline>GOLF-PORTUGUESE OPEN LEADING FIRST ROUND SCORES.</headline>
<dateline>LISBON 1997-03-13</dateline>
<text>
<p>Leading first round scores in the</p>
<p>Portuguese Open golf championship at Aroeira on Thursday</p>
<p>(British unless stated): 65 Peter O'Malley (Australia)</p>
<p>66 Max Anglert (Sweden)</p>
<p>67 Van Phillips, Antonio Sobrinho (Portugal), Domingo</p>
<p>Hospital (Spain), Michael Jonzon (Sweden)</p>
<p>68 John Wade (Australia) Paul Broadhurst, Paul Lawrie,</p>
<p>Mark Roe, Pedro Linhart (Spain), Wayne Riley</p>
<p>Australia)</p>
<p>69 Miguel-Angel Jimenez (Spain), Alex Cejka (Germany),</p>
<p>Mark Davis, Niclas Fasth (Sweden), Warren Bennett,</p>
<p>Stephen Allan (Australia), Raymond Russell, Diego</p>
<p>Borrego (Spain), Jose MariaCanizares (Spain), Ignacio</p>
<p>Garrido (Spain), Ariel Canete (Argentina), Gary</p>
<p>Clark, Phil Golding, Paul Affleck</p>
<p>70 Mark James, Darren Clarke, Iain Pyman, Jose Maria</p>
<p>Olazabal (Spain), Joakim Rask (Sweden), Peter</p>
<p>Mitchell, Richard Boxall, Robert Coles, Marc Farry</p>
<p>(France), Daniel Silva (Portugal), Carl Mason,</p>
<p>Tony Johnstone (Zimbabwe), Scott Henderson, Miguel</p>
<p>Angel Martin (Spain), Paul Curry, Paolo Quirici</p>
<p>(Switzerland), Andre Bossert (Switzerland), Alberto</p>
<p>Binaghi (Italy), Duncan Muscroft, Andrew Sandywell</p>
</text>
<copyright>(c) Reuters Limited 1997</copyright>
<metadata>
<codes class="bip:countries:1.0">
  <code code="PORL">
    <editdetail attribution="Reuters BIP Coding Group" action="confirmed" date="1997-03-13"/>
  </code>
</codes>
<codes class="bip:topics:1.0">
  <code code="GCAT">
    <editdetail attribution="Reuters BIP Coding Group" action="confirmed" date="1997-03-13"/>
  </code>
  <code code="GSPO">
    <editdetail attribution="Reuters BIP Coding Group" action="confirmed" date="1997-03-13"/>
  </code>
</codes>
<dc element="dc.date.created" value="1997-03-13"/>
<dc element="dc.publisher" value="Reuters Holdings Plc"/>
<dc element="dc.date.published" value="1997-03-13"/>
<dc element="dc.source" value="Reuters"/>
<dc element="dc.creator.location" value="LISBON"/>
<dc element="dc.creator.location.country.name" value="PORTUGAL"/>
<dc element="dc.source" value="Reuters"/>
</metadata>
</newsitem>
