<?xml version="1.0" encoding="iso-8859-1" ?>
<newsitem itemid="438613" id="root" date="1997-03-13" xml:lang="en">
<title>USA: ALPINE SKIING-PROFILE OF MEN'S SUPER-G WINNER SCHIFFERER.</title>
<headline>ALPINE SKIING-PROFILE OF MEN'S SUPER-G WINNER SCHIFFERER.</headline>
<dateline>VAIL, Colorado 1997-03-13</dateline>
<text>
<p>Following is a brief profile of the winner of the World Cup Finals men's Super-G race on Thursday:</p>
<p>Name: Andreas Schifferer</p>
<p>Age: 22</p>
<p>Nationality: Austrian</p>
<p>World Cup wins: 1 Super-G at World Cup Finals in Vail. Other feats: Captured bronze medal in giant slalom at world championships in Sestriere. Came on strong towards end of season with second-place finishes in Super-G at Kvitjell and giant slalom in Shiga Kogen. Finished third in giant slalom in Adelboden. Surged to third place in final Super-G standings and stands seventh in the overall rankings.</p>
</text>
<copyright>(c) Reuters Limited 1997</copyright>
<metadata>
<codes class="bip:countries:1.0">
  <code code="AUST">
    <editdetail attribution="Reuters BIP Coding Group" action="confirmed" date="1997-03-13"/>
  </code>
  <code code="USA">
    <editdetail attribution="Reuters BIP Coding Group" action="confirmed" date="1997-03-13"/>
  </code>
</codes>
<codes class="bip:topics:1.0">
  <code code="GCAT">
    <editdetail attribution="Reuters BIP Coding Group" action="confirmed" date="1997-03-13"/>
  </code>
  <code code="GSPO">
    <editdetail attribution="Reuters BIP Coding Group" action="confirmed" date="1997-03-13"/>
  </code>
</codes>
<dc element="dc.date.created" value="1997-03-13"/>
<dc element="dc.publisher" value="Reuters Holdings Plc"/>
<dc element="dc.date.published" value="1997-03-13"/>
<dc element="dc.source" value="Reuters"/>
<dc element="dc.creator.location" value="VAIL, Colorado"/>
<dc element="dc.creator.location.country.name" value="USA"/>
<dc element="dc.source" value="Reuters"/>
</metadata>
</newsitem>
