<?xml version="1.0" encoding="iso-8859-1" ?>
<newsitem itemid="438611" id="root" date="1997-03-13" xml:lang="en">
<title>USA: GOLF-LEADING SCORES AT HONDA CLASSIC AFTER FIRST ROUND.</title>
<headline>GOLF-LEADING SCORES AT HONDA CLASSIC AFTER FIRST ROUND.</headline>
<dateline>CORAL SPRINGS, Florida 1997-03-13</dateline>
<text>
<p>Leading scores</p>
<p>from the $1.5 million Honda Classic after the first round at</p>
<p>the 7,030-yard, par-72 TPC at Heron Bay on Thursday (players</p>
<p>U.S. unless stated):</p>
<p>67  Lee Janzen, Paul Stankowski</p>
<p>68  Colin Montgomerie (Britain), Billy Ray Brown, Greg Kraft,</p>
<p>    Payne Stewart, Stuart Appleby (Australia)</p>
<p>69  Doug Martin, Michael Bradley, Bruce Lietzke, John Huston,</p>
<p>    P.H. Horgan, Phil Blackmar, Guy Boros, Ronnie Black, Joe</p>
<p>    Durant, Rafael Alarcon (Mexico)</p>
<p>70  Tim Simpson, Tom Byrum, Bernhard Langer (Germany), Ian</p>
<p>    Woosnam (Britain), Mark McCumber, Andrew Magee, Chip Beck,</p>
<p>    Naomichi &quot;Joe&quot; Ozaki (Japan), Robert Gamez, Dick Mast</p>
<p>Non-U.S. scores</p>
<p>71  Jesper Parnevik (Sweden)</p>
<p>72  Ernie Els (South Africa), Vijay Singh (Fiji), Hideki Kase</p>
<p>    (Japan)</p>
<p>73  Wayne Grady (Australia), David Frost (South Africa)</p>
<p>74  Gabriel Hjerstedt (Sweden), Craig Parry (Australia)</p>
<p>75  Sandy Lyle (Britain)</p>
<p>81  Bradley Hughes (Australia)</p>
</text>
<copyright>(c) Reuters Limited 1997</copyright>
<metadata>
<codes class="bip:countries:1.0">
  <code code="USA">
    <editdetail attribution="Reuters BIP Coding Group" action="confirmed" date="1997-03-13"/>
  </code>
</codes>
<codes class="bip:topics:1.0">
  <code code="GCAT">
    <editdetail attribution="Reuters BIP Coding Group" action="confirmed" date="1997-03-13"/>
  </code>
  <code code="GSPO">
    <editdetail attribution="Reuters BIP Coding Group" action="confirmed" date="1997-03-13"/>
  </code>
</codes>
<dc element="dc.date.created" value="1997-03-13"/>
<dc element="dc.publisher" value="Reuters Holdings Plc"/>
<dc element="dc.date.published" value="1997-03-13"/>
<dc element="dc.source" value="Reuters"/>
<dc element="dc.creator.location" value="CORAL SPRINGS, Florida"/>
<dc element="dc.creator.location.country.name" value="USA"/>
<dc element="dc.source" value="Reuters"/>
</metadata>
</newsitem>
