<?xml version="1.0" encoding="iso-8859-1" ?>
<newsitem itemid="438658" id="root" date="1997-03-13" xml:lang="en">
<title>UK: SOCCER-WALES RECALL GIGGS, RUSH OUT.</title>
<headline>SOCCER-WALES RECALL GIGGS, RUSH OUT.</headline>
<dateline>CARDIFF 1997-03-13</dateline>
<text>
<p>Manchester United's Ryan Giggs was recalled on Thursday to the Welsh squad to face Belgium in a World Cup qualifier on March 29.</p>
<p>The left winger was injured for Wales' last match, a goalless friendly against Ireland.</p>
<p>Veteran scorer Ian Rush missed out again. Rush, capped 73 times for Wales during a glittering career with Liverpool and Juventus, has not played in any 1998 World Cup qualifiers following a dispute with the Welsh management.</p>
<p>Everton's veteran goalkeeper Neville Southall was named after being dropped for the Ireland match.</p>
<p>Wales are second in European group seven, a point ahead of Belgium, who have played two matches fewer.</p>
<p>Squad:</p>
<p>Goalkeepers: Neville Southall (Everton), Mark Crossley (Nottingham Forest), Andy Marriott (Wrexham).</p>
<p>Defenders: Paul Jones (Stockport), Mark Bowen (West Ham), Steve Jenkins (Huddersfield), Robert Page (Watford), Karl Ready (Queens Park Rangers), Kit Symons (Manchester City), Barry Horne (Birmingham), Vinnie Jones (Wimbledon), Alan Neilson (Southampton).</p>
<p>Midfielders: Adrian Williams (Wolves), Mark Pembridge (Sheffield Wednesday), John Robinson (Charlton), Rob Savage (Crewe), Ceri Hughes (Luton), Marcus Browning (Huddersfield), Clayton Blackmore (Middlesbrough), David Phillips (Nottingham Forest).</p>
<p>Forwards: Gary Speed (Everton), Ryan Giggs (Manchester United), John Hartson (West Ham), Nathan Blake (Bolton), Andy Legg (Birmingham), Mark Hughes (Chelsea), Dean Saunders (Nottingham Forest), Gareth Taylor (Sheffield United), Iwan Roberts (Wolves).</p>
</text>
<copyright>(c) Reuters Limited 1997</copyright>
<metadata>
<codes class="bip:countries:1.0">
  <code code="BELG">
    <editdetail attribution="Reuters BIP Coding Group" action="confirmed" date="1997-03-13"/>
  </code>
  <code code="IRE">
    <editdetail attribution="Reuters BIP Coding Group" action="confirmed" date="1997-03-13"/>
  </code>
  <code code="UK">
    <editdetail attribution="Reuters BIP Coding Group" action="confirmed" date="1997-03-13"/>
  </code>
</codes>
<codes class="bip:topics:1.0">
  <code code="GCAT">
    <editdetail attribution="Reuters BIP Coding Group" action="confirmed" date="1997-03-13"/>
  </code>
  <code code="GSPO">
    <editdetail attribution="Reuters BIP Coding Group" action="confirmed" date="1997-03-13"/>
  </code>
</codes>
<dc element="dc.date.created" value="1997-03-13"/>
<dc element="dc.publisher" value="Reuters Holdings Plc"/>
<dc element="dc.date.published" value="1997-03-13"/>
<dc element="dc.source" value="Reuters"/>
<dc element="dc.creator.location" value="CARDIFF"/>
<dc element="dc.creator.location.country.name" value="UK"/>
<dc element="dc.source" value="Reuters"/>
</metadata>
</newsitem>
