<?xml version="1.0" encoding="iso-8859-1" ?>
<newsitem itemid="438623" id="root" date="1997-03-13" xml:lang="en">
<title>FRANCE: TENNIS-EIGHT OF TOP 10 TO PLAY AT MONTE CARLO.</title>
<headline>TENNIS-EIGHT OF TOP 10 TO PLAY AT MONTE CARLO.</headline>
<dateline>MARSEILLE, France 1997-03-13</dateline>
<text>
<p>Eight of the world's top 10 will take part in the $2.05 million Monte Carlo Open, which celebrates its centenary next month, the organisers said on Thursday.</p>
<p>Americans Pete Sampras, the world number one, and Michael Chang, ranked three, have not entered the April 19-27 clay court event. Three-times winner and title holder Thomas Muster of Austria, ranked two, is top seed, tournament director Bernard Noat told a news conference.</p>
<p>Notable top 20 players taking part include German Boris Becker, finalist three times, American Todd Martin and Albert Costa of Spain, runner-up last year.</p>
<p>Swede Mats Wilander, who won the tournament in 1983 and 1987, has been given a wild card.</p>
</text>
<copyright>(c) Reuters Limited 1997</copyright>
<metadata>
<codes class="bip:countries:1.0">
  <code code="FRA">
    <editdetail attribution="Reuters BIP Coding Group" action="confirmed" date="1997-03-13"/>
  </code>
  <code code="MONAC">
    <editdetail attribution="Reuters BIP Coding Group" action="confirmed" date="1997-03-13"/>
  </code>
</codes>
<codes class="bip:topics:1.0">
  <code code="GCAT">
    <editdetail attribution="Reuters BIP Coding Group" action="confirmed" date="1997-03-13"/>
  </code>
  <code code="GSPO">
    <editdetail attribution="Reuters BIP Coding Group" action="confirmed" date="1997-03-13"/>
  </code>
</codes>
<dc element="dc.date.created" value="1997-03-13"/>
<dc element="dc.publisher" value="Reuters Holdings Plc"/>
<dc element="dc.date.published" value="1997-03-13"/>
<dc element="dc.source" value="Reuters"/>
<dc element="dc.creator.location" value="MARSEILLE, France"/>
<dc element="dc.creator.location.country.name" value="FRANCE"/>
<dc element="dc.source" value="Reuters"/>
</metadata>
</newsitem>
