<?xml version="1.0" encoding="iso-8859-1" ?>
<newsitem itemid="438679" id="root" date="1997-03-13" xml:lang="en">
<title>USA: NHL ICE HOCKEY-SABRES' LAFONTAINE CLEARED BY DOCTORS TO PRACTICE.</title>
<headline>NHL ICE HOCKEY-SABRES' LAFONTAINE CLEARED BY DOCTORS TO PRACTICE.</headline>
<dateline>BUFFALO, New York 1997-03-13</dateline>
<text>
<p>Buffalo Sabres star centre Pat LaFontaine, who has not played since November 7 due to post-concussion syndrome, has been cleared to begin practicing with the team.</p>
<p>LaFontaine, whose condition has forced him to consider retirement, has not yet received clearance to return to active status and can only participate in non-contact drills, the team said.</p>
<p>The Sabres, in a press release, called LaFontaine's return to the ice &quot;an important next step in the rehabilitation process.&quot; But the Buffalo captain will remain on the injured reserve list pending future medical evaluations.</p>
<p>LaFontaine suffered his most recent concussion from an elbow to the head in an October 17 game against Pittsburgh and last played in a November 7 loss to Philadelphia.</p>
<p>He complained of memory loss and dizzy spells early on, but doctors have been pleased by his recent improvement.</p>
<p>The 31-year-old LaFontaine, one of the best American-born players in NHL history, had suffered severe concussions previously in his career.</p>
<p>The 5-foot-10 (1.78 m), 180-pound (81.6 kg) centre led the Sabres with 40 goals and 91 points last season.</p>
<p>LaFontaine, who began his NHL career in 1984 with the New York Islanders, has 445 goals and 506 assists in 798 regular season games.</p>
</text>
<copyright>(c) Reuters Limited 1997</copyright>
<metadata>
<codes class="bip:countries:1.0">
  <code code="USA">
    <editdetail attribution="Reuters BIP Coding Group" action="confirmed" date="1997-03-13"/>
  </code>
</codes>
<codes class="bip:topics:1.0">
  <code code="GCAT">
    <editdetail attribution="Reuters BIP Coding Group" action="confirmed" date="1997-03-13"/>
  </code>
  <code code="GSPO">
    <editdetail attribution="Reuters BIP Coding Group" action="confirmed" date="1997-03-13"/>
  </code>
</codes>
<dc element="dc.date.created" value="1997-03-13"/>
<dc element="dc.publisher" value="Reuters Holdings Plc"/>
<dc element="dc.date.published" value="1997-03-13"/>
<dc element="dc.source" value="Reuters"/>
<dc element="dc.creator.location" value="BUFFALO, New York"/>
<dc element="dc.creator.location.country.name" value="USA"/>
<dc element="dc.source" value="Reuters"/>
</metadata>
</newsitem>
