<?xml version="1.0" encoding="iso-8859-1" ?>
<newsitem itemid="438678" id="root" date="1997-03-13" xml:lang="en">
<title>TUNISIA: SOCCER-TUNISIA FIRST DIVISION RESULTS/STANDINGS.</title>
<headline>SOCCER-TUNISIA FIRST DIVISION RESULTS/STANDINGS.</headline>
<dateline>TUNIS 1997-03-13</dateline>
<text>
<p>Results of Tunisian first</p>
<p>division soccer matches played on Wednesday and Thursday:</p>
<p> E S Sahel		4	C O Transport    0</p>
<p> C Africain	     1	A S Marsa	  0</p>
<p> Esperance ST	   1	J S Kairouan     0</p>
<p>    Standings		  Pl   W   D   L    F   A   Pts</p>
<p>  1. E S Sahel		 18   13  4   1   28   07   43</p>
<p>  2. Esperance ST	    18   11  6   1   37   12   39</p>
<p>  3. Club Africain	   18   9   5   4   25   17   32</p>
<p>  4. C A Bizertin	    18   8   7   3   19   13   31</p>
<p>  5. C S Sfaxien	     18   8   5   5   17   12   29</p>
<p>  6. O Beja		    18   7   6   5   29   20   27</p>
<p>  7. A S Marsa		 18   6   6   6   17   14   24</p>
<p>  8. J S Kairouan	    18   5   8   5   17   19   23</p>
<p>  9. Stade Tunisien	  18   5   8   5   17   19   23</p>
<p> 10. O Kef		     18   4   5   9   17   31   17</p>
<p> 11. E S Zarzis		18   3   6   9    8   18   15</p>
<p> 12. O C Kerkennah	   18   3   5   10  12   21   14</p>
<p> 13. C O Transport	   18   3   5   10  17   37   14</p>
<p> 14. Stade Soussien	  18   0   6   12  12   33    6</p>
</text>
<copyright>(c) Reuters Limited 1997</copyright>
<metadata>
<codes class="bip:countries:1.0">
  <code code="TUNIS">
    <editdetail attribution="Reuters BIP Coding Group" action="confirmed" date="1997-03-13"/>
  </code>
</codes>
<codes class="bip:topics:1.0">
  <code code="GCAT">
    <editdetail attribution="Reuters BIP Coding Group" action="confirmed" date="1997-03-13"/>
  </code>
  <code code="GSPO">
    <editdetail attribution="Reuters BIP Coding Group" action="confirmed" date="1997-03-13"/>
  </code>
</codes>
<dc element="dc.date.created" value="1997-03-13"/>
<dc element="dc.publisher" value="Reuters Holdings Plc"/>
<dc element="dc.date.published" value="1997-03-13"/>
<dc element="dc.source" value="Reuters"/>
<dc element="dc.creator.location" value="TUNIS"/>
<dc element="dc.creator.location.country.name" value="TUNISIA"/>
<dc element="dc.source" value="Reuters"/>
</metadata>
</newsitem>
