<?xml version="1.0" encoding="iso-8859-1" ?>
<newsitem itemid="438686" id="root" date="1997-03-13" xml:lang="en">
<title>USA: NBA basketball-STANDINGS AFTER WEDNESDAY'S GAMES.</title>
<headline>NBA basketball-STANDINGS AFTER WEDNESDAY'S GAMES.</headline>
<dateline>NEW YORK 1997-03-13</dateline>
<text>
<p>Standings of National</p>
<p>Basketball Association teams after games played on Wednesday</p>
<p>(tabulate under won, lost, winning percentage, games behind):</p>
<p>		EASTERN CONFERENCE</p>
<p>		ATLANTIC DIVISION</p>
<p>			W    L    PCT  GB</p>
<p> NEW YORK	  47   17   .734   -</p>
<p> MIAMI	     46   17   .730     1/2</p>
<p> ORLANDO	   34   28   .548  12</p>
<p> WASHINGTON	29   33   .468  17</p>
<p> NEW JERSEY	18   44   .290  28</p>
<p> PHILADELPHIA    16   46   .258  30</p>
<p> BOSTON	    12   51   .190  34 1/2</p>
<p>		CENTRAL DIVISION</p>
<p>			W    L    PCT  GB</p>
<p> X-CHICAGO	 55    8   .873   -</p>
<p> DETROIT	   45   17   .726   9 1/2</p>
<p> ATLANTA	   43   20   .683  12</p>
<p> CHARLOTTE	 41   22   .651  14</p>
<p> CLEVELAND	 34   27   .557  20</p>
<p> INDIANA	   30   32   .484  24 1/2</p>
<p> MILWAUKEE	 26   36   .419  28 1/2</p>
<p> TORONTO	   22   40   .355  32 1/2</p>
<p>X -- CLINCHED PLAYOFF BERTH</p>
<p>		WESTERN CONFERENCE</p>
<p>		MIDWEST DIVISION</p>
<p>			W    L    PCT  GB</p>
<p> UTAH		46   17   .730   -</p>
<p> HOUSTON	   43   21   .672   3 1/2</p>
<p> MINNESOTA	 31   30   .508  14</p>
<p> DALLAS	    20   41   .328  25</p>
<p> DENVER	    18   44   .290  27 1/2</p>
<p> SAN ANTONIO     15   47   .242  30 1/2</p>
<p> VANCOUVER	 11   54   .169  36</p>
<p>	     PACIFIC DIVISION</p>
<p>			W    L    PCT  GB</p>
<p> SEATTLE	   43   18   .705   -</p>
<p> LA LAKERS	 42   20   .677   1 1/2</p>
<p> PORTLAND	  36   28   .563   8 1/2</p>
<p> SACRAMENTO	28   35   .444  16</p>
<p> LA CLIPPERS     26   34   .433  16 1/2</p>
<p> PHOENIX	   24   38   .387  19 1/2</p>
<p> GOLDEN STATE    23   39   .371  20 1/2</p>
<p>THURSDAY, MARCH 13 SCHEDULE</p>
<p>SEATTLE AT MINNESOTA	    </p>
<p>BOSTON AT DALLAS		  </p>
<p>DETROIT AT DENVER		 </p>
<p>CLEVELAND AT GOLDEN STATE    </p>
<p>PHOENIX AT LA CLIPPERS	 </p>
<p>TORONTO AT SACRAMENTO</p>
</text>
<copyright>(c) Reuters Limited 1997</copyright>
<metadata>
<codes class="bip:countries:1.0">
  <code code="USA">
    <editdetail attribution="Reuters BIP Coding Group" action="confirmed" date="1997-03-13"/>
  </code>
</codes>
<codes class="bip:topics:1.0">
  <code code="GCAT">
    <editdetail attribution="Reuters BIP Coding Group" action="confirmed" date="1997-03-13"/>
  </code>
  <code code="GSPO">
    <editdetail attribution="Reuters BIP Coding Group" action="confirmed" date="1997-03-13"/>
  </code>
</codes>
<dc element="dc.date.created" value="1997-03-13"/>
<dc element="dc.publisher" value="Reuters Holdings Plc"/>
<dc element="dc.date.published" value="1997-03-13"/>
<dc element="dc.source" value="Reuters"/>
<dc element="dc.creator.location" value="NEW YORK"/>
<dc element="dc.creator.location.country.name" value="USA"/>
<dc element="dc.source" value="Reuters"/>
</metadata>
</newsitem>
