<?xml version="1.0" encoding="iso-8859-1" ?>
<newsitem itemid="438659" id="root" date="1997-03-13" xml:lang="en">
<title>UK: BIG UK SOCCER CLUBS SET TO SCOOP FINANCIAL HONOURS.</title>
<headline>BIG UK SOCCER CLUBS SET TO SCOOP FINANCIAL HONOURS.</headline>
<byline>Keith Weir</byline>
<dateline>LONDON 1997-03-13</dateline>
<text>
<p>Investors in Britain's growing band of listed soccer clubs have recently experienced that sinking feeling all too familiar to long-suffering fans.</p>
<p>Shares prices have fallen faster than a relegation-bound team as the euphoria surrounding potential earnings from sources like pay-per-view television gives way to more sober analysis.</p>
<p>The sector has lost around 30 percent in the last six weeks or so, smaller clubs such as premier league strugglers Southampton and first division Sheffield United among the biggest losers.</p>
<p>However, even English champions Manchester United have seen their share price fall from a January high of 737p to its current level of 630p, this despite continuing success on the pitch at home and in Europe.</p>
<p>Share analysts point out these falls must be seen in the context of spectacular rises of 200 percent and more since early 1996.</p>
<p>Their view is that investors are backing a winner if they stick with the big clubs but that people should think twice before putting money into clubs outside of soccer's elite.</p>
<p>&quot;We believe a de-rating of the smaller clubs is inevitable and could be marked. These are the footballing bubbles that will fade and die,&quot; UBS analysts Guy Feld and Julian Easthope wrote in a recent report on what they call &quot;UK Football Plc&quot;.</p>
<p>&quot;In England Premier League status will be essential and the cost of being outside it will increase because of the increasing concentration of TV revenues at the top end of the game,&quot; they added.</p>
<p>Pay-per-view television is seen as a major benefit to only the creme de la creme of the British and European game.</p>
<p>UBS selected a top 10 UK soccer franchises, featuring listed clubs Manchester United, Leeds United , Glasgow Celtic and Tottenham Hotspur .</p>
<p>Two more of their tips, English premier league clubs Newcastle United and Aston Villa, will join the market shortly.</p>
<p>Analysts expect heavy interest in both those clubs given their strong fan base and established position among the most successful teams in the country.</p>
<p>Analyst Nick Batram of Greig Middleton agrees that share prices of some of the smaller clubs could fall further.</p>
<p>But he believes that clubs can make money outside the premier league, providing they do not overstretch themselves.</p>
<p>&quot;They have to look at being profitable in the lower divisions rather than gambling on getting in the Premier League,&quot; he said.</p>
<p>&quot;Millwall is unfortunately a good example of what happens when you speculate on promotion,&quot; he said.</p>
<p>Second division Millwall were forced to call in the administrator in January after running up debts of 10 million pounds ($16 million).</p>
<p>The south London club had signed players on lucrative contracts in a bid to join the 20-club premier league elite but ran into financial problems when the club went down rather than up at the end of last season.</p>
</text>
<copyright>(c) Reuters Limited 1997</copyright>
<metadata>
<codes class="bip:countries:1.0">
  <code code="UK">
    <editdetail attribution="Reuters BIP Coding Group" action="confirmed" date="1997-03-13"/>
  </code>
</codes>
<codes class="bip:topics:1.0">
  <code code="GCAT">
    <editdetail attribution="Reuters BIP Coding Group" action="confirmed" date="1997-03-13"/>
  </code>
  <code code="GSPO">
    <editdetail attribution="Reuters BIP Coding Group" action="confirmed" date="1997-03-13"/>
  </code>
</codes>
<dc element="dc.date.created" value="1997-03-13"/>
<dc element="dc.publisher" value="Reuters Holdings Plc"/>
<dc element="dc.date.published" value="1997-03-13"/>
<dc element="dc.source" value="Reuters"/>
<dc element="dc.creator.location" value="LONDON"/>
<dc element="dc.creator.location.country.name" value="UK"/>
<dc element="dc.source" value="Reuters"/>
</metadata>
</newsitem>
