<?xml version="1.0" encoding="iso-8859-1" ?>
<newsitem itemid="438618" id="root" date="1997-03-13" xml:lang="en">
<title>UK: BADMINTON-WORLD CHAMPION ARBI THROUGH TO SEMIFINALS.</title>
<headline>BADMINTON-WORLD CHAMPION ARBI THROUGH TO SEMIFINALS.</headline>
<dateline>BIRMINGHAM, England 1997-03-13</dateline>
<text>
<p>World Champion Heryanto Arbi battled his way into the semifinals of the All England badminton championships on Thursday with an 8-15 15-9 15-6 victory over unseeded Chinese Luo Yigang.</p>
<p>Arbi,  who has been injured and slipped down the rankings, is seeded only joint ninth this year despite winning the title twice, in 1993 and 1994.</p>
<p>After disposing of number two seed Rashid Sidek of Malaysia on Wednesday in a display somewhere near his best, Arbi had to struggle on Thursday for a time against an opponent who earlier in the week beat Denmark's Thomas Stuer-Lauridsen, a joint fifth seed.</p>
<p>Prone to error in the opening game Arbi eventually recovered to master Luo and claim a semifinal slot.</p>
<p>He will be joined in Friday's action by the Atlanta Olympics silver medalist Dong Jiong of China who overcame promising Dane Peter Rasmussen 15-12 15-8.</p>
<p>The Chinese look like having a good championship. They are already assured of a place in the women's final after world champlion Ye Zhaoying and unseeded Dai Yun both won quarter-final matches to set up a meeting on Friday.</p>
<p>Ye was near her best beating  South Korea's Kim Ji-hyun 11-7 11-1.</p>
<p>Dai, who knocked out top seed Mia Audina of Indonesia on Wednesday, had to battle for 54 minutes before overcoming compatriot and joint number five seed Zhang Ning 5-11 12-11 11-8.</p>
</text>
<copyright>(c) Reuters Limited 1997</copyright>
<metadata>
<codes class="bip:countries:1.0">
  <code code="CHINA">
    <editdetail attribution="Reuters BIP Coding Group" action="confirmed" date="1997-03-13"/>
  </code>
  <code code="UK">
    <editdetail attribution="Reuters BIP Coding Group" action="confirmed" date="1997-03-13"/>
  </code>
</codes>
<codes class="bip:topics:1.0">
  <code code="GCAT">
    <editdetail attribution="Reuters BIP Coding Group" action="confirmed" date="1997-03-13"/>
  </code>
  <code code="GSPO">
    <editdetail attribution="Reuters BIP Coding Group" action="confirmed" date="1997-03-13"/>
  </code>
</codes>
<dc element="dc.date.created" value="1997-03-13"/>
<dc element="dc.publisher" value="Reuters Holdings Plc"/>
<dc element="dc.date.published" value="1997-03-13"/>
<dc element="dc.source" value="Reuters"/>
<dc element="dc.creator.location" value="BIRMINGHAM, England"/>
<dc element="dc.creator.location.country.name" value="UK"/>
<dc element="dc.source" value="Reuters"/>
</metadata>
</newsitem>
