<?xml version="1.0" encoding="iso-8859-1" ?>
<newsitem itemid="438675" id="root" date="1997-03-13" xml:lang="en">
<title>BRAZIL: SOCCER-PLATINI HELPS CHIRAC LAUNCH SOCCER DIPLOMACY.</title>
<headline>SOCCER-PLATINI HELPS CHIRAC LAUNCH SOCCER DIPLOMACY.</headline>
<byline>Francois Raitberger</byline>
<dateline>RIO DE JANEIRO 1997-03-12</dateline>
<text>
<p>French President Jacques Chirac launched on Wednesday his secret weapon to make his Latin American tour a success: Michel Platini, France's former soccer captain and an idol in the soccer-crazy region.</p>
<p>Platini, chief organiser for the 1998 World Cup in France, faced a barrage of questions from Brazilian reporters at a Rio de Janeiro news conference and handed out Cup caps and pens to 11 enthusiastic teenagers of the local Flamengo team.</p>
<p>He went on to dine with Chirac, Brazilian soccer legend Pele and the Brazilian head of the International Football Federation FIFA at a Rio restaurant.</p>
<p>The presence of Platini on Chirac's week-long tour of Brazil, Uruguay, Bolivia, Paraguay and Argentina looked a sure asset in helping France regain the favours of Latin Americans after a long period of neglect.</p>
<p>The climax of France's soccer diplomacy is expected on Saturday when Chirac flies to a hero's welcome in grateful La Paz for which he won the right to host World Cup qualifiers.</p>
<p>FIFA had opposed Bolivia playing in La Paz because of the danger to players from the 12,000 ft (3,600-metre) altitude, but bowed to Chirac's insistent campaigning.</p>
<p>Chirac will attend a soccer game between a French and Bolivian under-17 teams which Platini will kick off at La Paz stadium.</p>
<p>Platini denied acting as a diplomatic tool for Chirac and said he accepted joining the official delegation out of curiosity and because he had to come introduce the Cup in Latin America anyway and &quot;the trip was free.&quot;</p>
<p>&quot;Chirac is such a friendly man that the trip is pleasant,&quot; he added.</p>
</text>
<copyright>(c) Reuters Limited 1997</copyright>
<metadata>
<codes class="bip:countries:1.0">
  <code code="BRAZ">
    <editdetail attribution="Reuters BIP Coding Group" action="confirmed" date="1997-03-13"/>
  </code>
  <code code="FRA">
    <editdetail attribution="Reuters BIP Coding Group" action="confirmed" date="1997-03-13"/>
  </code>
</codes>
<codes class="bip:topics:1.0">
  <code code="GCAT">
    <editdetail attribution="Reuters BIP Coding Group" action="confirmed" date="1997-03-13"/>
  </code>
  <code code="GSPO">
    <editdetail attribution="Reuters BIP Coding Group" action="confirmed" date="1997-03-13"/>
  </code>
</codes>
<dc element="dc.date.created" value="1997-03-12"/>
<dc element="dc.publisher" value="Reuters Holdings Plc"/>
<dc element="dc.date.published" value="1997-03-13"/>
<dc element="dc.source" value="Reuters"/>
<dc element="dc.creator.location" value="RIO DE JANEIRO"/>
<dc element="dc.creator.location.country.name" value="BRAZIL"/>
<dc element="dc.source" value="Reuters"/>
</metadata>
</newsitem>
