<?xml version="1.0" encoding="iso-8859-1" ?>
<newsitem itemid="438605" id="root" date="1997-03-13" xml:lang="en">
<title>USA: Atlanta Fed economist says factory prices subdued.</title>
<headline>Atlanta Fed economist says factory prices subdued.</headline>
<byline>Steven Schher</byline>
<dateline>NEW YORK 1997-03-13</dateline>
<text>
<p>Despite another jump in the Atlanta Federal Reserve Bank survey's prices paid index, manufacturing prices remain &quot;subdued&quot; in the southeastern United States, said Mark Rogers, an economist at the Atlanta Fed.</p>
<p>&quot;Prices paid is not near where it was in portions of 1994 and 1995,&quot; Rogers said in an interview with Reuters. &quot;So, I do not interpret the latest price numbers as an indication of inflationary  pressures.&quot;</p>
<p>He added that the index has come up from very low levels seen a few months ago.  </p>
<p>The prices paid index rose to 18.1 in February, from 17.2 in January, while the prices received index edged up to 1.0 from -2.5.</p>
<p>The overall Atlanta Fed index fell to 7.0 from a revised 13.8, but the fact that the index remained above zero suggested a healthy maufacturing picture, Rogers said.</p>
<p>Still, he noted that the Southeastern region was growing at a &quot;less robust&quot; pace than that of the overall U.S.</p>
<p>&quot;All indications are that momentum of manufacturing in the Southeast is at a moderate pace ... along with real subdued manufacturing prices,&quot; he said.  </p>
<p>As for the decline in the employment index in February to -0.6 from 2.5, Rogers said the trend remained steady, with few layoffs and new hires.</p>
<p>He noted that after a volatile few months of numbers, the overall diffusion index appears to be moderating.</p>
<p>Meanwhile, Rogers said it was clear from the 0.8 percent rise in February retail sales that consumer spending continues to do better. &quot;The mix nationally is that demand is picking up, but I am not sure if it will carry over into price increases,&quot; Rogers said.</p>
<p>&quot;It is safe to say the structure of the economy has changed substantially over the years,&quot; he added. &quot;The economy is less inflation prone, yet it can accelerate with strong (consumer) demand and tight labor markets. The question is to what extent the structure has changed.&quot;</p>
<p>( -- N.A. Treasury Desk, 212-859-1867 ))</p>
</text>
<copyright>(c) Reuters Limited 1997</copyright>
<metadata>
<codes class="bip:countries:1.0">
  <code code="USA">
    <editdetail attribution="Reuters BIP Coding Group" action="confirmed" date="1997-03-13"/>
  </code>
</codes>
<codes class="bip:topics:1.0">
  <code code="E13">
    <editdetail attribution="Reuters BIP Coding Group" action="confirmed" date="1997-03-13"/>
  </code>
  <code code="E132">
    <editdetail attribution="Reuters BIP Coding Group" action="confirmed" date="1997-03-13"/>
  </code>
  <code code="ECAT">
    <editdetail attribution="Reuters BIP Coding Group" action="confirmed" date="1997-03-13"/>
  </code>
</codes>
<dc element="dc.date.created" value="1997-03-13"/>
<dc element="dc.publisher" value="Reuters Holdings Plc"/>
<dc element="dc.date.published" value="1997-03-13"/>
<dc element="dc.source" value="Reuters"/>
<dc element="dc.creator.location" value="NEW YORK"/>
<dc element="dc.creator.location.country.name" value="USA"/>
<dc element="dc.source" value="Reuters"/>
</metadata>
</newsitem>
