<?xml version="1.0" encoding="iso-8859-1" ?>
<newsitem itemid="438637" id="root" date="1997-03-13" xml:lang="en">
<title>UK: HORSE RACING-MR MULLIGAN COMPLETES BIG RACE DOUBLE FOR MCCOY.</title>
<headline>HORSE RACING-MR MULLIGAN COMPLETES BIG RACE DOUBLE FOR MCCOY.</headline>
<dateline>CHELTENHAM, England 1997-03-13</dateline>
<text>
<p>Mr Mulligan, a 20-1 chance, won the Cheltenham Gold Cup on Thursday to complete a golden double for jockey Tony McCoy.</p>
<p>He had captured the Champion Hurdle on Make A Stand on Tuesday.</p>
<p>Mr Mulligan, trained by Noel Chance, was never out of the first two and held on easily from 33-1 outsider Barton Bank, the mount of David Walsh, and Dorans Pride, a 10-1 shot, ridden by Shane Broderick.</p>
<p>Imperial Call, the favourite and last year's winner, had to be pulled up about five fences from home.</p>
<p>The Gold Cup was the highlight of the final day of the Cheltenham jump racing festival.</p>
</text>
<copyright>(c) Reuters Limited 1997</copyright>
<metadata>
<codes class="bip:countries:1.0">
  <code code="UK">
    <editdetail attribution="Reuters BIP Coding Group" action="confirmed" date="1997-03-13"/>
  </code>
</codes>
<codes class="bip:topics:1.0">
  <code code="GCAT">
    <editdetail attribution="Reuters BIP Coding Group" action="confirmed" date="1997-03-13"/>
  </code>
  <code code="GSPO">
    <editdetail attribution="Reuters BIP Coding Group" action="confirmed" date="1997-03-13"/>
  </code>
</codes>
<dc element="dc.date.created" value="1997-03-13"/>
<dc element="dc.publisher" value="Reuters Holdings Plc"/>
<dc element="dc.date.published" value="1997-03-13"/>
<dc element="dc.source" value="Reuters"/>
<dc element="dc.creator.location" value="CHELTENHAM, England"/>
<dc element="dc.creator.location.country.name" value="UK"/>
<dc element="dc.source" value="Reuters"/>
</metadata>
</newsitem>
