<?xml version="1.0" encoding="iso-8859-1" ?>
<newsitem itemid="438641" id="root" date="1997-03-13" xml:lang="en">
<title>USA: TENNIS-SAMPRAS SUFFERS FIRST LOSS OF 1997 AT INDIAN WELLS.</title>
<headline>TENNIS-SAMPRAS SUFFERS FIRST LOSS OF 1997 AT INDIAN WELLS.</headline>
<dateline>INDIAN WELLS, California 1997-03-12</dateline>
<text>
<p>World number one Pete Sampras suffered his first loss of the year Wednesday when 43rd-ranked Czech Bohdan Ulihrach beat him 7-6 (7-5) 7-5 in the second round of the Champions Cup.</p>
<p>Sampras arrived on stadium court having won all 17 matches he played in 1997 and with an overall 20-match winning streak. He also had won 34 consecutive hardcourt matches, dating back to August 1996.</p>
<p>With the premature departure of several stars, the tournament could become a splendid opportunity for players normally relegated to an understudy role.</p>
<p>In addition to Sampras, the curtain came down Wednesday on fourth seed Goran Ivanisevic of Croatia, sixth seed Thomas Enqvist of Sweden and 15th seed Alex Corretja of Spain.</p>
<p>Heading into just the third round of action, the 16 seeds have been diminished to five.</p>
<p>In the top half, only 14th seed Alberto Berasategui of Spain remains. Seeds still remaining in the bottom half are second seed Thomas Muster of Austria, third seed and defending champion Michael Chang, eighth seed Carlos Moya of Spain and 13th seed Marc Rosset of Switzerland.</p>
<p>Before the shock of Sampras's losing could even sink in, the fifth-ranked Ivanisevic became the next stadium court victim as 53rd-ranked wildcard American Jonathan Stark needed only 65 minutes to outplay the Croatian 7-5 6-3.</p>
<p>&quot;Today on the court, I didn't feel it,&quot; Ivanisevic said. &quot;I wasn't pumped.&quot;</p>
<p>On an outside court, 55th-ranked Chris Woodruff, a semifinalist last week in Scottsdale, upset eighth-ranked Enqvist 6-4 6-4.</p>
<p>A hand injury forced the 22nd-ranked Corretja from the competition with 59th-ranked Slava Dosedel of Czech Republic leading 6-4 4-1.</p>
<p>Both Sampras and Ulihrach analysed their one hour, 28 minute match as less a case of the Czech playing well than the American playing subpar. And that left Sampras totally frustrated.</p>
<p>&quot;I really didn't perform at my best, nowhere near it,&quot; Sampras admitted. &quot;It's tough to accept when you don't play the way you want to play. I can only beat myself up so much by talking about it.&quot;</p>
<p>Ulihrach was pleased to win his second victory in three matches against Sampras.</p>
<p>&quot;You can imagine how nice it is to beat him because he won 20 matches in a row,&quot; Ulihrach said. &quot;It's an unbelievable feeling. I didn't expect to win today.&quot;</p>
<p>Sampras, a former two-time champion here, had three set points in the 12th game, but there was never to be any service breaks in the first set.</p>
<p>On Sampras's serve on the final point of the tiebreaker, Ulihrach benefitted when he hit a forehand from the baseline that nicked the net and tumbled over onto Sampras's side.</p>
<p>The players traded service breaks in the opening two games of the second set and stayed on serve until the last game. Serving at 30-30 in the 12th game, Sampras netted a forehand half volley and then fell victim to a screeching forehand crosscourt passing shot on the final point.</p>
</text>
<copyright>(c) Reuters Limited 1997</copyright>
<metadata>
<codes class="bip:countries:1.0">
  <code code="USA">
    <editdetail attribution="Reuters BIP Coding Group" action="confirmed" date="1997-03-13"/>
  </code>
</codes>
<codes class="bip:topics:1.0">
  <code code="GCAT">
    <editdetail attribution="Reuters BIP Coding Group" action="confirmed" date="1997-03-13"/>
  </code>
  <code code="GSPO">
    <editdetail attribution="Reuters BIP Coding Group" action="confirmed" date="1997-03-13"/>
  </code>
</codes>
<dc element="dc.date.created" value="1997-03-12"/>
<dc element="dc.publisher" value="Reuters Holdings Plc"/>
<dc element="dc.date.published" value="1997-03-13"/>
<dc element="dc.source" value="Reuters"/>
<dc element="dc.creator.location" value="INDIAN WELLS, California"/>
<dc element="dc.creator.location.country.name" value="USA"/>
<dc element="dc.source" value="Reuters"/>
</metadata>
</newsitem>
