<?xml version="1.0" encoding="iso-8859-1" ?>
<newsitem itemid="438676" id="root" date="1997-03-13" xml:lang="en">
<title>AUSTRALIA: CRICKET-COX PUSHES TASMANIA CLOSER TO FINAL BERTH.</title>
<headline>CRICKET-COX PUSHES TASMANIA CLOSER TO FINAL BERTH.</headline>
<dateline>SYDNEY 1997-03-13</dateline>
<text>
<p>Tasmania opener Jamie Cox scored a century against New South Wales on Thursday to lift his side closer to a place in the Sheffield Shield final.</p>
<p>Cox dominated weak bowling to hit 143 in Tasmania's commanding first innings total of 370 for four on the first day in Sydney.</p>
<p>Tasmania will meet Shield leaders Western Australia in next week's final in Perth if they can build on their strong batting performance to record an outright victory, regardless of results elswhere.</p>
<p>Middle order batsman Ricky Ponting, who is fighting for a place on Australia's forthcoming tour to England, furthered his claim with a sparkling 64.</p>
<p>New South Wales, who must beat Tasmania to have any chance of playing in the final, were handicapped by the absence of fast bowler Glenn McGrath, on test duty in South Africa.</p>
<p>Fellow fast bowlers Anthony Stuart and Phil Alley were also unavailable for the home side because of injury.</p>
<p>Queensland, who must beat South Australia in Brisbane and then hope for a favourable result in Sydney, hit back late in the day to reduce the visitors to 26 for three after being dismissed for 277.</p>
</text>
<copyright>(c) Reuters Limited 1997</copyright>
<metadata>
<codes class="bip:countries:1.0">
  <code code="AUSTR">
    <editdetail attribution="Reuters BIP Coding Group" action="confirmed" date="1997-03-13"/>
  </code>
</codes>
<codes class="bip:topics:1.0">
  <code code="GCAT">
    <editdetail attribution="Reuters BIP Coding Group" action="confirmed" date="1997-03-13"/>
  </code>
  <code code="GSPO">
    <editdetail attribution="Reuters BIP Coding Group" action="confirmed" date="1997-03-13"/>
  </code>
</codes>
<dc element="dc.date.created" value="1997-03-13"/>
<dc element="dc.publisher" value="Reuters Holdings Plc"/>
<dc element="dc.date.published" value="1997-03-13"/>
<dc element="dc.source" value="Reuters"/>
<dc element="dc.creator.location" value="SYDNEY"/>
<dc element="dc.creator.location.country.name" value="AUSTRALIA"/>
<dc element="dc.source" value="Reuters"/>
</metadata>
</newsitem>
