<?xml version="1.0" encoding="iso-8859-1" ?>
<newsitem itemid="438655" id="root" date="1997-03-13" xml:lang="en">
<title>UK: RUGBY UNION-DAVIES BACK FOR INJURY-HIT WALES.</title>
<headline>RUGBY UNION-DAVIES BACK FOR INJURY-HIT WALES.</headline>
<dateline>CARDIFF 1997-03-13</dateline>
<text>
<p>Former captain Jonathan Davies will face England one more time this weekend after being named on Thursday in a Welsh side containing five enforced changes from the one narrowly beaten by France last month.</p>
<p>Davies, 34, has announced this will be his final Welsh appearance before he retires, but he will make his Five Nations farewell without a number of injured colleagues.</p>
<p>Ieuan Evans (calf and hamstring), Scott Gibbs (neck spasms) and Colin Charvis (groin infection) are all ruled out, along with fly-half Arwel Thomas (knee) and lock Mark Rowley who has a broken wrist.</p>
<p>In come Cardiff wing Simon Hill, Llanelli duo Nigel Davies and Mike Voyle and Ebbw Vale flanker Kingsley Jones.</p>
<p>There is a chance the recalled Davies could find himself opposite Rob Andrew, recalled to the England bench a decade after he and Davies last opposed each other at the Arms Park.</p>
<p>Team: 15-Neil Jenkins; 14-Simon Hill, 13-Allan Bateman, 12-Nigel Davies, 11-Gareth Thomas; 10-Jonathan Davies, 9-Rob Howley; 8-Scott Quinnell, 7-Kingsley Jones, 6-Steve Williams, 5-Mike Voyle, 4-Gareth Llewellyn, 3-David Young, 2-Jonathan Humphreys (captain), 1-Christian Loader.</p>
<p>Replacements: Spencer John, Garin Jenkins, Dale McIntosh, Craig Quinnell, Paul John, Wayne Proctor,</p>
</text>
<copyright>(c) Reuters Limited 1997</copyright>
<metadata>
<codes class="bip:countries:1.0">
  <code code="FRA">
    <editdetail attribution="Reuters BIP Coding Group" action="confirmed" date="1997-03-13"/>
  </code>
  <code code="UK">
    <editdetail attribution="Reuters BIP Coding Group" action="confirmed" date="1997-03-13"/>
  </code>
</codes>
<codes class="bip:topics:1.0">
  <code code="GCAT">
    <editdetail attribution="Reuters BIP Coding Group" action="confirmed" date="1997-03-13"/>
  </code>
  <code code="GSPO">
    <editdetail attribution="Reuters BIP Coding Group" action="confirmed" date="1997-03-13"/>
  </code>
</codes>
<dc element="dc.date.created" value="1997-03-13"/>
<dc element="dc.publisher" value="Reuters Holdings Plc"/>
<dc element="dc.date.published" value="1997-03-13"/>
<dc element="dc.source" value="Reuters"/>
<dc element="dc.creator.location" value="CARDIFF"/>
<dc element="dc.creator.location.country.name" value="UK"/>
<dc element="dc.source" value="Reuters"/>
</metadata>
</newsitem>
