<?xml version="1.0" encoding="iso-8859-1" ?>
<newsitem itemid="438607" id="root" date="1997-03-13" xml:lang="en">
<title>USA: Shaman files with SEC for 2 mln common.</title>
<headline>Shaman files with SEC for 2 mln common.</headline>
<dateline>WASHINGTON 1997-03-13</dateline>
<text>
<p>Shaman Pharmaceuticals Inc filed Thursday with the Securities and Exchange Commission to sell up to two million common shares.</p>
<p>After the offering, outstanding shares will total 17,920,684 common, the filing said.</p>
<p>Net proceeds will be used for research and development, including preclinical and clinical testing and related regulatory activities, and for general corporate purposes.</p>
<p>Earlier today in a company announcement, Shaman said ity was going to file for up to 2.5 million shares.</p>
<p>Shamam Pharmaceuticals, based in South San Francisco, Calif., extracts drugs from tropical plants with a history of native medicinial use.</p>
</text>
<copyright>(c) Reuters Limited 1997</copyright>
<metadata>
<codes class="bip:countries:1.0">
  <code code="USA">
    <editdetail attribution="Reuters BIP Coding Group" action="confirmed" date="1997-03-13"/>
  </code>
</codes>
<codes class="bip:industries:1.0">
  <code code="I25700">
    <editdetail attribution="Reuters BIP Coding Group" action="confirmed" date="1997-03-13"/>
  </code>
</codes>
<codes class="bip:topics:1.0">
  <code code="C17">
    <editdetail attribution="Reuters BIP Coding Group" action="confirmed" date="1997-03-13"/>
  </code>
  <code code="C171">
    <editdetail attribution="Reuters BIP Coding Group" action="confirmed" date="1997-03-13"/>
  </code>
  <code code="CCAT">
    <editdetail attribution="Reuters BIP Coding Group" action="confirmed" date="1997-03-13"/>
  </code>
</codes>
<dc element="dc.date.created" value="1997-03-13"/>
<dc element="dc.publisher" value="Reuters Holdings Plc"/>
<dc element="dc.date.published" value="1997-03-13"/>
<dc element="dc.source" value="Reuters"/>
<dc element="dc.creator.location" value="WASHINGTON"/>
<dc element="dc.creator.location.country.name" value="USA"/>
<dc element="dc.source" value="Reuters"/>
</metadata>
</newsitem>
