<?xml version="1.0" encoding="iso-8859-1" ?>
<newsitem itemid="438610" id="root" date="1997-03-13" xml:lang="en">
<title>USA: Centennial Tech sued by option traders.</title>
<headline>Centennial Tech sued by option traders.</headline>
<dateline>NEW YORK 1997-03-13</dateline>
<text>
<p>Centennial Technologies Inc and its former chief executive, Emanuel Pinez, were named in a class action lawsuit filed Tuesday in the U. S. District Court for the District of Massachusetts, attorneys for the plaintiffs said.</p>
<p>They said the suit was filed on behalf of two classes of persons who traded options of Centennial.</p>
<p>Class I consists of all persons who either purchased call options or who sold put options during the period November 6, 1996, through February 25, 1997, and who suffered damages as a result.  </p>
<p>Class II consists of all persons who sold put options at the same time as the purchase of put options by Pinez on Febebruary 7, 1997, and February 10, 1997, and who suffered damages thereby, or who purchased call options at the same time as the sale of call options by Pinez on February 7, 1997, and who suffered damages thereby.</p>
<p>With respect to Class I, the attorneys said, the complaint alleges that defendants Centennial and Pinez issued false and misleading financial statements in violation of the federal securities laws.</p>
<p>With respect to Class II, the complaint alleges that Pinez improperly traded in Centennial options on the dates mentioned based on inside information.</p>
<p>Plaintiffs are represented by several law firms including Savett Frutkin Podell &amp; Ryan PC and Harold B. Obstfeld PC, the firms said in a statement.</p>
<p>((-- New York Newsdesk 212-859-1610.))</p>
</text>
<copyright>(c) Reuters Limited 1997</copyright>
<metadata>
<codes class="bip:countries:1.0">
  <code code="USA">
    <editdetail attribution="Reuters BIP Coding Group" action="confirmed" date="1997-03-13"/>
  </code>
</codes>
<codes class="bip:industries:1.0">
  <code code="I33020">
    <editdetail attribution="Reuters BIP Coding Group" action="confirmed" date="1997-03-13"/>
  </code>
  <code code="I83100">
    <editdetail attribution="Reuters BIP Coding Group" action="confirmed" date="1997-03-13"/>
  </code>
</codes>
<codes class="bip:topics:1.0">
  <code code="C12">
    <editdetail attribution="Reuters BIP Coding Group" action="confirmed" date="1997-03-13"/>
  </code>
  <code code="CCAT">
    <editdetail attribution="Reuters BIP Coding Group" action="confirmed" date="1997-03-13"/>
  </code>
  <code code="GCAT">
    <editdetail attribution="Reuters BIP Coding Group" action="confirmed" date="1997-03-13"/>
  </code>
  <code code="GCRIM">
    <editdetail attribution="Reuters BIP Coding Group" action="confirmed" date="1997-03-13"/>
  </code>
</codes>
<dc element="dc.date.created" value="1997-03-13"/>
<dc element="dc.publisher" value="Reuters Holdings Plc"/>
<dc element="dc.date.published" value="1997-03-13"/>
<dc element="dc.source" value="Reuters"/>
<dc element="dc.creator.location" value="NEW YORK"/>
<dc element="dc.creator.location.country.name" value="USA"/>
<dc element="dc.source" value="Reuters"/>
</metadata>
</newsitem>
