<?xml version="1.0" encoding="iso-8859-1" ?>
<newsitem itemid="438664" id="root" date="1997-03-13" xml:lang="en">
<title>SOUTH AFRICA: SWIMMING-HEYNS WINS AT NATIONAL CHAMPIONSHIPS BUT ONLY JUST.</title>
<headline>SWIMMING-HEYNS WINS AT NATIONAL CHAMPIONSHIPS BUT ONLY JUST.</headline>
<dateline>JOHANNESBURG 1997-03-13</dateline>
<text>
<p>South Africa's double Olympic swimming gold medallist Penny Heyns successfully returned to competition in Johannesburg on Friday winning the South African national championships 100 metre breaststroke final.</p>
<p>But Heyns, the world record holder, had to pull out all the stops to beat Julia Russell in a Pan-Pacific qualifying time of 1:09.43 minutes.</p>
<p>The 21-year old, who was gasping for breath at the end of the race, said afterwards: &quot;I only resumed training on January 15 and this is my first competition since Atlanta.</p>
<p>&quot;I was delighted with my morning heat effort of 1:09.11, especially because I glided into the walls at both ends.</p>
<p>&quot;I have not been stroking well at the these championships, but at least I now have a starting point from which I can build on during training.</p>
<p>Russell second in 1:11.71, Tanya Naude (1:12.52) and 14- year-old Sarah Poewe (1:12.65) also went under the Pan-Pacific Games qualifying mark of 1:13.13.</p>
</text>
<copyright>(c) Reuters Limited 1997</copyright>
<metadata>
<codes class="bip:countries:1.0">
  <code code="SAFR">
    <editdetail attribution="Reuters BIP Coding Group" action="confirmed" date="1997-03-13"/>
  </code>
</codes>
<codes class="bip:topics:1.0">
  <code code="GCAT">
    <editdetail attribution="Reuters BIP Coding Group" action="confirmed" date="1997-03-13"/>
  </code>
  <code code="GSPO">
    <editdetail attribution="Reuters BIP Coding Group" action="confirmed" date="1997-03-13"/>
  </code>
</codes>
<dc element="dc.date.created" value="1997-03-13"/>
<dc element="dc.publisher" value="Reuters Holdings Plc"/>
<dc element="dc.date.published" value="1997-03-13"/>
<dc element="dc.source" value="Reuters"/>
<dc element="dc.creator.location" value="JOHANNESBURG"/>
<dc element="dc.creator.location.country.name" value="SOUTH AFRICA"/>
<dc element="dc.source" value="Reuters"/>
</metadata>
</newsitem>
