<?xml version="1.0" encoding="iso-8859-1" ?>
<newsitem itemid="438681" id="root" date="1997-03-13" xml:lang="en">
<title>USA: NCAA-MEN'S COLLEGE BASKETBALL TOURNAMENT RESULTS.</title>
<headline>NCAA-MEN'S COLLEGE BASKETBALL TOURNAMENT RESULTS.</headline>
<dateline>NEW YORK 1997-03-13</dateline>
<text>
<p>First round results on the</p>
<p>opening day of the 1997 NCAA men's college basketball</p>
<p>tournament Thursday (prefix number denotes regional seeding):</p>
<p>East Region (at Winston-Salem)</p>
<p> 5-California	 55   12-Princeton	  52</p>
<p>Southeast Region (at Memphis)</p>
<p> 1-Kansas	     78   16-Jackson State    64</p>
<p>Midwest Region (at Auburn Hills)</p>
<p> 3-Cincinnati	 86   14-Butler	     69</p>
</text>
<copyright>(c) Reuters Limited 1997</copyright>
<metadata>
<codes class="bip:countries:1.0">
  <code code="USA">
    <editdetail attribution="Reuters BIP Coding Group" action="confirmed" date="1997-03-13"/>
  </code>
</codes>
<codes class="bip:topics:1.0">
  <code code="GCAT">
    <editdetail attribution="Reuters BIP Coding Group" action="confirmed" date="1997-03-13"/>
  </code>
  <code code="GSPO">
    <editdetail attribution="Reuters BIP Coding Group" action="confirmed" date="1997-03-13"/>
  </code>
</codes>
<dc element="dc.date.created" value="1997-03-13"/>
<dc element="dc.publisher" value="Reuters Holdings Plc"/>
<dc element="dc.date.published" value="1997-03-13"/>
<dc element="dc.source" value="Reuters"/>
<dc element="dc.creator.location" value="NEW YORK"/>
<dc element="dc.creator.location.country.name" value="USA"/>
<dc element="dc.source" value="Reuters"/>
</metadata>
</newsitem>
