<?xml version="1.0" encoding="iso-8859-1" ?>
<newsitem itemid="438616" id="root" date="1997-03-13" xml:lang="en">
<title>USA: ALPINE SKIING-MEN'S SUPER-G RESULTS AT WORLD CUP FINALS.</title>
<headline>ALPINE SKIING-MEN'S SUPER-G RESULTS AT WORLD CUP FINALS.</headline>
<dateline>VAIL, Colorado 1997-03-13</dateline>
<text>
<p>Results of the men's</p>
<p>Super-G at the World Cup Finals on Thursday:</p>
<p>  1. Andreas Schifferer (Austria) one minute 33.76 seconds</p>
<p>  2. Josef Strobl (Austria)		    1:33.80</p>
<p>  3. Kristian Ghedina (Italy)		  1:33.88</p>
<p>  4. Luca Cattaneo (Italy)		     1:34.29</p>
<p>  5. Kjetil Andre Aamodt (Norway)	    1:34.36</p>
<p>  6. Daron Rahlves (U.S.)			1:34.40</p>
<p>  7. Patrick Ortlieb (Austria)		 1:34.48</p>
<p>  8. Hannes Trinkl (Austria)		   1:34.51</p>
<p>  9. Luc Alphand (France)			1:34.57</p>
<p> 10. Hans Knaus (Austria)			1:34.63</p>
<p> 11. Werner Franz (Austria)		    1:34.74</p>
<p> 12. Paul Accola (Switzerland)		 1:34.77</p>
<p> 13. Andrej Filischkin (Russia)		1:34.99</p>
<p> 14. Guenther Mader (Austria)		  1:35.10</p>
<p> 15. Lasse Kjus (Norway)			 1:35.16</p>
<p> 16. Ed Podivinsky (Canada)		    1:35.18</p>
<p> 17. Peter Runggaldier (Italy)		 1:35.20</p>
<p> 18. Steve Locher (Switzerland)		1:35.28</p>
<p> 19. Hermann Maier (Austria)		   1:35.30</p>
<p> 20. Atle Skaardal (Norway)		    1:35.68</p>
<p> 21. Fredrik Nyberg (Sweden)		   1:35.85</p>
<p> 22. Benjamin Melquiond (France)	     1:36.03</p>
<p> 23. Werner Perathoner (Italy)		 1:36.05</p>
<p> 24. Christian Mayer (Austria)		 1:36.17</p>
<p> 25. Martin Stocker (Austria)		  1:36.60</p>
<p>Did not finish</p>
<p>Bruno Kernen (Italy)</p>
<p>Pietro Vitalini (Italy)</p>
<p>Disqualified</p>
<p>Fritz Strobl</p>
</text>
<copyright>(c) Reuters Limited 1997</copyright>
<metadata>
<codes class="bip:countries:1.0">
  <code code="AUST">
    <editdetail attribution="Reuters BIP Coding Group" action="confirmed" date="1997-03-13"/>
  </code>
  <code code="USA">
    <editdetail attribution="Reuters BIP Coding Group" action="confirmed" date="1997-03-13"/>
  </code>
</codes>
<codes class="bip:topics:1.0">
  <code code="GCAT">
    <editdetail attribution="Reuters BIP Coding Group" action="confirmed" date="1997-03-13"/>
  </code>
  <code code="GSPO">
    <editdetail attribution="Reuters BIP Coding Group" action="confirmed" date="1997-03-13"/>
  </code>
</codes>
<dc element="dc.date.created" value="1997-03-13"/>
<dc element="dc.publisher" value="Reuters Holdings Plc"/>
<dc element="dc.date.published" value="1997-03-13"/>
<dc element="dc.source" value="Reuters"/>
<dc element="dc.creator.location" value="VAIL, Colorado"/>
<dc element="dc.creator.location.country.name" value="USA"/>
<dc element="dc.source" value="Reuters"/>
</metadata>
</newsitem>
