<?xml version="1.0" encoding="iso-8859-1" ?>
<newsitem itemid="438687" id="root" date="1997-03-13" xml:lang="en">
<title>USA: NBA BASKETBALL-WEDNESDAY'S RESULTS.</title>
<headline>NBA BASKETBALL-WEDNESDAY'S RESULTS.</headline>
<dateline>NEW YORK 1997-03-13</dateline>
<text>
<p>Results of National</p>
<p>Basketball Association games on Wednesday (home team in CAPS):</p>
<p> INDIANA	     92  Atlanta		82</p>
<p> Utah		 117  NEW JERSEY	  102</p>
<p> Chicago	    108  PHILADELPHIA	104</p>
<p> WASHINGTON	 104  Vancouver	    82</p>
<p> Orlando	     96  HOUSTON		95</p>
<p> LA LAKERS	  109  Golden State	101</p>
</text>
<copyright>(c) Reuters Limited 1997</copyright>
<metadata>
<codes class="bip:countries:1.0">
  <code code="CANA">
    <editdetail attribution="Reuters BIP Coding Group" action="confirmed" date="1997-03-13"/>
  </code>
  <code code="USA">
    <editdetail attribution="Reuters BIP Coding Group" action="confirmed" date="1997-03-13"/>
  </code>
</codes>
<codes class="bip:topics:1.0">
  <code code="GCAT">
    <editdetail attribution="Reuters BIP Coding Group" action="confirmed" date="1997-03-13"/>
  </code>
  <code code="GSPO">
    <editdetail attribution="Reuters BIP Coding Group" action="confirmed" date="1997-03-13"/>
  </code>
</codes>
<dc element="dc.date.created" value="1997-03-13"/>
<dc element="dc.publisher" value="Reuters Holdings Plc"/>
<dc element="dc.date.published" value="1997-03-13"/>
<dc element="dc.source" value="Reuters"/>
<dc element="dc.creator.location" value="NEW YORK"/>
<dc element="dc.creator.location.country.name" value="USA"/>
<dc element="dc.source" value="Reuters"/>
</metadata>
</newsitem>
