<?xml version="1.0" encoding="iso-8859-1" ?>
<newsitem itemid="438646" id="root" date="1997-03-13" xml:lang="en">
<title>UK: BASKETBALL-DIGUEBEU IS THE VILLEURBANNE HERO.</title>
<headline>BASKETBALL-DIGUEBEU IS THE VILLEURBANNE HERO.</headline>
<dateline>LONDON 1997-03-13</dateline>
<text>
<p>Villeurbanne defender Alain Digeubeu scored a crucial three-pointer with 29 seconds left to help his side to victory over Estudiantes Madrid and a place in the quarter-finals of the men's EuroLeague competition.</p>
<p>Villeurbanne won their elimination round decider 75-71 on Thursday and face Turkey's Efes Pilsen, who beat Maccabi Tel Aviv 84-69 in their third leg match, in the last eight.</p>
<p>Diguebeu was Villeurbanne's key man, scoring 17 points and playing a highly effective defensive key role against American Chandler Thompson. He scored nine points inside a minute at one stage in the second half.</p>
<p>The all-Italian duel between Stefanel Milano and Kinder Bologna ended in an exciting 78-76 win for Stefanel.</p>
<p>Stefanel dominated the first half and built a lead of 14 points late in the first half.</p>
<p>But Kinder rallied after the break, Arijan Komazec leading the way with 25 points.</p>
<p>They closed the gap to just one point but a three-pointer by Flavio Portaluppi and two free shots by Gregor Fucka saw off their challenge.</p>
<p>Stefanel will meet Slovenia's Olimpija Ljubljana, 62-61 winners over Cibona Zagreb, in the quarter-finals.</p>
<p>Greek side Olympiakos, who surprisingly slipped up at home on Tuesday when they lost 61-60 to Partizan Belgrade, made no mistake in their decider in Belgrade, winning 74-69.</p>
<p>Holders Panathinaikos of Greece clinched their quarter-final place on Tuesday without the need of a third leg. They scored an emphatic 70-55 victory over Limoges in France.</p>
</text>
<copyright>(c) Reuters Limited 1997</copyright>
<metadata>
<codes class="bip:countries:1.0">
  <code code="CRTIA">
    <editdetail attribution="Reuters BIP Coding Group" action="confirmed" date="1997-03-13"/>
  </code>
  <code code="FRA">
    <editdetail attribution="Reuters BIP Coding Group" action="confirmed" date="1997-03-13"/>
  </code>
  <code code="GREECE">
    <editdetail attribution="Reuters BIP Coding Group" action="confirmed" date="1997-03-13"/>
  </code>
  <code code="ISRAEL">
    <editdetail attribution="Reuters BIP Coding Group" action="confirmed" date="1997-03-13"/>
  </code>
  <code code="ITALY">
    <editdetail attribution="Reuters BIP Coding Group" action="confirmed" date="1997-03-13"/>
  </code>
  <code code="SLVNIA">
    <editdetail attribution="Reuters BIP Coding Group" action="confirmed" date="1997-03-13"/>
  </code>
  <code code="SPAIN">
    <editdetail attribution="Reuters BIP Coding Group" action="confirmed" date="1997-03-13"/>
  </code>
  <code code="TURK">
    <editdetail attribution="Reuters BIP Coding Group" action="confirmed" date="1997-03-13"/>
  </code>
  <code code="UK">
    <editdetail attribution="Reuters BIP Coding Group" action="confirmed" date="1997-03-13"/>
  </code>
  <code code="YUG">
    <editdetail attribution="Reuters BIP Coding Group" action="confirmed" date="1997-03-13"/>
  </code>
</codes>
<codes class="bip:topics:1.0">
  <code code="GCAT">
    <editdetail attribution="Reuters BIP Coding Group" action="confirmed" date="1997-03-13"/>
  </code>
  <code code="GSPO">
    <editdetail attribution="Reuters BIP Coding Group" action="confirmed" date="1997-03-13"/>
  </code>
</codes>
<dc element="dc.date.created" value="1997-03-13"/>
<dc element="dc.publisher" value="Reuters Holdings Plc"/>
<dc element="dc.date.published" value="1997-03-13"/>
<dc element="dc.source" value="Reuters"/>
<dc element="dc.creator.location" value="LONDON"/>
<dc element="dc.creator.location.country.name" value="UK"/>
<dc element="dc.source" value="Reuters"/>
</metadata>
</newsitem>
