<?xml version="1.0" encoding="iso-8859-1" ?>
<newsitem itemid="438689" id="root" date="1997-03-13" xml:lang="en">
<title>SPAIN: SOCCER-SPANISH CUP RESULTS.</title>
<headline>SOCCER-SPANISH CUP RESULTS.</headline>
<dateline>MADRID 1997-03-13</dateline>
<text>
<p>Result in the Spanish Cup,</p>
<p>quarter-final, second leg on Thursday:</p>
<p> Rayo Vallecano 1  Real Betis   2</p>
<p>(Betis win 4-1 on aggregate)</p>
<p> Celta Vigo  1  Racing Santander     0</p>
<p>(Celta win 3-1 on aggregate)</p>
<p>played Wednesday:</p>
<p> Barcelona	5  Atletico Madrid	4</p>
<p>(Barcelona win 7-6 on aggregate)</p>
<p> Espanyol  1  Las Palmas   1</p>
<p>(1-1 on aggregate, Las Palmas win on away goals rule).</p>
</text>
<copyright>(c) Reuters Limited 1997</copyright>
<metadata>
<codes class="bip:countries:1.0">
  <code code="SPAIN">
    <editdetail attribution="Reuters BIP Coding Group" action="confirmed" date="1997-03-13"/>
  </code>
</codes>
<codes class="bip:topics:1.0">
  <code code="GCAT">
    <editdetail attribution="Reuters BIP Coding Group" action="confirmed" date="1997-03-13"/>
  </code>
  <code code="GSPO">
    <editdetail attribution="Reuters BIP Coding Group" action="confirmed" date="1997-03-13"/>
  </code>
</codes>
<dc element="dc.date.created" value="1997-03-13"/>
<dc element="dc.publisher" value="Reuters Holdings Plc"/>
<dc element="dc.date.published" value="1997-03-13"/>
<dc element="dc.source" value="Reuters"/>
<dc element="dc.creator.location" value="MADRID"/>
<dc element="dc.creator.location.country.name" value="SPAIN"/>
<dc element="dc.source" value="Reuters"/>
</metadata>
</newsitem>
