<?xml version="1.0" encoding="iso-8859-1" ?>
<newsitem itemid="438612" id="root" date="1997-03-13" xml:lang="en">
<title>USA: ALPINE SKIING-WORLD DOWNHILL CHAMPION LINDH RETIRES.</title>
<headline>ALPINE SKIING-WORLD DOWNHILL CHAMPION LINDH RETIRES.</headline>
<dateline>VAIL, Colorado 1997-03-13</dateline>
<text>
<p>World downhill champion Hilary Lindh, one of the most decorated skiers in U.S. alpine history, announced her retirement from racing on Thursday.</p>
<p>&quot;The time is right,&quot; the 27-year-old from Juneau, Alaska, told a news conference at the World Cup Finals.</p>
<p>Lindh, a three-time Olympian who won silver in downhill at the 1992 Winter Games and downhill bronze at the 1996 world championships, also won three U.S. titles and the 1986 world junior championships crown at the age of 16.</p>
<p>Lindh finished ninth Wednesday in her final World Cup race, the last downhill of the 1997 season.</p>
<p>&quot;I have so many memories of Vail that I almost can't count them,&quot; said Lindh, who won her first World Cup points in Vail by finishing 13th in a downhill in 1986. A month earlier she had won the U.S. downhill title and then the gold at the world junior championships in Bad Kleinkirchheim, Austria.</p>
<p>U.S. skiing vice president Paul Major said: &quot;There isn't much that Hilary's missed in her career and we're going to miss her. She had a tenacity that you must have to be a champion.&quot;</p>
<p>Lindh plans to compete next week at the U.S. Alpine championships in Sugarloaf, Maine, and then return to her home in Park City, Utah and continue her education at the University of Utah.</p>
</text>
<copyright>(c) Reuters Limited 1997</copyright>
<metadata>
<codes class="bip:countries:1.0">
  <code code="USA">
    <editdetail attribution="Reuters BIP Coding Group" action="confirmed" date="1997-03-13"/>
  </code>
</codes>
<codes class="bip:topics:1.0">
  <code code="GCAT">
    <editdetail attribution="Reuters BIP Coding Group" action="confirmed" date="1997-03-13"/>
  </code>
  <code code="GSPO">
    <editdetail attribution="Reuters BIP Coding Group" action="confirmed" date="1997-03-13"/>
  </code>
</codes>
<dc element="dc.date.created" value="1997-03-13"/>
<dc element="dc.publisher" value="Reuters Holdings Plc"/>
<dc element="dc.date.published" value="1997-03-13"/>
<dc element="dc.source" value="Reuters"/>
<dc element="dc.creator.location" value="VAIL, Colorado"/>
<dc element="dc.creator.location.country.name" value="USA"/>
<dc element="dc.source" value="Reuters"/>
</metadata>
</newsitem>
