<?xml version="1.0" encoding="iso-8859-1" ?>
<newsitem itemid="438685" id="root" date="1997-03-13" xml:lang="en">
<title>USA: NHL ICE HOCKEY-WEDNESDAY'S RESULTS.</title>
<headline>NHL ICE HOCKEY-WEDNESDAY'S RESULTS.</headline>
<dateline>NEW YORK 1997-03-13</dateline>
<text>
<p>Results of National Hockey</p>
<p>League games on Wednesday (home team in CAPS):</p>
<p> HARTFORD	  6  Boston	    3</p>
<p> NY RANGERS	3  Washington	2</p>
<p> Chicago	   3  TORONTO	   2</p>
<p> Calgary	   3  COLORADO	  2</p>
<p> PHOENIX	   5  Pittsburgh	5 (OT)</p>
<p> ANAHEIM	   2  Detroit	   1</p>
</text>
<copyright>(c) Reuters Limited 1997</copyright>
<metadata>
<codes class="bip:countries:1.0">
  <code code="CANA">
    <editdetail attribution="Reuters BIP Coding Group" action="confirmed" date="1997-03-13"/>
  </code>
  <code code="USA">
    <editdetail attribution="Reuters BIP Coding Group" action="confirmed" date="1997-03-13"/>
  </code>
</codes>
<codes class="bip:topics:1.0">
  <code code="GCAT">
    <editdetail attribution="Reuters BIP Coding Group" action="confirmed" date="1997-03-13"/>
  </code>
  <code code="GSPO">
    <editdetail attribution="Reuters BIP Coding Group" action="confirmed" date="1997-03-13"/>
  </code>
</codes>
<dc element="dc.date.created" value="1997-03-13"/>
<dc element="dc.publisher" value="Reuters Holdings Plc"/>
<dc element="dc.date.published" value="1997-03-13"/>
<dc element="dc.source" value="Reuters"/>
<dc element="dc.creator.location" value="NEW YORK"/>
<dc element="dc.creator.location.country.name" value="USA"/>
<dc element="dc.source" value="Reuters"/>
</metadata>
</newsitem>
