<?xml version="1.0" encoding="iso-8859-1" ?>
<newsitem itemid="438614" id="root" date="1997-03-13" xml:lang="en">
<title>USA: ALPINE SKIING-MEN'S STANDINGS AFTER WORLD CUP FINALS RACE.</title>
<headline>ALPINE SKIING-MEN'S STANDINGS AFTER WORLD CUP FINALS RACE.</headline>
<dateline>VAIL, Colorado 1997-03-13</dateline>
<text>
<p>World Cup men's</p>
<p>standings after Thursday's Super-G race at the World Cup</p>
<p>Finals:</p>
<p>Final Super-G standings</p>
<p>  1. Luc Alphand (France)		    351 points</p>
<p>  2. Josef Strobl (Austria)		  333</p>
<p>  3. Andreas Schifferer (Austria)	  256</p>
<p>  4. Hermann Maier (Austria)		 230</p>
<p>  5. Kristian Ghedina (Italy)		218</p>
<p>  6. Lasse Kjus (Norway)		     203</p>
<p>  7. Atle Skaardal (Norway)		  192</p>
<p>  8. Hans Knaus (Austria)		    187</p>
<p>  9. Peter Runggaldier (Italy)	     181</p>
<p> 10. Guenther Mader (Austria)		176</p>
<p> 11. Daron Rahlves (U.S.)		    160</p>
<p> 12. Kjetil Andre Aamodt (Norway)	  153</p>
<p> 13. Steve Locher (Switzerland)	    144</p>
<p> 14. Werner Perathoner (Italy)	     130</p>
<p> 15. Bruno Kernen (Switzerland)	    111</p>
<p> 16. Patrick Ortlieb (Austria)	     109</p>
<p> 17. Hannes Trinkl (Austria)		 104</p>
<p> 18. Luca Cattaneo (Italy)		   103</p>
<p> 19. Christian Mayer (Austria)		85</p>
<p> 20. Paul Accola (Switzerland)		65</p>
<p>Overall standings</p>
<p>  1. Alphand				   1,130</p>
<p>  2. Aamodt				    1,024</p>
<p>  3. Ghedina				     990</p>
<p>  4. Josef Strobl				981</p>
<p>  5. Knaus					 727</p>
<p>  6. Michael Von Gruenigen (Switzerland) 722</p>
<p>  7. Schifferer				  721</p>
<p>  8. Thomas Sykora (Austria)		 668</p>
<p>  9. Werner Franz (Austria)		  660</p>
<p> 10. Skaardal				    644</p>
<p> 11. Fritz Strobl				641</p>
<p> 12. Thomas Stangassinger (Austria)	590</p>
<p> 13. Kjus					  585</p>
<p> 14. Mader					 571</p>
<p> 15. Locher					449</p>
<p> 16. Pietro Vitalini (Italy)		 419</p>
<p> 17. Sebastien Amiez (France)		396</p>
<p> 18. Kernen					394</p>
<p> 19. Perathoner				  368</p>
<p> 20. Fredrik Nyborg (Sweden)		 360</p>
<p>Men's Nation Cup</p>
<p>  1. Austria				   8,130</p>
<p>  2. Italy				     3,517</p>
<p>  3. Norway				    3,333</p>
<p>  4. Switzerland			     3,149</p>
<p>  5. France				    2,627</p>
<p>  6. Slovenia				    821</p>
</text>
<copyright>(c) Reuters Limited 1997</copyright>
<metadata>
<codes class="bip:countries:1.0">
  <code code="FRA">
    <editdetail attribution="Reuters BIP Coding Group" action="confirmed" date="1997-03-13"/>
  </code>
  <code code="USA">
    <editdetail attribution="Reuters BIP Coding Group" action="confirmed" date="1997-03-13"/>
  </code>
</codes>
<codes class="bip:topics:1.0">
  <code code="GCAT">
    <editdetail attribution="Reuters BIP Coding Group" action="confirmed" date="1997-03-13"/>
  </code>
  <code code="GSPO">
    <editdetail attribution="Reuters BIP Coding Group" action="confirmed" date="1997-03-13"/>
  </code>
</codes>
<dc element="dc.date.created" value="1997-03-13"/>
<dc element="dc.publisher" value="Reuters Holdings Plc"/>
<dc element="dc.date.published" value="1997-03-13"/>
<dc element="dc.source" value="Reuters"/>
<dc element="dc.creator.location" value="VAIL, Colorado"/>
<dc element="dc.creator.location.country.name" value="USA"/>
<dc element="dc.source" value="Reuters"/>
</metadata>
</newsitem>
