<?xml version="1.0" encoding="iso-8859-1" ?>
<newsitem itemid="438600" id="root" date="1997-03-13" xml:lang="en">
<title>USA: Harvard says to be delisted from Nasdaq.</title>
<headline>Harvard says to be delisted from Nasdaq.</headline>
<dateline>TAMPA, Fla. 1997-03-13</dateline>
<text>
<p>Harvard Industries Inc, a producer of automotive parts and accessories, said Thursday that its common stock is scheduled to be delisted from The Nasdaq stock market, effective with the close of business on Friday, March 14.</p>
<p>The company said it was being delisted because of its inability to maintain the listing standards of The Nasdaq Stock Market.</p>
</text>
<copyright>(c) Reuters Limited 1997</copyright>
<metadata>
<codes class="bip:countries:1.0">
  <code code="USA">
    <editdetail attribution="Reuters BIP Coding Group" action="confirmed" date="1997-03-13"/>
  </code>
</codes>
<codes class="bip:topics:1.0">
  <code code="C14">
    <editdetail attribution="Reuters BIP Coding Group" action="confirmed" date="1997-03-13"/>
  </code>
  <code code="CCAT">
    <editdetail attribution="Reuters BIP Coding Group" action="confirmed" date="1997-03-13"/>
  </code>
</codes>
<dc element="dc.date.created" value="1997-03-13"/>
<dc element="dc.publisher" value="Reuters Holdings Plc"/>
<dc element="dc.date.published" value="1997-03-13"/>
<dc element="dc.source" value="Reuters"/>
<dc element="dc.creator.location" value="TAMPA, Fla."/>
<dc element="dc.creator.location.country.name" value="USA"/>
<dc element="dc.source" value="Reuters"/>
</metadata>
</newsitem>
