<?xml version="1.0" encoding="iso-8859-1" ?>
<newsitem itemid="438668" id="root" date="1997-03-13" xml:lang="en">
<title>RUSSIA: BIATHLON-RESULTS FROM WORLD CUP EVENT.</title>
<headline>BIATHLON-RESULTS FROM WORLD CUP EVENT.</headline>
<dateline>MOSCOW 1997-03-13</dateline>
<text>
<p>Leading results in the biathlon</p>
<p>World Cup event in Novosibirsk, Russia on Thursday:</p>
<p>Men's 20km</p>
<p> 1. Pavel Muslimov (Russia)	  58 minutes 17.3 seconds</p>
<p>(2 penalty minutes)</p>
<p> 2. Ricco Gross (Germany)	    58:27.7 (3)</p>
<p> 3. Sven Fischer (Germany)	   59:22.2 (4)</p>
<p> 4. Frank Luck (Germany)	     59:26.3 (3)</p>
<p> 5. Ivan Masarik (Czech Rep)	 59:28.4 (1)</p>
<p> 6. Peter Sendel (Germany)	   59:39.6 (2)</p>
<p> 7. Karsten Heymann (Germany)	59:54.9 (4)</p>
<p> 8. Thierry Dussere (France)     1:00:02.2 (2)</p>
<p> 9. Alexei Aydarov (Belarus)     1:00:32.2 (2)</p>
<p> 10. Mark Kirchner (Germany)     1:00:34.0 (5)</p>
<p>Women's 15km</p>
<p>1. Svetlana Paramygana (Belarus)  54:02.8 (0)</p>
<p> 2. Uschi Disl (Germany)	     54:53.2 (3)</p>
<p> 3. Anna Volkova (Russia)	    55:10.2 (2)</p>
<p> 4. Nathalie Santer (Italy)	  55:19.7 (2)</p>
<p> 5. Emmanuele Claret (France)	55:41.3 (2)</p>
<p> 6. Magdalena Forsberg (Sweden)    56:36.0 (4)</p>
<p> 7. Andrea Grasic (Slovakia)	 57:05.7 (4)</p>
<p>8. Yekaterina Dafovska (Bulgaria) 57:10.2 (3)</p>
<p> 9. Olga Romasko (Russia)	    57:46.2 (5)</p>
<p> 10. Nadezhda Talanova (Russia)    58:32.9 (5)</p>
</text>
<copyright>(c) Reuters Limited 1997</copyright>
<metadata>
<codes class="bip:countries:1.0">
  <code code="BYELRS">
    <editdetail attribution="Reuters BIP Coding Group" action="confirmed" date="1997-03-13"/>
  </code>
  <code code="GFR">
    <editdetail attribution="Reuters BIP Coding Group" action="confirmed" date="1997-03-13"/>
  </code>
  <code code="RUSS">
    <editdetail attribution="Reuters BIP Coding Group" action="confirmed" date="1997-03-13"/>
  </code>
</codes>
<codes class="bip:topics:1.0">
  <code code="GCAT">
    <editdetail attribution="Reuters BIP Coding Group" action="confirmed" date="1997-03-13"/>
  </code>
  <code code="GSPO">
    <editdetail attribution="Reuters BIP Coding Group" action="confirmed" date="1997-03-13"/>
  </code>
</codes>
<dc element="dc.date.created" value="1997-03-13"/>
<dc element="dc.publisher" value="Reuters Holdings Plc"/>
<dc element="dc.date.published" value="1997-03-13"/>
<dc element="dc.source" value="Reuters"/>
<dc element="dc.creator.location" value="MOSCOW"/>
<dc element="dc.creator.location.country.name" value="RUSSIA"/>
<dc element="dc.source" value="Reuters"/>
</metadata>
</newsitem>
