<?xml version="1.0" encoding="iso-8859-1" ?>
<newsitem itemid="438632" id="root" date="1997-03-13" xml:lang="en">
<title>UK: HORSE RACING-MR MULLIGAN LANDS STEEPELCHASING CROWN.</title>
<headline>HORSE RACING-MR MULLIGAN LANDS STEEPELCHASING CROWN.</headline>
<byline>Paul Majendie</byline>
<dateline>CHELTENHAM, England 1997-03-13</dateline>
<text>
<p>The 20-1 shot Mr Mulligan finally conquered his eratic jumping on Thursday to land the Cheltenham Gold Cup and give champion jockey Tony McCoy a memorable big race double.</p>
<p>McCoy, who won Tuesday's Champion Hurdle on Make a Stand, stuck like glue to the strapping chestnut who was foot perfect to land steeplechasing's most coveted prize.</p>
<p>Mr Mulligan stormed up the Cheltenham hill to land the Gold Cup by nine lengths from the 33-1 shot Barton Bank with the Irish novice Dorans Pride third at 10-1 in the 14-runner field.</p>
<p>Last year's winner Imperial Call never looked happy on the lightning fast ground and was pulled up on the last circuit. One Man, a dual King George VI winner who is rated Britain's best steeplechaser, ran out of steam coming to the last fence just as he did last year and finished a disappointing sixth.</p>
<p>&quot;He has been a nightmare to train but he has a big heart -- that is the most important thing,&quot; said trainer Noel Chance who had a string of injury problems with Mr Mulligan.</p>
<p>Chance, who came to train in England from Ireland two years ago, added: &quot;This is brilliant, I struggled for 20 years in Ireland. This is the light at the end of the tunnel.&quot;</p>
<p>Mr Mulligan, a spectacular novice last year, clouted the first fence in the 1996 Sun Alliance Chase and returned to the unsaddling enclosure with blood pooring from his legs. The chestnut also tore a ligament when crashing in the King George VI in December when lying second to One Man. McCoy, just back in the saddle after a horrendous fall when he broke his shoulder blade and collarbone, disclosed afterwards he decided only during the last two or three days to ride Mr Mulligan when the going dried out dramaticaly.</p>
<p>The soft-spoken Irishman, a non-drinker who celebrated his victory with a glass of orange juice, was in a daze of delight after a memorable week of big race victories which also saw him win the Arkle Trophy on Or Royal.</p>
<p>McCoy said that Mr Mulligan made one slight error early in the race. &quot;Then he really warmed to his task. As soon as I gave him a smack going down the hill I knew it would take a good one to get past him.&quot;</p>
<p>It was tears and cheers all round when 9-1 shot Commanche Court, trained by popular Irishman Ted Walsh and ridden by Norman Williamson, landed the Triumph Hurdle from the 40-1 shot Circus Star.</p>
<p>Walsh, who rode four winners at Cheltenham as an amateur jockey was given a tumultuous reception after the gutsy win.</p>
<p>&quot;I shed a few tears with my four kids around me, I can tell you. I'm an emotional old git behind it all. I'll be living on this for the next 12months,&quot; he told reporters as the cheers rolled around the unsaddling enclosure.</p>
</text>
<copyright>(c) Reuters Limited 1997</copyright>
<metadata>
<codes class="bip:countries:1.0">
  <code code="UK">
    <editdetail attribution="Reuters BIP Coding Group" action="confirmed" date="1997-03-13"/>
  </code>
</codes>
<codes class="bip:topics:1.0">
  <code code="GCAT">
    <editdetail attribution="Reuters BIP Coding Group" action="confirmed" date="1997-03-13"/>
  </code>
  <code code="GSPO">
    <editdetail attribution="Reuters BIP Coding Group" action="confirmed" date="1997-03-13"/>
  </code>
</codes>
<dc element="dc.date.created" value="1997-03-13"/>
<dc element="dc.publisher" value="Reuters Holdings Plc"/>
<dc element="dc.date.published" value="1997-03-13"/>
<dc element="dc.source" value="Reuters"/>
<dc element="dc.creator.location" value="CHELTENHAM, England"/>
<dc element="dc.creator.location.country.name" value="UK"/>
<dc element="dc.source" value="Reuters"/>
</metadata>
</newsitem>
