<?xml version="1.0" encoding="iso-8859-1" ?>
<newsitem itemid="438694" id="root" date="1997-03-13" xml:lang="en">
<title>PORTUGAL: GOLF-O'MALLEY BACK TO FORM WITH A 65.</title>
<headline>GOLF-O'MALLEY BACK TO FORM WITH A 65.</headline>
<dateline>LISBON 1997-03-13</dateline>
<text>
<p>Australian Peter O'Malley returned to form on the Aroiera course in Lisbon when he shot a seven-under-par 65 in the opening round of the Portuguese Open on Thursday.</p>
<p>O'Malley beat most of Europe's best to capture the Benson and Hedges International at St Melion two years ago but has since struggled with his short game until losing a play-off for the recent Australian Masters to Peter Lonard.</p>
<p>&quot;I have been working hard on chipping and putting with my coach Denis Pugh in recent weeks,&quot; said O'Malley after producing seven birdies in a faultless performance on the thickly wooded seaside course.</p>
<p>It gave him a one-stroke advantage over Swedish newcomer Max Anglert who relaxes during the long Scandinavian winter by playing ice hockey three times a week.</p>
<p>Jose Maria Olazabal continued his successful comeback from an 18-month layoff because of foot problems with a solid 70.</p>
<p>He was then presented with the Johnnie Walker golfer of the month award for February as recognition of his 12th placing in the Dubai Desert Classic -- his first tournament after his spell out of the game.</p>
<p>&quot;Everything is going well,&quot; said the former U.S. Masters champion. &quot;I look forward to the day when I just walk on to the course and do not think about my feet.&quot;</p>
<p>European Ryder Cup captain Seve Ballesteros struggled to a 73.</p>
</text>
<copyright>(c) Reuters Limited 1997</copyright>
<metadata>
<codes class="bip:countries:1.0">
  <code code="AUSTR">
    <editdetail attribution="Reuters BIP Coding Group" action="confirmed" date="1997-03-13"/>
  </code>
  <code code="PORL">
    <editdetail attribution="Reuters BIP Coding Group" action="confirmed" date="1997-03-13"/>
  </code>
</codes>
<codes class="bip:topics:1.0">
  <code code="GCAT">
    <editdetail attribution="Reuters BIP Coding Group" action="confirmed" date="1997-03-13"/>
  </code>
  <code code="GSPO">
    <editdetail attribution="Reuters BIP Coding Group" action="confirmed" date="1997-03-13"/>
  </code>
</codes>
<dc element="dc.date.created" value="1997-03-13"/>
<dc element="dc.publisher" value="Reuters Holdings Plc"/>
<dc element="dc.date.published" value="1997-03-13"/>
<dc element="dc.source" value="Reuters"/>
<dc element="dc.creator.location" value="LISBON"/>
<dc element="dc.creator.location.country.name" value="PORTUGAL"/>
<dc element="dc.source" value="Reuters"/>
</metadata>
</newsitem>
