<?xml version="1.0" encoding="iso-8859-1" ?>
<newsitem itemid="438665" id="root" date="1997-03-13" xml:lang="en">
<title>SOUTH AFRICA: RUGBY UNION-SARFU CALLS UPON TSHWETE FOR SUPPORT.</title>
<headline>RUGBY UNION-SARFU CALLS UPON TSHWETE FOR SUPPORT.</headline>
<dateline>CAPE TOWN 1997-03-13</dateline>
<text>
<p>The South African Rugby Football Union (SARFU) on Thursday called upon Minister of Sport Steve Tshwete to issue &quot;a statement of approval and support for SARFU and their management of South African rugby&quot;.</p>
<p>SARFU's executive committee asked the minister in a press statement to acknowledge that his ministry had no proof of the mismanagement in South African rugby which has been alleged by former Transvaal Rugby Union vice-president Brian van Rooyen.</p>
<p>&quot;This matter is whipping up emotions without good reason and is detrimental to the good of the game,&quot; SARFU senior vice-president Mluleki George said.</p>
<p>SARFU's chief executive officer Riaan Oberholzer said that the van Rooyen dossier had been discredited by both SARFU and by the Department of Sport's Mthobi Tyamzashe.</p>
<p>&quot;They have not produced any proof of any kind of impropriety in South African rugby. We are willing to meet with a team from the ministry to discuss the allegations as we agreed at our meeting with the minister, if he feels it is necessary,&quot; Oberholzer said.</p>
<p>&quot;Since all the allegations arising from the dossier have been shown to be unfounded, the executive committee believes such a meeting may be unnecessary. This whole affair is costing time and, more importantly, money that could be spent on rugby development.&quot;</p>
<p>SARFU president Louis Luyt said: &quot;We are hoping that the ministry will accept there is no need to pursue this matter.&quot;</p>
<p>Oberholzer added that SARFU was always working on improving the perception of South African rugby &quot;in the interest of our country&quot;.</p>
<p>&quot;We welcome the ministry's valuable assistance in this goal but perhaps our energies could be better spent promoting rugby together.&quot;</p>
</text>
<copyright>(c) Reuters Limited 1997</copyright>
<metadata>
<codes class="bip:countries:1.0">
  <code code="SAFR">
    <editdetail attribution="Reuters BIP Coding Group" action="confirmed" date="1997-03-13"/>
  </code>
</codes>
<codes class="bip:topics:1.0">
  <code code="GCAT">
    <editdetail attribution="Reuters BIP Coding Group" action="confirmed" date="1997-03-13"/>
  </code>
  <code code="GSPO">
    <editdetail attribution="Reuters BIP Coding Group" action="confirmed" date="1997-03-13"/>
  </code>
</codes>
<dc element="dc.date.created" value="1997-03-13"/>
<dc element="dc.publisher" value="Reuters Holdings Plc"/>
<dc element="dc.date.published" value="1997-03-13"/>
<dc element="dc.source" value="Reuters"/>
<dc element="dc.creator.location" value="CAPE TOWN"/>
<dc element="dc.creator.location.country.name" value="SOUTH AFRICA"/>
<dc element="dc.source" value="Reuters"/>
</metadata>
</newsitem>
