<?xml version="1.0" encoding="iso-8859-1" ?>
<newsitem itemid="438754" id="root" date="1997-03-13" xml:lang="en">
<title>SLOVAKIA: SLOVAK STUDENTS URGE MINISTER TO GO OVER STRIKE.</title>
<headline>SLOVAK STUDENTS URGE MINISTER TO GO OVER STRIKE.</headline>
<dateline>BRATISLAVA 1997-03-13</dateline>
<text>
<p>Some 250 students staged a demonstration outside the Slovak parliament on Thursday in support of striking actors and theatre workers and to call for Culture Minister Ivan Hudec to be sacked.</p>
<p>The students blocked the main road past the building as the parliamentary committee on culture was meeting to discuss a deepening crisis in the theatre.</p>
<p>Some 30 policemen erected barriers in front of parliament but did not intervene in the peaceful protest.</p>
<p>The committee meeting was called by opposition deputies who demanded Hudec explain the cause of the crisis over alleged state interference in the arts and his handling of a sit-in by actors in the ministry on Monday.</p>
<p>Hudec called in police to clear the ministry of the actors and their supporters, including opposition parliamentarians.</p>
<p>Relations between Slovakia's stage community and government have been strained since last summer when Hudec sacked the director and artistic director of the National Theatre.</p>
<p>Many theatres have been on strike since last month.</p>
<p>Hudec did not appear before the committee, opposition deputy Ivan Simko told the students. Slovak President Michal Kovac on Wednesday called on Hudec to resign.</p>
</text>
<copyright>(c) Reuters Limited 1997</copyright>
<metadata>
<codes class="bip:countries:1.0">
  <code code="SLVAK">
    <editdetail attribution="Reuters BIP Coding Group" action="confirmed" date="1997-03-13"/>
  </code>
</codes>
<codes class="bip:topics:1.0">
  <code code="C42">
    <editdetail attribution="Reuters BIP Coding Group" action="confirmed" date="1997-03-13"/>
  </code>
  <code code="CCAT">
    <editdetail attribution="Reuters BIP Coding Group" action="confirmed" date="1997-03-13"/>
  </code>
  <code code="E41">
    <editdetail attribution="Reuters BIP Coding Group" action="confirmed" date="1997-03-13"/>
  </code>
  <code code="ECAT">
    <editdetail attribution="Reuters BIP Coding Group" action="confirmed" date="1997-03-13"/>
  </code>
  <code code="GCAT">
    <editdetail attribution="Reuters BIP Coding Group" action="confirmed" date="1997-03-13"/>
  </code>
  <code code="GENT">
    <editdetail attribution="Reuters BIP Coding Group" action="confirmed" date="1997-03-13"/>
  </code>
  <code code="GJOB">
    <editdetail attribution="Reuters BIP Coding Group" action="confirmed" date="1997-03-13"/>
  </code>
  <code code="GPOL">
    <editdetail attribution="Reuters BIP Coding Group" action="confirmed" date="1997-03-13"/>
  </code>
</codes>
<dc element="dc.date.created" value="1997-03-13"/>
<dc element="dc.publisher" value="Reuters Holdings Plc"/>
<dc element="dc.date.published" value="1997-03-13"/>
<dc element="dc.source" value="Reuters"/>
<dc element="dc.creator.location" value="BRATISLAVA"/>
<dc element="dc.creator.location.country.name" value="SLOVAKIA"/>
<dc element="dc.source" value="Reuters"/>
</metadata>
</newsitem>
