<?xml version="1.0" encoding="iso-8859-1" ?>
<newsitem itemid="438750" id="root" date="1997-03-13" xml:lang="en">
<title>POLAND: POLISH BOURSE KERB BOND DEALS -MARCH 13.</title>
<headline>POLISH BOURSE KERB BOND DEALS -MARCH 13.</headline>
<dateline>WARSAW 1997-03-13</dateline>
<text>
<p>Turnover in Polish Thursday kerb bond trade amounted to 5.3 million zlotys with 53,000 variable-interest one-year bonds due March 4, 1998 traded at 98.1 zlotys, the bourse said in a statement.</p>
<p>-- Warsaw Newsroom +48 22 653 9700</p>
</text>
<copyright>(c) Reuters Limited 1997</copyright>
<metadata>
<codes class="bip:countries:1.0">
  <code code="POL">
    <editdetail attribution="Reuters BIP Coding Group" action="confirmed" date="1997-03-13"/>
  </code>
</codes>
<codes class="bip:topics:1.0">
  <code code="M12">
    <editdetail attribution="Reuters BIP Coding Group" action="confirmed" date="1997-03-13"/>
  </code>
  <code code="MCAT">
    <editdetail attribution="Reuters BIP Coding Group" action="confirmed" date="1997-03-13"/>
  </code>
</codes>
<dc element="dc.date.created" value="1997-03-13"/>
<dc element="dc.publisher" value="Reuters Holdings Plc"/>
<dc element="dc.date.published" value="1997-03-13"/>
<dc element="dc.source" value="Reuters"/>
<dc element="dc.creator.location" value="WARSAW"/>
<dc element="dc.creator.location.country.name" value="POLAND"/>
<dc element="dc.source" value="Reuters"/>
</metadata>
</newsitem>
