<?xml version="1.0" encoding="iso-8859-1" ?>
<newsitem itemid="438740" id="root" date="1997-03-13" xml:lang="en">
<title>LITHUANIA: LITHUANIA-STATE TO SELL RAIL, GAS, ENERGY COMPANIES.</title>
<headline>LITHUANIA-STATE TO SELL RAIL, GAS, ENERGY COMPANIES.</headline>
<dateline>VILNIUS 1997-03-13</dateline>
<text>
<p>Lithuanian European Affairs Minister Laima Andrikiene said on Thursday the government had agreed to add the state-owned railroad, gas and energy companies to its list of companies to be privatised.  </p>
<p>Andrikiene told Reuters in an interview that proposals to sell the gas, energy and railway companies from parliament's economics committee have been approved by parliament.</p>
<p>&quot;They also made the new proposals to include in this list Lithuania railway, Lithuanian gas and Lithuania energy, so those are three additional enterprises to be included,&quot; she added.</p>
<p>Lithuania's right-wing government has vowed to speed privatisation and attract more foreign investors. It has already said it would sell stakes in several key firms, including over 50 percent of Lithuania's airline and the state telecom.</p>
<p>It has failed to attract the same levels of foreign investments as its Baltic cousins Latvia and Estonia and is keen to change its image as a regional laggard.</p>
<p>-- Abigail Schmelz, Vilnius Newsroom +370 2 223 517</p>
</text>
<copyright>(c) Reuters Limited 1997</copyright>
<metadata>
<codes class="bip:countries:1.0">
  <code code="LITH">
    <editdetail attribution="Reuters BIP Coding Group" action="confirmed" date="1997-03-13"/>
  </code>
</codes>
<codes class="bip:industries:1.0">
  <code code="I13000">
    <editdetail attribution="Reuters BIP Coding Group" action="confirmed" date="1997-03-13"/>
  </code>
</codes>
<codes class="bip:topics:1.0">
  <code code="C18">
    <editdetail attribution="Reuters BIP Coding Group" action="confirmed" date="1997-03-13"/>
  </code>
  <code code="C183">
    <editdetail attribution="Reuters BIP Coding Group" action="confirmed" date="1997-03-13"/>
  </code>
  <code code="CCAT">
    <editdetail attribution="Reuters BIP Coding Group" action="confirmed" date="1997-03-13"/>
  </code>
  <code code="E12">
    <editdetail attribution="Reuters BIP Coding Group" action="confirmed" date="1997-03-13"/>
  </code>
  <code code="ECAT">
    <editdetail attribution="Reuters BIP Coding Group" action="confirmed" date="1997-03-13"/>
  </code>
</codes>
<dc element="dc.date.created" value="1997-03-13"/>
<dc element="dc.publisher" value="Reuters Holdings Plc"/>
<dc element="dc.date.published" value="1997-03-13"/>
<dc element="dc.source" value="Reuters"/>
<dc element="dc.creator.location" value="VILNIUS"/>
<dc element="dc.creator.location.country.name" value="LITHUANIA"/>
<dc element="dc.source" value="Reuters"/>
</metadata>
</newsitem>
