<?xml version="1.0" encoding="iso-8859-1" ?>
<newsitem itemid="438748" id="root" date="1997-03-13" xml:lang="en">
<title>LATVIA: STOCK VOLUME SLIPS ON A NERVOUS MARKET.</title>
<headline>STOCK VOLUME SLIPS ON A NERVOUS MARKET.</headline>
<dateline>RIGA 1997-03-13</dateline>
<text>
<p>Most Latvian bluechip prices fell for the third consecutive day on Thursday in trade made nervous by dividend uncertainties ahead of shareholder meetings for major stocks, dealers said.</p>
<p>Total market turnover slipped slightly to 167,000 lats from 170,000 lats. Commercial bank bourse indices fell.</p>
<p>Rietumu Bank's Rietumu closed 1.1 percent lower to 226,42 points and Saules Bank's Saule10 bluechip index fell 0.47 percent to 198,29.</p>
<p>&quot;Uncertainties over dividend payments is one of the reasons behind the nervous sentiment during last few days,&quot; Zigmunds Pavlovskis, a dealer of Baltijas Tranzitu Bank said.</p>
<p>Unibanka, the usual market leader, fell five santimes to 4.90 lats while turning over 41,600 lats worth of shares.</p>
<p>Fellow official list stock Staburadze confectionery continued down to 2.85 from 2.90 lats.</p>
<p>Daugavpils Chain factory on the secondary list was among the few that gained ground. It jumped 10 santimes to 2.80 lats on turnover of 64,000 lats, the highest on the bourse on Thursday.</p>
<p>Lode Brick edged up a notch by adding one santime to 2.30 lats as it traded 3,100 lats worth of shares.</p>
<p>Valmiera Fiberglass maker fell ten santimes to 2.10 lats as it saw shares worth 32,200 lats change hands.</p>
<p>Kaija Fish cannery remained stable at 2.30 lats and traded shares worth 4,400 lats.</p>
<p>-- Martinsh Gravitis, Riga Newsroom +371 721 5240</p>
</text>
<copyright>(c) Reuters Limited 1997</copyright>
<metadata>
<codes class="bip:countries:1.0">
  <code code="LATV">
    <editdetail attribution="Reuters BIP Coding Group" action="confirmed" date="1997-03-13"/>
  </code>
</codes>
<codes class="bip:topics:1.0">
  <code code="M11">
    <editdetail attribution="Reuters BIP Coding Group" action="confirmed" date="1997-03-13"/>
  </code>
  <code code="MCAT">
    <editdetail attribution="Reuters BIP Coding Group" action="confirmed" date="1997-03-13"/>
  </code>
</codes>
<dc element="dc.date.created" value="1997-03-13"/>
<dc element="dc.publisher" value="Reuters Holdings Plc"/>
<dc element="dc.date.published" value="1997-03-13"/>
<dc element="dc.source" value="Reuters"/>
<dc element="dc.creator.location" value="RIGA"/>
<dc element="dc.creator.location.country.name" value="LATVIA"/>
<dc element="dc.source" value="Reuters"/>
</metadata>
</newsitem>
