<?xml version="1.0" encoding="iso-8859-1" ?>
<newsitem itemid="438768" id="root" date="1997-03-13" xml:lang="en">
<title>LATVIA: PM SHKELE SEES 5 PCT GDP GROWTH IN 1998.</title>
<headline>PM SHKELE SEES 5 PCT GDP GROWTH IN 1998.</headline>
<dateline>RIGA 1997-03-13</dateline>
<text>
<p>Latvian Prime Minister Andris Shkele believes the government will reach its target of five percent growth in Gross Domestic Product (GDP) from next year.</p>
<p>&quot;I hope for 1998 we will be able to reach it and even be over it,&quot; Shkele told Reuters in an interview on Thursday.</p>
<p>-- Riga newsroom +371 721 5240</p>
</text>
<copyright>(c) Reuters Limited 1997</copyright>
<metadata>
<codes class="bip:countries:1.0">
  <code code="LATV">
    <editdetail attribution="Reuters BIP Coding Group" action="confirmed" date="1997-03-13"/>
  </code>
</codes>
<codes class="bip:topics:1.0">
  <code code="E11">
    <editdetail attribution="Reuters BIP Coding Group" action="confirmed" date="1997-03-13"/>
  </code>
  <code code="ECAT">
    <editdetail attribution="Reuters BIP Coding Group" action="confirmed" date="1997-03-13"/>
  </code>
</codes>
<dc element="dc.date.created" value="1997-03-13"/>
<dc element="dc.publisher" value="Reuters Holdings Plc"/>
<dc element="dc.date.published" value="1997-03-13"/>
<dc element="dc.source" value="Reuters"/>
<dc element="dc.creator.location" value="RIGA"/>
<dc element="dc.creator.location.country.name" value="LATVIA"/>
<dc element="dc.source" value="Reuters"/>
</metadata>
</newsitem>
