<?xml version="1.0" encoding="iso-8859-1" ?>
<newsitem itemid="438722" id="root" date="1997-03-13" xml:lang="en">
<title>ESTONIA: MIDDAY RADIO HEADLINES - MARCH 13.</title>
<headline>MIDDAY RADIO HEADLINES - MARCH 13.</headline>
<dateline>TALLINN 1997-03-13</dateline>
<text>
<p>Following are the main headlines on Estonia's Kuku radio at midday. Reuters has not verified these report and does not vouch for their accuracy.</p>
<p>- Toomas Savi from the Reform Party was elected the speaker of parliament for the third year in a row at the morning session.</p>
<p>- An eight metre long and 533 mm wide dummy torpedo was found off the coast at Suurupi beach in northern Estonia. It was Russian made in the 1980s and used for training.</p>
<p>- A 19-year-old Estonian man will stand trial in Stockholm on March 18 accused of drug smuggling. He is allegedly the one Estonian member of a suspected 10 member smuggling ring.</p>
<p>-- Tallinn newsroom +372 630 8400, reuters@reuters.ee</p>
</text>
<copyright>(c) Reuters Limited 1997</copyright>
<metadata>
<codes class="bip:countries:1.0">
  <code code="ESTNIA">
    <editdetail attribution="Reuters BIP Coding Group" action="confirmed" date="1997-03-13"/>
  </code>
</codes>
<codes class="bip:topics:1.0">
  <code code="GCAT">
    <editdetail attribution="Reuters BIP Coding Group" action="confirmed" date="1997-03-13"/>
  </code>
</codes>
<dc element="dc.date.created" value="1997-03-13"/>
<dc element="dc.publisher" value="Reuters Holdings Plc"/>
<dc element="dc.date.published" value="1997-03-13"/>
<dc element="dc.source" value="Reuters"/>
<dc element="dc.creator.location" value="TALLINN"/>
<dc element="dc.creator.location.country.name" value="ESTONIA"/>
<dc element="dc.source" value="Reuters"/>
</metadata>
</newsitem>
