<?xml version="1.0" encoding="iso-8859-1" ?>
<newsitem itemid="438718" id="root" date="1997-03-13" xml:lang="en">
<title>ZIMBABWE: IMPORT PRESSURE PUSHES ZIMBABWE DOLLAR LOWER.</title>
<headline>IMPORT PRESSURE PUSHES ZIMBABWE DOLLAR LOWER.</headline>
<dateline>HARARE 1997-03-13</dateline>
<text>
<p>The Zimbabwe dollar was quoted weaker against hard currencies on the back of import pressure, dealers said.</p>
<p>&quot;There was a payment of nearly $1 million today and the local dollar moved quite a bit,&quot; one dealer said.</p>
<p>&quot;We're expecting another big payment next week so the dollar should keep on going down,&quot; he added.</p>
<p>At Thursday's close, the Zimbabwe dollar was quoted at 11.1825/1925 against the U.S. dollar, a two-cent loss over its 11.1625/1725 levels on Wednesday.</p>
<p>Against sterling it also finished weaker at 17.9000/9300 compared to 17.7540/7790 and was at 6.6000/6200 versus the mark, down from 6.5415/5490.</p>
<p>The local currency ended the day at 2.5400/5600 against the rand from 2.5300/5400.</p>
<p>-- Stella Mapenzauswa, Harare Newsroom: +263-4 72 52 28/9</p>
</text>
<copyright>(c) Reuters Limited 1997</copyright>
<metadata>
<codes class="bip:countries:1.0">
  <code code="ZIMBAB">
    <editdetail attribution="Reuters BIP Coding Group" action="confirmed" date="1997-03-13"/>
  </code>
</codes>
<codes class="bip:topics:1.0">
  <code code="M13">
    <editdetail attribution="Reuters BIP Coding Group" action="confirmed" date="1997-03-13"/>
  </code>
  <code code="M132">
    <editdetail attribution="Reuters BIP Coding Group" action="confirmed" date="1997-03-13"/>
  </code>
  <code code="MCAT">
    <editdetail attribution="Reuters BIP Coding Group" action="confirmed" date="1997-03-13"/>
  </code>
</codes>
<dc element="dc.date.created" value="1997-03-13"/>
<dc element="dc.publisher" value="Reuters Holdings Plc"/>
<dc element="dc.date.published" value="1997-03-13"/>
<dc element="dc.source" value="Reuters"/>
<dc element="dc.creator.location" value="HARARE"/>
<dc element="dc.creator.location.country.name" value="ZIMBABWE"/>
<dc element="dc.source" value="Reuters"/>
</metadata>
</newsitem>
