<?xml version="1.0" encoding="iso-8859-1" ?>
<newsitem itemid="438758" id="root" date="1997-03-13" xml:lang="en">
<title>LATVIA: LATVIA - T-BILL YIELDS MUST RISE SLIGHTLY - ZILE.</title>
<headline>LATVIA - T-BILL YIELDS MUST RISE SLIGHTLY - ZILE.</headline>
<dateline>RIGA 1997-03-13</dateline>
<text>
<p>Latvian T-bill yields cannot stay at current low levels, Finance Minister Robert Zile said on Thursday.</p>
<p>&quot;The current government treasury bill yields should go up, but not much...,&quot; Zile told Reuters in an interview.  </p>
<p>Zile said that current yield levels were unsustainable.</p>
<p>Discount rates on Latvian T-bills have fallen sharply during the past year to reach some five percent. Yields were as high as 45 percent during the severe banking crises that hit Latvia in 1995. </p>
<p>Latvia's inflation fell to 13 percent in 1996 from 23 percent in 1995.</p>
<p>-- Martinsh Gravitis, Riga newsroom +371 721 5240</p>
</text>
<copyright>(c) Reuters Limited 1997</copyright>
<metadata>
<codes class="bip:countries:1.0">
  <code code="LATV">
    <editdetail attribution="Reuters BIP Coding Group" action="confirmed" date="1997-03-13"/>
  </code>
</codes>
<codes class="bip:topics:1.0">
  <code code="M13">
    <editdetail attribution="Reuters BIP Coding Group" action="confirmed" date="1997-03-13"/>
  </code>
  <code code="M131">
    <editdetail attribution="Reuters BIP Coding Group" action="confirmed" date="1997-03-13"/>
  </code>
  <code code="MCAT">
    <editdetail attribution="Reuters BIP Coding Group" action="confirmed" date="1997-03-13"/>
  </code>
</codes>
<dc element="dc.date.created" value="1997-03-13"/>
<dc element="dc.publisher" value="Reuters Holdings Plc"/>
<dc element="dc.date.published" value="1997-03-13"/>
<dc element="dc.source" value="Reuters"/>
<dc element="dc.creator.location" value="RIGA"/>
<dc element="dc.creator.location.country.name" value="LATVIA"/>
<dc element="dc.source" value="Reuters"/>
</metadata>
</newsitem>
