<?xml version="1.0" encoding="iso-8859-1" ?>
<newsitem itemid="438705" id="root" date="1997-03-13" xml:lang="en">
<title>GERMANY: SOCCER-DORTMUND IN GROOVE AS BAYERN SUFFER.</title>
<headline>SOCCER-DORTMUND IN GROOVE AS BAYERN SUFFER.</headline>
<byline>Adrian Warner</byline>
<dateline>BONN 1997-03-13</dateline>
<text>
<p>German league leaders Borussia Dortmund look forward to a top-of-the-table clash at VfB Stuttgart on Saturday with a comforting thought -- rivals Bayern Munich are frustrated and fretting.</p>
<p>A 3-0 win over Hansa Rostock on Wednesday secured the reigning champions a three-point lead at the top while second-placed Bayern suffered their second defeat in four days at the hands of unfancied Armenia Bielefeld.</p>
<p>Bayern chairman Franz Beckenbauer was livid about his team's calamitous 5-2 reverse at Bayer Leverkusen on Sunday and Wednesday's 2-0 loss at promoted Bielefeld.</p>
<p>&quot;Perhaps we are going to have to change our goals for the season. The way they are playing at the moment I'm afraid we may not qualify for the UEFA Cup,&quot; the former World Cup-winning coach and captain said.</p>
<p>&quot;We are not aggressive enough. We're standing off our opponents. If I got that much space, I'd would still be able to play today.&quot;</p>
<p>Bayern's German international midfielder Thomas Strunz added: &quot;Things are looking different in Dortmund. Their recent victory in the European Cup has given them an extra boost. They seem to be in a groove.&quot;</p>
<p>Third-placed Stuttgart managed a 1-1 draw at European Cup quarter-finalists Dortmund in the first half of the season and have really hit form in the last week, thumping five goals past Cologne on Tuesday and four past Hamburg last weekend.</p>
<p>They are now just two points behind Bayern but ahead of Leverkusen only on goal difference and Saturday's game is one of the most fascinating of the season.</p>
<p>&quot;I always knew we would get back to our best,&quot; Stuttgart's German international striker Fredi Bobic said. &quot;Our run of form at the start of the season showed what potential we have in the team.&quot;</p>
<p>Stuttgart and fourth-placed Bayer Leverkusen are just two points behind Bayern in a tight battle at the top.</p>
<p>Bayern, who had lost just once in 20 matches all season before the Leverkusen defeat, need to bounce back to form quickly before the traditional internal squabbling starts.</p>
<p>The Bavarians have an awkward home game against fifth-placed Schalke on Saturday.</p>
<p>&quot;In both games we slept in the first half. Why? I don't know,&quot; Strunz said of the defeats. &quot;It is possible that there will be the typical over-reaction in Munich. But it is in a situation like this that we need to show that we're a team.&quot;</p>
<p>Munich's conquerors, Leverkusen and Bielefeld, meet on Saturday.</p>
</text>
<copyright>(c) Reuters Limited 1997</copyright>
<metadata>
<codes class="bip:countries:1.0">
  <code code="GFR">
    <editdetail attribution="Reuters BIP Coding Group" action="confirmed" date="1997-03-13"/>
  </code>
</codes>
<codes class="bip:topics:1.0">
  <code code="GCAT">
    <editdetail attribution="Reuters BIP Coding Group" action="confirmed" date="1997-03-13"/>
  </code>
  <code code="GSPO">
    <editdetail attribution="Reuters BIP Coding Group" action="confirmed" date="1997-03-13"/>
  </code>
</codes>
<dc element="dc.date.created" value="1997-03-13"/>
<dc element="dc.publisher" value="Reuters Holdings Plc"/>
<dc element="dc.date.published" value="1997-03-13"/>
<dc element="dc.source" value="Reuters"/>
<dc element="dc.creator.location" value="BONN"/>
<dc element="dc.creator.location.country.name" value="GERMANY"/>
<dc element="dc.source" value="Reuters"/>
</metadata>
</newsitem>
