<?xml version="1.0" encoding="iso-8859-1" ?>
<newsitem itemid="438762" id="root" date="1997-03-13" xml:lang="en">
<title>LITHUANIA: PRESIDENT DOUBTS GOV'T COMPENSATION PLAN.</title>
<headline>PRESIDENT DOUBTS GOV'T COMPENSATION PLAN.</headline>
<dateline>VILNIUS 1997-03-13</dateline>
<text>
<p>Lithuanian President Algirdas Brazauskas on Wednesday said that he had serious doubts about the government's plan to compensate depositors who lost their savings in 1990-1991.  </p>
<p>&quot;We must find realistic instead of mystic ways to compensate those who lost their savings,&quot; Brazauskas said in an interview with Reuters.</p>
<p>&quot;This has been an unresolved problem since independence,&quot; he added.</p>
<p>The government last week said it planned to present a draft law to parliament to compensate depositors who lost their savings through confiscation from the Soviet era savings bank and hyper-inflation.</p>
<p>The government says the plan will cost three billion litas and will be paid for from the sale of state property and enterprises which have an estimated value of over four billion litas.</p>
<p>Brazauskas said he did not think it was right to &quot;sell national assets which belong to everyone to compensate one group of people&quot;.</p>
<p>&quot;This issue must not be turned into political play ahead of the (presidential and local) election campaigns,&quot; he said.</p>
<p>-- Ed Stoddard, Vilnius newsroom +370 2 22 35 17</p>
</text>
<copyright>(c) Reuters Limited 1997</copyright>
<metadata>
<codes class="bip:countries:1.0">
  <code code="LITH">
    <editdetail attribution="Reuters BIP Coding Group" action="confirmed" date="1997-03-13"/>
  </code>
</codes>
<codes class="bip:industries:1.0">
  <code code="I81402">
    <editdetail attribution="Reuters BIP Coding Group" action="confirmed" date="1997-03-13"/>
  </code>
  <code code="I81501">
    <editdetail attribution="Reuters BIP Coding Group" action="confirmed" date="1997-03-13"/>
  </code>
</codes>
<codes class="bip:topics:1.0">
  <code code="C13">
    <editdetail attribution="Reuters BIP Coding Group" action="confirmed" date="1997-03-13"/>
  </code>
  <code code="CCAT">
    <editdetail attribution="Reuters BIP Coding Group" action="confirmed" date="1997-03-13"/>
  </code>
  <code code="E21">
    <editdetail attribution="Reuters BIP Coding Group" action="confirmed" date="1997-03-13"/>
  </code>
  <code code="E211">
    <editdetail attribution="Reuters BIP Coding Group" action="confirmed" date="1997-03-13"/>
  </code>
  <code code="ECAT">
    <editdetail attribution="Reuters BIP Coding Group" action="confirmed" date="1997-03-13"/>
  </code>
  <code code="GCAT">
    <editdetail attribution="Reuters BIP Coding Group" action="confirmed" date="1997-03-13"/>
  </code>
  <code code="GPOL">
    <editdetail attribution="Reuters BIP Coding Group" action="confirmed" date="1997-03-13"/>
  </code>
</codes>
<dc element="dc.date.created" value="1997-03-13"/>
<dc element="dc.publisher" value="Reuters Holdings Plc"/>
<dc element="dc.date.published" value="1997-03-13"/>
<dc element="dc.source" value="Reuters"/>
<dc element="dc.creator.location" value="VILNIUS"/>
<dc element="dc.creator.location.country.name" value="LITHUANIA"/>
<dc element="dc.source" value="Reuters"/>
</metadata>
</newsitem>
