<?xml version="1.0" encoding="iso-8859-1" ?>
<newsitem itemid="438739" id="root" date="1997-03-13" xml:lang="en">
<title>LITHUANIA: LITHUANIA-SAS, MAERSK INTERESTED IN STATE AIRLINE.</title>
<headline>LITHUANIA-SAS, MAERSK INTERESTED IN STATE AIRLINE.</headline>
<dateline>VILNIUS 1997-03-13</dateline>
<text>
<p>Scandinavian airline SAS and Denmark's Maersk Air have expressed an interest in taking part in the privatisation of Lithuanian Airlines, Lithuanian European Affairs Minister Laima Andrikiene said on Thursday.  </p>
<p>&quot;SAS have been interested but Maersk has been more interested,&quot; Andrikiene told Reuters in an interview.</p>
<p>Lithuanian Airlines is one of the key companies on the government's privatisation list and Prime Minister Gediminas Vagnorius has said that the government wants to sell more than 50 percent of the national carrier.</p>
<p>SAS has already bought a stake in Latvia's national airline, Air Baltic, while Maersk, owned by Danish industrial giant A.P. Moeller, owns a controlling share in Estonian Air.</p>
<p>Andrikiene said that mainly Scandinavian airlines were interested in the Lithuanian carrier and that more general international interest was greater in other state companies such as the telecoms firm.</p>
<p>-- Abigail Schmelz, Vilnius Newsroom +370 2 223 517</p>
</text>
<copyright>(c) Reuters Limited 1997</copyright>
<metadata>
<codes class="bip:countries:1.0">
  <code code="DEN">
    <editdetail attribution="Reuters BIP Coding Group" action="confirmed" date="1997-03-13"/>
  </code>
  <code code="LITH">
    <editdetail attribution="Reuters BIP Coding Group" action="confirmed" date="1997-03-13"/>
  </code>
  <code code="SWED">
    <editdetail attribution="Reuters BIP Coding Group" action="confirmed" date="1997-03-13"/>
  </code>
</codes>
<codes class="bip:industries:1.0">
  <code code="I74000">
    <editdetail attribution="Reuters BIP Coding Group" action="confirmed" date="1997-03-13"/>
  </code>
  <code code="I75000">
    <editdetail attribution="Reuters BIP Coding Group" action="confirmed" date="1997-03-13"/>
  </code>
</codes>
<codes class="bip:topics:1.0">
  <code code="C18">
    <editdetail attribution="Reuters BIP Coding Group" action="confirmed" date="1997-03-13"/>
  </code>
  <code code="C181">
    <editdetail attribution="Reuters BIP Coding Group" action="confirmed" date="1997-03-13"/>
  </code>
  <code code="C183">
    <editdetail attribution="Reuters BIP Coding Group" action="confirmed" date="1997-03-13"/>
  </code>
  <code code="CCAT">
    <editdetail attribution="Reuters BIP Coding Group" action="confirmed" date="1997-03-13"/>
  </code>
</codes>
<dc element="dc.date.created" value="1997-03-13"/>
<dc element="dc.publisher" value="Reuters Holdings Plc"/>
<dc element="dc.date.published" value="1997-03-13"/>
<dc element="dc.source" value="Reuters"/>
<dc element="dc.creator.location" value="VILNIUS"/>
<dc element="dc.creator.location.country.name" value="LITHUANIA"/>
<dc element="dc.source" value="Reuters"/>
</metadata>
</newsitem>
