<?xml version="1.0" encoding="iso-8859-1" ?>
<newsitem itemid="438745" id="root" date="1997-03-13" xml:lang="en">
<title>BULGARIA: BULGARIA SETS CLOCKS TO SUMMER TIME MARCH 30.</title>
<headline>BULGARIA SETS CLOCKS TO SUMMER TIME MARCH 30.</headline>
<dateline>SOFIA 1997-03-13</dateline>
<text>
<p>Clocks in Bulgaria would be set one hour ahead on March 30 as the country moves to summer time, a government press official said.</p>
<p>&quot;The government decided that all clocks should be moved one hour ahead at 0300 local time on the last Sunday of March,&quot; the official told reporters. The new local time becomes GMT plus three hours.</p>
<p>Bulgaria will move back to winter time or two hours ahead of GMT on the last Sunday of October. -- Sofia Newsroom, (++359-2) 981 8569; 981 4145</p>
</text>
<copyright>(c) Reuters Limited 1997</copyright>
<metadata>
<codes class="bip:countries:1.0">
  <code code="BUL">
    <editdetail attribution="Reuters BIP Coding Group" action="confirmed" date="1997-03-13"/>
  </code>
</codes>
<codes class="bip:topics:1.0">
  <code code="GCAT">
    <editdetail attribution="Reuters BIP Coding Group" action="confirmed" date="1997-03-13"/>
  </code>
</codes>
<dc element="dc.date.created" value="1997-03-13"/>
<dc element="dc.publisher" value="Reuters Holdings Plc"/>
<dc element="dc.date.published" value="1997-03-13"/>
<dc element="dc.source" value="Reuters"/>
<dc element="dc.creator.location" value="SOFIA"/>
<dc element="dc.creator.location.country.name" value="BULGARIA"/>
<dc element="dc.source" value="Reuters"/>
</metadata>
</newsitem>
