<?xml version="1.0" encoding="iso-8859-1" ?>
<newsitem itemid="438721" id="root" date="1997-03-13" xml:lang="en">
<title>HUNGARY: HUNGARY NOON RADIO HEADLINES - MARCH 13.</title>
<headline>HUNGARY NOON RADIO HEADLINES - MARCH 13.</headline>
<dateline>BUDAPEST 1997-03-13</dateline>
<text>
<p>These are the main headlines on Hungary's Kossuth Radio midday news. Reuters cannot vouch for their accuracy:</p>
<p>- One million workplaces were abolished in the country since the 80s, according to the latest survey.</p>
<p>- Hungarian airlines Malev cancelled its flight to Tirana because the Tirana airport had been closed.</p>
<p>- The government plans to spend one and a half billion forints to compensate energy retail price increases.</p>
<p>- Hungarian farmers demonstrate in 67 roads of the country but several counties said that demonstrations will be finished by early afternoon.</p>
<p>- Almost 50,000 cartons of cigarettes were seized in a refrigerated lorry at Roszke. This was the second similar case within one day.</p>
<p>- Austria does not plan to review its neutrality policy for the time being even if the eastward expansion of NATO gets on the agenda, said the Austrian chancellor who prepares for a visit in Hungary.</p>
<p>-- Budapest newsroom +36 1 327-4040</p>
</text>
<copyright>(c) Reuters Limited 1997</copyright>
<metadata>
<codes class="bip:countries:1.0">
  <code code="HUNG">
    <editdetail attribution="Reuters BIP Coding Group" action="confirmed" date="1997-03-13"/>
  </code>
</codes>
<codes class="bip:topics:1.0">
  <code code="GCAT">
    <editdetail attribution="Reuters BIP Coding Group" action="confirmed" date="1997-03-13"/>
  </code>
</codes>
<dc element="dc.date.created" value="1997-03-13"/>
<dc element="dc.publisher" value="Reuters Holdings Plc"/>
<dc element="dc.date.published" value="1997-03-13"/>
<dc element="dc.source" value="Reuters"/>
<dc element="dc.creator.location" value="BUDAPEST"/>
<dc element="dc.creator.location.country.name" value="HUNGARY"/>
<dc element="dc.source" value="Reuters"/>
</metadata>
</newsitem>
