<?xml version="1.0" encoding="iso-8859-1" ?>
<newsitem itemid="438717" id="root" date="1997-03-13" xml:lang="en">
<title>SOUTH AFRICA: S.AFRICA KWV WINE CO-OP BITTER ABOUT WINE TAX HIKE.</title>
<headline>S.AFRICA KWV WINE CO-OP BITTER ABOUT WINE TAX HIKE.</headline>
<dateline>CAPE TOWN 1997-03-13</dateline>
<text>
<p>South Africa's KWV wine and brandy co-operative on Thursday criticised wine tax increases in the budget, saying this could result in a drop in sales and an increase in smuggling.</p>
<p>&quot;These increases appear out of place,&quot; it said in a statement. &quot;A situation of diminishing returns is facing the industry and the state.&quot;</p>
<p>It said &quot;tax shocks&quot; like that in the budget on Wednesday would aggravate smuggling and illegal trading.</p>
<p>-- Cape Town newsroom +2721 252-238</p>
</text>
<copyright>(c) Reuters Limited 1997</copyright>
<metadata>
<codes class="bip:countries:1.0">
  <code code="SAFR">
    <editdetail attribution="Reuters BIP Coding Group" action="confirmed" date="1997-03-13"/>
  </code>
</codes>
<codes class="bip:industries:1.0">
  <code code="I42400">
    <editdetail attribution="Reuters BIP Coding Group" action="confirmed" date="1997-03-13"/>
  </code>
  <code code="I42600">
    <editdetail attribution="Reuters BIP Coding Group" action="confirmed" date="1997-03-13"/>
  </code>
  <code code="I81502">
    <editdetail attribution="Reuters BIP Coding Group" action="confirmed" date="1997-03-13"/>
  </code>
</codes>
<codes class="bip:topics:1.0">
  <code code="C13">
    <editdetail attribution="Reuters BIP Coding Group" action="confirmed" date="1997-03-13"/>
  </code>
  <code code="C31">
    <editdetail attribution="Reuters BIP Coding Group" action="confirmed" date="1997-03-13"/>
  </code>
  <code code="CCAT">
    <editdetail attribution="Reuters BIP Coding Group" action="confirmed" date="1997-03-13"/>
  </code>
  <code code="E21">
    <editdetail attribution="Reuters BIP Coding Group" action="confirmed" date="1997-03-13"/>
  </code>
  <code code="E211">
    <editdetail attribution="Reuters BIP Coding Group" action="confirmed" date="1997-03-13"/>
  </code>
  <code code="ECAT">
    <editdetail attribution="Reuters BIP Coding Group" action="confirmed" date="1997-03-13"/>
  </code>
</codes>
<dc element="dc.date.created" value="1997-03-13"/>
<dc element="dc.publisher" value="Reuters Holdings Plc"/>
<dc element="dc.date.published" value="1997-03-13"/>
<dc element="dc.source" value="Reuters"/>
<dc element="dc.creator.location" value="CAPE TOWN"/>
<dc element="dc.creator.location.country.name" value="SOUTH AFRICA"/>
<dc element="dc.source" value="Reuters"/>
</metadata>
</newsitem>
