<?xml version="1.0" encoding="iso-8859-1" ?>
<newsitem itemid="438709" id="root" date="1997-03-13" xml:lang="en">
<title>SPAIN: SOCCER-BARECLONA'S ROBSON FACES TACTICAL DILEMMA.</title>
<headline>SOCCER-BARECLONA'S ROBSON FACES TACTICAL DILEMMA.</headline>
<dateline>SEVILLE, Spain 1997-03-13</dateline>
<text>
<p>By Richard Bastin	  </p>
<p>Barcelona's league game at Logrones this Sunday is being seen as an acid test of whether coach Bobby Robson has what it takes to give leaders Real Madrid a run for their money.</p>
<p>The extraordinary 5-4 midweek Spanish Cup victory over Atletico Madrid at the Camp Nou -- in which Robson's men came back from 3-0 and 4-2 down -- has given disgruntled Barcelona fans a glimmer of hope.</p>
<p>They had been shouting insults at Robson, goalkeeper Vitor Baia and club chairman Jose Luis Nunez but ended the game euphoric after one of the most remarkable comebacks ever seen in Spain.</p>
<p>The match drew praise even from controversial Atletico owner Jesus Gil, who had threatened to withdraw his team from the competition in a row over player suspensions.</p>
<p>&quot;It was one of the best sporting spectacles in recent years,&quot; said Gil.</p>
<p>After going 3-0 down after 30 minutes, Robson brought on extra strikers, and saw the gamble pay dividends as Juan Pizzi, Luis Figo and Ronaldo -- who scored a fine hat-trick -- turned the tables.</p>
<p>&quot;It's a night for the players as they've behaved like heroes,&quot; said the former England coach.</p>
<p>But the question marks remain as to whether Robson is prepared to take the same risks to close the nine-point gap on Real in the remaining 14 league games.</p>
<p>&quot;I need time to think about what has happened tonight as we played very risky football,&quot; he said.</p>
<p>The dilemma has been heightened by the fact that Barcelona's second place, and with it a slot in next season's European Cup, has come under threat.</p>
<p>Barcelona lead unfancied Real Betis only on goal difference, while a rejuvenated Deportivo Coruna are snapping at their heels three points back.</p>
<p>So Robson may choose to play safe and hang on to second, or go out with all guns blazing in a bid to take the title.</p>
<p>Although fiery Bulgarian striker Hristo Stoichkov has now staked his claim to a regular place, Robson is still faced by the age-old question over whether to use Ivan de la Pena.</p>
<p>The 20-year old has combined superbly in the last two games with another shaven-headed darling of the Camp Nou, Brazilian prodigy Ronaldo.</p>
<p>But de la Pena mixes his defence-splitting through balls with an unreliability that borders on carelessness.</p>
<p>And Robson knows that any more upsets like the 4-0 defeat at Tenerife two weeks ago could cost him his job.</p>
<p>But if he does follow the attacking route, Robson knows that there could hardly be a better place than Logrones to begin the experiment.</p>
<p>Barcelona thrashed the Rioja side 8-0 in the Camp Nou earlier in the season.</p>
<p>And Barca make the return trip this Sunday knowing that a victory would be a great way to put some pressure on leaders Real Madrid, who play a tough game at sixth-placed Real Sociedad on Monday.</p>
<p>Real Betis visit Rayo Vallecano on Sunday -- three days after playing the same side in the Spanish Cup on the same muddy Madrid pitch.</p>
<p>Betis have the best away record in the league and will need another victory to keep up the pressure.</p>
<p>Deportivo have yet to lose under new coach Carlos Alberto Silva and visit struggling Espanyol, who were knocked out of the cup by second division Las Palmas on Wednesday.</p>
</text>
<copyright>(c) Reuters Limited 1997</copyright>
<metadata>
<codes class="bip:countries:1.0">
  <code code="SPAIN">
    <editdetail attribution="Reuters BIP Coding Group" action="confirmed" date="1997-03-13"/>
  </code>
</codes>
<codes class="bip:topics:1.0">
  <code code="GCAT">
    <editdetail attribution="Reuters BIP Coding Group" action="confirmed" date="1997-03-13"/>
  </code>
  <code code="GSPO">
    <editdetail attribution="Reuters BIP Coding Group" action="confirmed" date="1997-03-13"/>
  </code>
</codes>
<dc element="dc.date.created" value="1997-03-13"/>
<dc element="dc.publisher" value="Reuters Holdings Plc"/>
<dc element="dc.date.published" value="1997-03-13"/>
<dc element="dc.source" value="Reuters"/>
<dc element="dc.creator.location" value="SEVILLE, Spain"/>
<dc element="dc.creator.location.country.name" value="SPAIN"/>
<dc element="dc.source" value="Reuters"/>
</metadata>
</newsitem>
