<?xml version="1.0" encoding="iso-8859-1" ?>
<newsitem itemid="438701" id="root" date="1997-03-13" xml:lang="en">
<title>ITALY: SOCCER-ITALIAN DEPUTY PM OFFERS SUPPORT TO REFEREE.</title>
<headline>SOCCER-ITALIAN DEPUTY PM OFFERS SUPPORT TO REFEREE.</headline>
<dateline>ROME 1997-03-13</dateline>
<text>
<p>Italian referee Pier Luigi Collina, at the centre of controversy after disallowing a goal which Internazionale thought they had scored in a 0-0 draw with Juventus on Sunday, has received support from an unexpected source.</p>
<p>Italian Deputy Prime Minister and Sports Minister Walter Veltroni praised the referee's decision to change his mind and overrule a goal he had at first seemed to consider valid.</p>
<p>&quot;Collina did very well. I was very impressed by the fact that he went across to the Inter bench to explain why the Inter striker (Maurizio) Ganz was offside,&quot; said Veltroni.</p>
<p>Inter fans, however, are unlikely to be impressed by the Deputy Prime Minister's comments - Veltroni is a well-known Juventus fan.</p>
</text>
<copyright>(c) Reuters Limited 1997</copyright>
<metadata>
<codes class="bip:countries:1.0">
  <code code="ITALY">
    <editdetail attribution="Reuters BIP Coding Group" action="confirmed" date="1997-03-13"/>
  </code>
</codes>
<codes class="bip:topics:1.0">
  <code code="GCAT">
    <editdetail attribution="Reuters BIP Coding Group" action="confirmed" date="1997-03-13"/>
  </code>
  <code code="GSPO">
    <editdetail attribution="Reuters BIP Coding Group" action="confirmed" date="1997-03-13"/>
  </code>
</codes>
<dc element="dc.date.created" value="1997-03-13"/>
<dc element="dc.publisher" value="Reuters Holdings Plc"/>
<dc element="dc.date.published" value="1997-03-13"/>
<dc element="dc.source" value="Reuters"/>
<dc element="dc.creator.location" value="ROME"/>
<dc element="dc.creator.location.country.name" value="ITALY"/>
<dc element="dc.source" value="Reuters"/>
</metadata>
</newsitem>
