<?xml version="1.0" encoding="iso-8859-1" ?>
<newsitem itemid="438751" id="root" date="1997-03-13" xml:lang="en">
<title>ESTONIA: PENNU COMPUTER TO MIX USE OF SHARE ISSUE FUNDS.</title>
<headline>PENNU COMPUTER TO MIX USE OF SHARE ISSUE FUNDS.</headline>
<dateline>TALLINN 1997-03-13</dateline>
<text>
<p>Pennu Computer Technology (PCT) said on Thursday it will use funds raised via a share issue to fund its leasing service, its real estate joint venture as well as the company's general development.</p>
<p>PCT, which is listed on the Tallinn Stock Exchange's secondary list, plans to raise 19.1 million kroons from the share issue which opened for offers this month and closes on March 31.</p>
<p>The company said in a statement that four million kroons will be invested into its wholly-owned leasing service.</p>
<p>The other six million kroons will be used to buy 50 percent of the Jarve Real Estate Administration which is to build a business centre for lease.</p>
<p>The remaining funds will be used to develop the company and speed up its growth, PCT said.</p>
<p>-- David Mardiste, Reuters newsroom +372 630 8400, reuters@reuters.ee</p>
</text>
<copyright>(c) Reuters Limited 1997</copyright>
<metadata>
<codes class="bip:countries:1.0">
  <code code="ESTNIA">
    <editdetail attribution="Reuters BIP Coding Group" action="confirmed" date="1997-03-13"/>
  </code>
</codes>
<codes class="bip:industries:1.0">
  <code code="I33020">
    <editdetail attribution="Reuters BIP Coding Group" action="confirmed" date="1997-03-13"/>
  </code>
</codes>
<codes class="bip:topics:1.0">
  <code code="C17">
    <editdetail attribution="Reuters BIP Coding Group" action="confirmed" date="1997-03-13"/>
  </code>
  <code code="C171">
    <editdetail attribution="Reuters BIP Coding Group" action="confirmed" date="1997-03-13"/>
  </code>
  <code code="CCAT">
    <editdetail attribution="Reuters BIP Coding Group" action="confirmed" date="1997-03-13"/>
  </code>
</codes>
<dc element="dc.date.created" value="1997-03-13"/>
<dc element="dc.publisher" value="Reuters Holdings Plc"/>
<dc element="dc.date.published" value="1997-03-13"/>
<dc element="dc.source" value="Reuters"/>
<dc element="dc.creator.location" value="TALLINN"/>
<dc element="dc.creator.location.country.name" value="ESTONIA"/>
<dc element="dc.source" value="Reuters"/>
</metadata>
</newsitem>
