<?xml version="1.0" encoding="iso-8859-1" ?>
<newsitem itemid="438713" id="root" date="1997-03-13" xml:lang="en">
<title>FRANCE: RUBGY UNION - FORGET CALIFANO, HERE COMES CASADEI.</title>
<headline>RUBGY UNION - FORGET CALIFANO, HERE COMES CASADEI.</headline>
<byline>Patrick Vignal</byline>
<dateline>PARIS 1997-03-13</dateline>
<text>
<p>Scotland might have been relieved to hear that French prop Christian Califano would miss Saturday's crucial Five Nations' clash but his replacement, Didier Casadei, promises to be just as hot to handle.</p>
<p>The 25-year-old Casadei, who earned his first cap after Califano was suspended for punching an opponent in a league match at the weekend, is every bit like Califano.</p>
<p>Not only are both men dynamic, tough props but they look exactly the same with their massive bodies, shaven heads, broken noses and bruised eyebrows.</p>
<p>&quot;It's true that they are very much alike physically but what interested us is that Casadei is the same kind of player as Califano,&quot; said French team manager Jo Maso. &quot;He should fit in without any problem.&quot;</p>
<p>Califano's uppercut on Grenoble prop Louis Esposito's chin on Sunday came as embarrassing news to the French selectors, who have stated that any player sent off in a league match would automatically be suspended for the next international.</p>
<p>&quot;It's a nuisance but it's a rule and rules must apply to everybody,&quot; said French coach Jean-Claude Skrela.</p>
<p>&quot;I would have preferred to be picked in other circumstances but it's okay, I'll manage,&quot; said Casadei. &quot;To play a first international with so much at stake is a great opportunity and I don't want to miss it.&quot;</p>
<p>If France beat Scotland, they would complete the fourth grand slam in their history, their first in 10 years and the first ever in Paris.</p>
<p>&quot;I know how important the match is, you don't have to tell me,&quot; said Casadei.</p>
<p>As with Califano, things have not always been easy for Casadei, who helped Brive lift this year's European Cup.</p>
</text>
<copyright>(c) Reuters Limited 1997</copyright>
<metadata>
<codes class="bip:countries:1.0">
  <code code="FRA">
    <editdetail attribution="Reuters BIP Coding Group" action="confirmed" date="1997-03-13"/>
  </code>
  <code code="UK">
    <editdetail attribution="Reuters BIP Coding Group" action="confirmed" date="1997-03-13"/>
  </code>
</codes>
<codes class="bip:topics:1.0">
  <code code="GCAT">
    <editdetail attribution="Reuters BIP Coding Group" action="confirmed" date="1997-03-13"/>
  </code>
  <code code="GSPO">
    <editdetail attribution="Reuters BIP Coding Group" action="confirmed" date="1997-03-13"/>
  </code>
</codes>
<dc element="dc.date.created" value="1997-03-13"/>
<dc element="dc.publisher" value="Reuters Holdings Plc"/>
<dc element="dc.date.published" value="1997-03-13"/>
<dc element="dc.source" value="Reuters"/>
<dc element="dc.creator.location" value="PARIS"/>
<dc element="dc.creator.location.country.name" value="FRANCE"/>
<dc element="dc.source" value="Reuters"/>
</metadata>
</newsitem>
