<?xml version="1.0" encoding="iso-8859-1" ?>
<newsitem itemid="438757" id="root" date="1997-03-13" xml:lang="en">
<title>LITHUANIA: PM SAYS PLANS FOR NO MORE IMF LOANS.</title>
<headline>PM SAYS PLANS FOR NO MORE IMF LOANS.</headline>
<dateline>VILNIUS 1997-03-13</dateline>
<text>
<p>Lithuanian Prime Minister Gediminas Vagnorius said on Thursday that the Baltic state did not plan to commit itself to more loans from the International Monetary Fund (IMF).</p>
<p>&quot;When cooperating with the IMF in the future we will never commit ourselves to any credit line or separate loans,&quot; Vagnorius said at a news conference.</p>
<p>&quot;Lithuania is becoming a state which is capable of cooperating with the IMF and the World Bank in a more profitable and effective way,&quot; he added.</p>
<p>Lithuania's current three-year memorandum with the IMF ends in September.</p>
<p>The fund's relationship with Vagnorius' government has been strained by disagreements over agriculture tariffs and the future of monetary policy.</p>
<p>But Vagnorius said that the two sides had patched up their differences and signed a letter of intent on Wednesday.</p>
<p>&quot;We are glad that we reached agreement and don't have to reduce import tariffs for agricultural goods,&quot; he said.</p>
<p>&quot;The IMF also agreed with our plan to gradually remove the currency board model and restore the (monetary) functions of the central bank...and the transition from the mechanically fixed mechanism to a more liberal fix,&quot; he added.</p>
<p>The government and central bank plan to scrap the currency board, which pegs the litas to the dollar at a rate of four to one, in three stages over the next three years.</p>
<p>The first stage will begin with repo auctions in April.</p>
<p>&quot;I want to say that there will be no changes to the litas rate this year,&quot; he said.</p>
<p>&quot;In the future, probably in 1998...the litas rate change will depend on inflation,&quot; he said.</p>
<p>--Andrius Vilkancas, Vilnius newsroom +370 2 22 35 18</p>
</text>
<copyright>(c) Reuters Limited 1997</copyright>
<metadata>
<codes class="bip:countries:1.0">
  <code code="LITH">
    <editdetail attribution="Reuters BIP Coding Group" action="confirmed" date="1997-03-13"/>
  </code>
</codes>
<codes class="bip:topics:1.0">
  <code code="E21">
    <editdetail attribution="Reuters BIP Coding Group" action="confirmed" date="1997-03-13"/>
  </code>
  <code code="E212">
    <editdetail attribution="Reuters BIP Coding Group" action="confirmed" date="1997-03-13"/>
  </code>
  <code code="E51">
    <editdetail attribution="Reuters BIP Coding Group" action="confirmed" date="1997-03-13"/>
  </code>
  <code code="ECAT">
    <editdetail attribution="Reuters BIP Coding Group" action="confirmed" date="1997-03-13"/>
  </code>
</codes>
<dc element="dc.date.created" value="1997-03-13"/>
<dc element="dc.publisher" value="Reuters Holdings Plc"/>
<dc element="dc.date.published" value="1997-03-13"/>
<dc element="dc.source" value="Reuters"/>
<dc element="dc.creator.location" value="VILNIUS"/>
<dc element="dc.creator.location.country.name" value="LITHUANIA"/>
<dc element="dc.source" value="Reuters"/>
</metadata>
</newsitem>
