<?xml version="1.0" encoding="iso-8859-1" ?>
<newsitem itemid="438706" id="root" date="1997-03-13" xml:lang="en">
<title>FRANCE: SOCCER-MAURICE SET TO RETURN AFTER SIX-MONTH LAYOFF.</title>
<headline>SOCCER-MAURICE SET TO RETURN AFTER SIX-MONTH LAYOFF.</headline>
<dateline>PARIS 1997-03-13</dateline>
<text>
<p>Lyon's French international striker Florian Maurice could make his much awaited first division comeback at home to Guingamp on Saturday.</p>
<p>Maurice ruptured his Achilles tendon playing at Nantes in September, three days after winning his first cap as a substitute against Mexico.</p>
<p>The striker has been included in Lyon's squad of 16 for the mid-table match.</p>
</text>
<copyright>(c) Reuters Limited 1997</copyright>
<metadata>
<codes class="bip:countries:1.0">
  <code code="FRA">
    <editdetail attribution="Reuters BIP Coding Group" action="confirmed" date="1997-03-13"/>
  </code>
</codes>
<codes class="bip:topics:1.0">
  <code code="GCAT">
    <editdetail attribution="Reuters BIP Coding Group" action="confirmed" date="1997-03-13"/>
  </code>
  <code code="GSPO">
    <editdetail attribution="Reuters BIP Coding Group" action="confirmed" date="1997-03-13"/>
  </code>
</codes>
<dc element="dc.date.created" value="1997-03-13"/>
<dc element="dc.publisher" value="Reuters Holdings Plc"/>
<dc element="dc.date.published" value="1997-03-13"/>
<dc element="dc.source" value="Reuters"/>
<dc element="dc.creator.location" value="PARIS"/>
<dc element="dc.creator.location.country.name" value="FRANCE"/>
<dc element="dc.source" value="Reuters"/>
</metadata>
</newsitem>
