<?xml version="1.0" encoding="iso-8859-1" ?>
<newsitem itemid="438723" id="root" date="1997-03-13" xml:lang="en">
<title>LATVIA: MIDDAY RADIO HEADLINES - MARCH 13.</title>
<headline>MIDDAY RADIO HEADLINES - MARCH 13.</headline>
<dateline>RIGA 1997-03-13</dateline>
<text>
<p>These were the main headlines on Latvia's state radio at noon. Reuters has not verified these stories and does not vouch for their accuracy.</p>
<p>- Opposition Social democrats call for early parliament elections. There has been no reaction from President Guntis Ulmanis.</p>
<p>- Latvian Foreign Minister Valdis Birkavs left for a two-day official visit to the Check republic.</p>
<p>- March 31 to be announced a public holiday already this year, parliament press office says.</p>
<p>- Latvian Shipping is the biggest contributor of the social tax payments, a newspaper report says. It paid 4.3 million in 1996 into the state coffers. Ventspils Nafta, Latvjas Finieris and Lauma textile company are also at the top of the list.</p>
<p>-- Righa Newsroom +371 721 5240</p>
</text>
<copyright>(c) Reuters Limited 1997</copyright>
<metadata>
<codes class="bip:countries:1.0">
  <code code="LATV">
    <editdetail attribution="Reuters BIP Coding Group" action="confirmed" date="1997-03-13"/>
  </code>
</codes>
<codes class="bip:topics:1.0">
  <code code="GCAT">
    <editdetail attribution="Reuters BIP Coding Group" action="confirmed" date="1997-03-13"/>
  </code>
</codes>
<dc element="dc.date.created" value="1997-03-13"/>
<dc element="dc.publisher" value="Reuters Holdings Plc"/>
<dc element="dc.date.published" value="1997-03-13"/>
<dc element="dc.source" value="Reuters"/>
<dc element="dc.creator.location" value="RIGA"/>
<dc element="dc.creator.location.country.name" value="LATVIA"/>
<dc element="dc.source" value="Reuters"/>
</metadata>
</newsitem>
