<?xml version="1.0" encoding="iso-8859-1" ?>
<newsitem itemid="438755" id="root" date="1997-03-13" xml:lang="en">
<title>ESTONIA: ESTONIA-TRADE TO UKRAINE DOUBLES SINCE MID-96-AGENCY.</title>
<headline>ESTONIA-TRADE TO UKRAINE DOUBLES SINCE MID-96-AGENCY.</headline>
<dateline>TALLINN 1997-03-13</dateline>
<text>
<p>Estonia's trade to the Ukraine has doubled in the past six months since the two countries agreed on a zero tariff agreement, Estonia's Investment Agency said on Thursday.</p>
<p>&quot;Ukraine with over 50 million people is a big market and it will build up further,&quot; the agency's general director Juri Sakkeus told Reuters in an interview.</p>
<p>&quot;There is talk of Ukraine increasing import tariffs so this will give Estonia a further advantage with the zero tariff arrangement set for an indefinite period.&quot;</p>
<p>The two countries agreed on a zero tariff arrangement in the second half of 1996.</p>
<p>In the first half of 1996 trade with Ukraine made up three percent of Estonia's trade.</p>
<p>Estonia's largest trade partners were Finland with a 29 percent slice, Russia with 14 percent, Sweden with 10 percent and Germany with nine percent.</p>
<p>&quot;We are seeing Ukraine becoming more important with a lot of food products going there from Estonia,&quot; Sakkeus said.</p>
<p>The volume of exports in 1996 was estimated at 24 billion kroons and this was forecast to rise to 28 billion kroons in 1997.</p>
<p>The volume of imports to Estonia was 35 billion kroons in 1995 and expected to rise to 38.4 billion kroons in 1997.</p>
<p>&quot;But the growth of the volume of imports is expected to slow down in the coming years and thus the trade balance deficit is expected to stabilise and finally to decrease by the turn of the century,&quot; the agency said.</p>
<p>-- Belinda Goldsmith, Tallinn newsroom +372 630 8400, reuters@reuters.ee</p>
</text>
<copyright>(c) Reuters Limited 1997</copyright>
<metadata>
<codes class="bip:countries:1.0">
  <code code="ESTNIA">
    <editdetail attribution="Reuters BIP Coding Group" action="confirmed" date="1997-03-13"/>
  </code>
  <code code="UKRN">
    <editdetail attribution="Reuters BIP Coding Group" action="confirmed" date="1997-03-13"/>
  </code>
</codes>
<codes class="bip:topics:1.0">
  <code code="E51">
    <editdetail attribution="Reuters BIP Coding Group" action="confirmed" date="1997-03-13"/>
  </code>
  <code code="E512">
    <editdetail attribution="Reuters BIP Coding Group" action="confirmed" date="1997-03-13"/>
  </code>
  <code code="ECAT">
    <editdetail attribution="Reuters BIP Coding Group" action="confirmed" date="1997-03-13"/>
  </code>
</codes>
<dc element="dc.date.created" value="1997-03-13"/>
<dc element="dc.publisher" value="Reuters Holdings Plc"/>
<dc element="dc.date.published" value="1997-03-13"/>
<dc element="dc.source" value="Reuters"/>
<dc element="dc.creator.location" value="TALLINN"/>
<dc element="dc.creator.location.country.name" value="ESTONIA"/>
<dc element="dc.source" value="Reuters"/>
</metadata>
</newsitem>
