<?xml version="1.0" encoding="iso-8859-1" ?>
<newsitem itemid="438761" id="root" date="1997-03-13" xml:lang="en">
<title>ESTONIA: NO CHANGE TO ECONOMIC POLICY BY NEW GOVT - FINMIN.</title>
<headline>NO CHANGE TO ECONOMIC POLICY BY NEW GOVT - FINMIN.</headline>
<dateline>TALLINN 1997-03-13</dateline>
<text>
<p>Estonia's Finance Minister Mart Opmann said on Thursday that the country's economic policy would continue unchanged under the new government currently being formed by Mart Siimann.</p>
<p>Opmann said he was 99 percent certain that he would remain finance minister in the new government that will be presented to the president by Siimann next week.</p>
<p>&quot;As for economic policy, we are going to carry on the same principles quite closely as the former government,&quot; Opmann told Reuters in an interview.  </p>
<p>He said the new government would continue to run an open liberal economic policy, balanced budget and retain the currency board that pegs the kroon against the mark at eight to one.</p>
<p>&quot;These are the columns of economic reform of our economic policy and number four is structural reform. We are going to contiune these principles,&quot; Opmann said.</p>
<p>&quot;There are no great changes.&quot;</p>
<p>Siimann was on Wednesday given the approval of parliament to form a government to replace that of Tiit Vaehi who stepped down last month after narrowly winning a parliament no-confidence vote.</p>
<p>Opmann dismissed statistics showing there was less foreign investment in Estonia compared to 1994, saying the funds were now coming through more of a variety of channels. Every year about US$200 million comes into Estonia from foreign investors.</p>
<p>&quot;We take into consideration that the years of 1994 and 1995 ... were connected to a higher percentage of foriegn investment by privatisation,&quot; he said.</p>
<p>&quot;Today ... foreign investment comes through share companies. That is the reason why there is less direct foreign investment in Estonia.&quot;</p>
<p>-- David Mardiste, Tallinn newsroom +372 630 8400, reuters@reuters.ee</p>
</text>
<copyright>(c) Reuters Limited 1997</copyright>
<metadata>
<codes class="bip:countries:1.0">
  <code code="ESTNIA">
    <editdetail attribution="Reuters BIP Coding Group" action="confirmed" date="1997-03-13"/>
  </code>
</codes>
<codes class="bip:topics:1.0">
  <code code="E12">
    <editdetail attribution="Reuters BIP Coding Group" action="confirmed" date="1997-03-13"/>
  </code>
  <code code="ECAT">
    <editdetail attribution="Reuters BIP Coding Group" action="confirmed" date="1997-03-13"/>
  </code>
</codes>
<dc element="dc.date.created" value="1997-03-13"/>
<dc element="dc.publisher" value="Reuters Holdings Plc"/>
<dc element="dc.date.published" value="1997-03-13"/>
<dc element="dc.source" value="Reuters"/>
<dc element="dc.creator.location" value="TALLINN"/>
<dc element="dc.creator.location.country.name" value="ESTONIA"/>
<dc element="dc.source" value="Reuters"/>
</metadata>
</newsitem>
