<?xml version="1.0" encoding="iso-8859-1" ?>
<newsitem itemid="438743" id="root" date="1997-03-13" xml:lang="en">
<title>LATVIA: PM SAYS '97 TURNING POINT FOR FOREIGN INVESTMENT.</title>
<headline>PM SAYS '97 TURNING POINT FOR FOREIGN INVESTMENT.</headline>
<dateline>RIGA 1997-03-13</dateline>
<text>
<p>Foreign investment in Latvia will take off during 1997, Latvian Prime Minister Andris Shkele predicted in an interview with Reuters on Thursday.</p>
<p>&quot;I think we will see a breakthrough this year,&quot; Shkele said.</p>
<p>&quot;The biggest enterprises will be privatised, it will activate the capital market and I think the parliament will ratify a very liberal law concerning the land market.&quot;</p>
<p>He said infrastructure was also being improved, a factor that will help in attracting investment.</p>
<p>-- Lena Torlegard, Riga newsroom +371 721 5240</p>
</text>
<copyright>(c) Reuters Limited 1997</copyright>
<metadata>
<codes class="bip:countries:1.0">
  <code code="LATV">
    <editdetail attribution="Reuters BIP Coding Group" action="confirmed" date="1997-03-13"/>
  </code>
</codes>
<codes class="bip:topics:1.0">
  <code code="E51">
    <editdetail attribution="Reuters BIP Coding Group" action="confirmed" date="1997-03-13"/>
  </code>
  <code code="E511">
    <editdetail attribution="Reuters BIP Coding Group" action="confirmed" date="1997-03-13"/>
  </code>
  <code code="ECAT">
    <editdetail attribution="Reuters BIP Coding Group" action="confirmed" date="1997-03-13"/>
  </code>
</codes>
<dc element="dc.date.created" value="1997-03-13"/>
<dc element="dc.publisher" value="Reuters Holdings Plc"/>
<dc element="dc.date.published" value="1997-03-13"/>
<dc element="dc.source" value="Reuters"/>
<dc element="dc.creator.location" value="RIGA"/>
<dc element="dc.creator.location.country.name" value="LATVIA"/>
<dc element="dc.source" value="Reuters"/>
</metadata>
</newsitem>
