<?xml version="1.0" encoding="iso-8859-1" ?>
<newsitem itemid="438727" id="root" date="1997-03-13" xml:lang="en">
<title>ROMANIA: ROMANIA ECONOMIC INDICATORS - UPDATED MARCH 13.</title>
<headline>ROMANIA ECONOMIC INDICATORS - UPDATED MARCH 13.</headline>
<text>
<p>ROMANIA CONSUMER INFLATION  FEB 97	 JAN 97	FEB 96</p>
<p>  pct change month/month     +18.8	  +13.7	  +1.9</p>
<p>  pct change year/year	+105.4	  +76.3	 +27.3</p>
<p>PRODUCER PRICES</p>
<p>  Industry			 DEC 96	 NOV 96	 DEC 95</p>
<p>  pct change month/month	+2.4	   +2.1	   +2.6</p>
<p>  pct change year/year	 +60.4	  +60.6	  +32.0</p>
<p> UNEMPLOYMENT RATE	     FEB 97	  JAN 97	FEB 96</p>
<p>  pct of workforce		 7.1	    6.7	    9.4</p>
<p> MONEY SUPPLY		    JAN 97	 DEC 96	JAN 96</p>
<p>M2</p>
<p> pct change mth/mth	    +10.8	   +9.6	   -0.1</p>
<p> pct change yr/yr		+84.2	  +66.0	  +74.7</p>
<p>M1</p>
<p> pct change mth/mth	    -12.9	   +9.9	   -7.4</p>
<p> pct change yr/yr		+48.2	  +67.7	  +64.0</p>
<p>Note: M2 includes currency, demand deposits, time and</p>
<p>savings deposits and foreign currency deposits. M1 measures</p>
<p>only cash in circulation and demand deposits.</p>
<p> DAILY AVERAGE REFINANCING   FEB 97	JAN 97	FEB 96</p>
<p>  (bln ROL)		     6,205.9     6,993.9     3,623.6</p>
<p> ROMANIA TRADE BALANCE     JAN-DEC 96  JAN-NOV 96 JAN-DEC 1995</p>
<p>  imports (USD mln)	  9,202.7	7,976.0	 N.A</p>
<p>  exports			7,659.7	6,802.1	 N.A.</p>
<p>  balance		     -1,543.0     -1,173.9     -1,576.7</p>
<p>Note: All figures in FOB prices. The 1996 import data do not</p>
<p>include $216 million worth of oil imports whose customs</p>
<p>documents were dealyed.</p>
<p> ROMANIAN INDUSTRIAL OUTPUT    JAN 97     DEC 96     JAN 96</p>
<p> pct change mth/mth		-7.3	  -4.8	-10.5</p>
<p> pct change yr/yr		 +12.3	  +8.5	 +8.5</p>
<p> STATE BUDGET		 JAN-NOV 96  JAN-NOV 95    FY 1995</p>
<p> Revenues  (bln ROL)	15,991.3     11,572.8     12,888.3</p>
<p> Expenditures		 20,189.6     13,806.2     15,858.0</p>
<p> Balance			-4,198.3     -2,233.4     -2,969.7</p>
<p> FOREX RESERVE ASSETS	  FEB 97	JAN 97	 FEB 96</p>
<p> Total reserves (USD mln)    N.A.	 2,767.3	2,421.2</p>
<p> of which National Bank	697.7	  812.2	  N.A.</p>
<p>NOTE: Total reserves data includes Romania's gold reserves,</p>
<p>the Special Drawing Rights holdings and hard currency reserves</p>
<p>of local banks and the National Bank. Gold reserves were</p>
<p>estimated at some 88 tonnes at end-1996.</p>
<p> DOMESTIC CREDIT		   JAN 97     DEC 96	JAN 96</p>
<p> Total (bln ROL)		 36,765.2    31,461.0    17,963.8</p>
<p>    Net credit to government  4,596.9     4,619.4     1,184.8</p>
<p>    Non-government credit    32,168.3    26,841.6    16,779.0</p>
<p> BALANCE OF PAYMENTS	  JAN-NOV 96   JAN-OCT 95  FY 1995</p>
<p>  current account (USD mln)  -1,585	-1,323.0    -1,292.0</p>
<p> KEY INTEREST RATES	    DISCOUNT		LOMBARD</p>
<p> rate				 50 pct	     226.31 pct</p>
<p> last changed		  JANUARY 97	 MARCH, 7 1997</p>
<p> former rate			35 pct	     426.5 pct</p>
<p> GROSS DOMESTIC PRODUCT	  1996	   1995</p>
<p> change (pct)			+4.1	   +7.1</p>
<p> EXPORTS			     -3.2	  +22.2</p>
<p> IMPORTS			     -3.0	  +32.4</p>
<p>CREDIT RATINGS</p>
<p>Romania has BB-minus (BB-) by Standard and Poor's and IBCA,</p>
<p>Ba-three (Ba3) from Moody's Investor Service and BB-plus (BB+)</p>
<p>from Japan Credit Rating Agency. REUTER</p>
</text>
<copyright>(c) Reuters Limited 1997</copyright>
<metadata>
<codes class="bip:countries:1.0">
  <code code="ROM">
    <editdetail attribution="Reuters BIP Coding Group" action="confirmed" date="1997-03-13"/>
  </code>
</codes>
<codes class="bip:topics:1.0">
  <code code="E71">
    <editdetail attribution="Reuters BIP Coding Group" action="confirmed" date="1997-03-13"/>
  </code>
  <code code="ECAT">
    <editdetail attribution="Reuters BIP Coding Group" action="confirmed" date="1997-03-13"/>
  </code>
</codes>
<dc element="dc.publisher" value="Reuters Holdings Plc"/>
<dc element="dc.date.published" value="1997-03-13"/>
<dc element="dc.source" value="Reuters"/>
<dc element="dc.creator.location.country.name" value="ROMANIA"/>
<dc element="dc.source" value="Reuters"/>
</metadata>
</newsitem>
