<?xml version="1.0" encoding="iso-8859-1" ?>
<newsitem itemid="438756" id="root" date="1997-03-13" xml:lang="en">
<title>LITHUANIA: PM DOES NOT RULE OUT ENERGY PRICE HIKE.</title>
<headline>PM DOES NOT RULE OUT ENERGY PRICE HIKE.</headline>
<dateline>VILNIUS 1997-03-13</dateline>
<text>
<p>Lithuanian Prime Minister Gediminas Vagnorius said on Thursday that the government might consider raising energy prices this year but not before the end of the current winter season.</p>
<p>&quot;We shall not raise prices before the end of this heating season,&quot; Vagnorius said at a news conference.</p>
<p>In response to a question about a possible hike this year, Vagnorius said &quot;we will see in the fall...&quot;</p>
<p>The International Monetary Fund and the World Bank have both urged Lithuania to raise its energy prices for consumers to realistic levels.</p>
<p>--Andrius Vilkancas, Vilnius newsroom +370 2 22 35 18</p>
</text>
<copyright>(c) Reuters Limited 1997</copyright>
<metadata>
<codes class="bip:countries:1.0">
  <code code="LITH">
    <editdetail attribution="Reuters BIP Coding Group" action="confirmed" date="1997-03-13"/>
  </code>
</codes>
<codes class="bip:industries:1.0">
  <code code="I16000">
    <editdetail attribution="Reuters BIP Coding Group" action="confirmed" date="1997-03-13"/>
  </code>
</codes>
<codes class="bip:topics:1.0">
  <code code="C13">
    <editdetail attribution="Reuters BIP Coding Group" action="confirmed" date="1997-03-13"/>
  </code>
  <code code="C31">
    <editdetail attribution="Reuters BIP Coding Group" action="confirmed" date="1997-03-13"/>
  </code>
  <code code="CCAT">
    <editdetail attribution="Reuters BIP Coding Group" action="confirmed" date="1997-03-13"/>
  </code>
</codes>
<dc element="dc.date.created" value="1997-03-13"/>
<dc element="dc.publisher" value="Reuters Holdings Plc"/>
<dc element="dc.date.published" value="1997-03-13"/>
<dc element="dc.source" value="Reuters"/>
<dc element="dc.creator.location" value="VILNIUS"/>
<dc element="dc.creator.location.country.name" value="LITHUANIA"/>
<dc element="dc.source" value="Reuters"/>
</metadata>
</newsitem>
