<?xml version="1.0" encoding="iso-8859-1" ?>
<newsitem itemid="438742" id="root" date="1997-03-13" xml:lang="en">
<title>CZECH REPUBLIC: CZECH CENBANK LEAVES INTEREST RATES UNCHANGED.</title>
<headline>CZECH CENBANK LEAVES INTEREST RATES UNCHANGED.</headline>
<dateline>PRAGUE 1997-03-13</dateline>
<text>
<p>The Czech National Bank said on Thursday that the central bank's governing board did not consider a change in its key interest rates despite new M2 data showing a marked slowing in money supply growth.</p>
<p>&quot;A change in interest rates has not been discussed at today's board meeting,&quot; CNB spokesman Martin Svehla told Reuters following the meeting.</p>
<p>Earlier, the central bank reported that M2 growth slowed to 9.2 percent at the end of December from 11.3 percent in November, year-on-year, excluding large deposits connected to the 1995 equity expansion of SPT Telecom a.s..</p>
<p>With the SPT factored in from 1995, M2 growth slowed to 7.8 percent from 9.7 in November.</p>
<p>Market speculation about a possible rate cut had been high after Prime Minister Vaclav Klaus on Tuesday criticised the central bank for possibly going to far in tightening monetary policy last summer.</p>
<p>Last June the CNB raised its key discount rate a full percentage point to 10.5 percent and raised minimum reserve requirements.</p>
<p>But Svehla said the data indicated that M2 data released on Thursday did not necessarily suggest that the central bank had more room to ease monetary policy.</p>
<p>&quot;This is the past -- the end of last year. To adjust monetary policy it is necessary to watch some future developments. This (M2) is no reason for anything,&quot; Svehla said.  </p>
<p>When asked if the central bank saw any indication of a change in the M2 trend, Svehla said: &quot;We are still somewhere around nine percent growth... and we lowered our target in money supply growth to eight to 12 percent.&quot;</p>
<p>&quot;That means that we are still within the range that we projected.&quot;</p>
<p>Industrial output in January contracted 3.9 percent, year-on-year, according to data released earlier this week.</p>
<p>Klaus said that a slowing in growth may have been a high price to pay for the slowing in inflation which the central bank tightening measures produced.</p>
<p>&quot;The decline of growth is multi-dimensional, not only monetary policy is the reason, but other, and perhaps more important factors are engaged,&quot; Svehla said.</p>
<p>Czech February inflation slowed to 7.3 percent year-on-year from 9.1 percent for the same month in 1996, but GDP growth has slowed to below four percent.</p>
<p>The central bank has pointed at slowing in demand for Czech exports, especially in the European Union and neighbouring Germany, as one of several reasons for the slower growth.</p>
<p>Svehla said that no other decisions were taken at the central bank's meeting.</p>
<p>-- John Mastrini, Prague Newsroom, 420-2-2423-0003</p>
</text>
<copyright>(c) Reuters Limited 1997</copyright>
<metadata>
<codes class="bip:countries:1.0">
  <code code="CZREP">
    <editdetail attribution="Reuters BIP Coding Group" action="confirmed" date="1997-03-13"/>
  </code>
</codes>
<codes class="bip:topics:1.0">
  <code code="E12">
    <editdetail attribution="Reuters BIP Coding Group" action="confirmed" date="1997-03-13"/>
  </code>
  <code code="E121">
    <editdetail attribution="Reuters BIP Coding Group" action="confirmed" date="1997-03-13"/>
  </code>
  <code code="ECAT">
    <editdetail attribution="Reuters BIP Coding Group" action="confirmed" date="1997-03-13"/>
  </code>
</codes>
<dc element="dc.date.created" value="1997-03-13"/>
<dc element="dc.publisher" value="Reuters Holdings Plc"/>
<dc element="dc.date.published" value="1997-03-13"/>
<dc element="dc.source" value="Reuters"/>
<dc element="dc.creator.location" value="PRAGUE"/>
<dc element="dc.creator.location.country.name" value="CZECH REPUBLIC"/>
<dc element="dc.source" value="Reuters"/>
</metadata>
</newsitem>
