<?xml version="1.0" encoding="iso-8859-1" ?>
<newsitem itemid="438724" id="root" date="1997-03-13" xml:lang="en">
<title>RUSSIA: PRESS DIGEST - RUSSIA - MARCH 13.</title>
<headline>PRESS DIGEST - RUSSIA - MARCH 13.</headline>
<text>
<p>IZVESTIA</p>
<p>- Moscow tax collecting offices will work longer hours in March with assistants to help fill in tax forms, says a front page report. April 1 is the deadline for Russians to submit income declarations.</p>
<p>SEVODNYA</p>
<p>- Chubais has been &quot;honoured&quot; with the name of &quot;fire-raiser&quot; and deputies are afraid he will &quot;burn&quot; the Duma, says the paper in a reference to a parliamentary resolution on Wednesday criticising the government reshuffle.</p>
<p>NEZAVISIMAYA GAZETA</p>
<p>-Belarussian President Alexander Lukashenko came out with an idea on Wednesday to develop closer cooperation between Russia and Belarus with China to oppose NATO expansion in eastern Europe, says the paper.</p>
<p>- Chubais's restoration to government has boosted interest for rouble in Russia's financial markets, a banking official is quoted as saying.</p>
<p>SOVIETSKAYA ROSSIYA</p>
<p>- While the United States welcome the appointment of Chubais to the government, Russia's State Duma is protesting as his name symbolises collapse, comments the paper on the reshuffle in the government. A front page cartoon shows President Boris Yeltsin signing a decree while a snake with Chubais's head winds round the president and whispers in his ear.</p>
<p>MOSKOVSKY KOMSOMOLETS</p>
<p>- If the government does not undertake a decisive attack on reactionary forces the example of Albania will infect Russia.</p>
<p>- About 90 percent of video films sold in Russia are pirate copies.</p>
<p>--Tatyana Ustinova, Moscow newsroom, +7095 941 8520.</p>
</text>
<copyright>(c) Reuters Limited 1997</copyright>
<metadata>
<codes class="bip:countries:1.0">
  <code code="RUSS">
    <editdetail attribution="Reuters BIP Coding Group" action="confirmed" date="1997-03-13"/>
  </code>
</codes>
<codes class="bip:topics:1.0">
  <code code="GCAT">
    <editdetail attribution="Reuters BIP Coding Group" action="confirmed" date="1997-03-13"/>
  </code>
</codes>
<dc element="dc.publisher" value="Reuters Holdings Plc"/>
<dc element="dc.date.published" value="1997-03-13"/>
<dc element="dc.source" value="Reuters"/>
<dc element="dc.creator.location.country.name" value="RUSSIA"/>
<dc element="dc.source" value="Reuters"/>
</metadata>
</newsitem>
