<?xml version="1.0" encoding="iso-8859-1" ?>
<newsitem itemid="438720" id="root" date="1997-03-13" xml:lang="en">
<title>LITHUANIA: MIDDAY RADIO HEADLINES - MARCH 13.</title>
<headline>MIDDAY RADIO HEADLINES - MARCH 13.</headline>
<dateline>VILNIUS 1997-03-13</dateline>
<text>
<p>Lithuania's M1 Plus radio reported the following stories at midday on Thursday.</p>
<p>-- Lithuanian parliament rejected the veto of Lithuanian President Algirdas Brazauskas on the procedures of appointment of the new prosecutor general. Seimas decided that a candidate to the post would be introduced for parliament's approval by the chairman of the supreme court and the minister of justice.</p>
<p>-- Lithuanian and Latvian negotiators meet in Riga today in hope of resuming negotiations over sea and economic zones in the Baltic sea. Talks between the two countries hit a wall five months ago.</p>
<p>-- Lithuanian Prime Minister Gediminas Vagnorius said he expected no changes in litas exchange rate.</p>
<p>-- Andrius Vilkancas, Vilnius newsroom + 370 2 22 35 17</p>
</text>
<copyright>(c) Reuters Limited 1997</copyright>
<metadata>
<codes class="bip:countries:1.0">
  <code code="LITH">
    <editdetail attribution="Reuters BIP Coding Group" action="confirmed" date="1997-03-13"/>
  </code>
</codes>
<codes class="bip:topics:1.0">
  <code code="GCAT">
    <editdetail attribution="Reuters BIP Coding Group" action="confirmed" date="1997-03-13"/>
  </code>
  <code code="GENT">
    <editdetail attribution="Reuters BIP Coding Group" action="confirmed" date="1997-03-13"/>
  </code>
</codes>
<dc element="dc.date.created" value="1997-03-13"/>
<dc element="dc.publisher" value="Reuters Holdings Plc"/>
<dc element="dc.date.published" value="1997-03-13"/>
<dc element="dc.source" value="Reuters"/>
<dc element="dc.creator.location" value="VILNIUS"/>
<dc element="dc.creator.location.country.name" value="LITHUANIA"/>
<dc element="dc.source" value="Reuters"/>
</metadata>
</newsitem>
