<?xml version="1.0" encoding="iso-8859-1" ?>
<newsitem itemid="438714" id="root" date="1997-03-13" xml:lang="en">
<title>SOUTH AFRICA: LIBERTY LOOKS AHEAD TO ROBUST EARNINGS.</title>
<headline>LIBERTY LOOKS AHEAD TO ROBUST EARNINGS.</headline>
<dateline>JOHANNESBURG 1997-03-13</dateline>
<text>
<p>Liberty Life Association of Africa Ltd chairman Donald Gordon said on Thursday a buoyant U.K economy and a strong British pound helped lift the life insurance group's year earnings.</p>
<p>Releasing results for the 12 months to end-December Gordon said Liberty would continue to reap rewards for its shareholders.</p>
<p>&quot;With our enormous financial strength and highly experienced and dedicated management resources, I believe the group has the commitment, capability and ambition to meet our aspirations and objectives into the next millennium,&quot; he told reporters.</p>
<p>Liberty on Thursday reported net taxed surplus attributable earnings to ordinary shareholders rising a strong 27.8 percent to 1.54 billion rand. Dividends rose by 25 percent to 320 cents.</p>
<p>Gordon said total new business written by the group in the year amounted to a record 4.72 billion rand, representing an 18 percent increase over the 4.00 billion rand recorded the yer before. </p>
<p>He said the pound's strength last year largely offset the rand's 40 percent depreciation against sterling.</p>
<p>&quot;The Liberty Life Group's recognition over a prolonged period of the importance of internationalisation and a global perspective was convincingly vindicated by the exceptional contribution from our U.K operations,&quot; Gordon said.</p>
<p>-- Johannesburg newsroom, +27 11 482 1003</p>
</text>
<copyright>(c) Reuters Limited 1997</copyright>
<metadata>
<codes class="bip:countries:1.0">
  <code code="SAFR">
    <editdetail attribution="Reuters BIP Coding Group" action="confirmed" date="1997-03-13"/>
  </code>
  <code code="UK">
    <editdetail attribution="Reuters BIP Coding Group" action="confirmed" date="1997-03-13"/>
  </code>
</codes>
<codes class="bip:industries:1.0">
  <code code="I82002">
    <editdetail attribution="Reuters BIP Coding Group" action="confirmed" date="1997-03-13"/>
  </code>
</codes>
<codes class="bip:topics:1.0">
  <code code="C15">
    <editdetail attribution="Reuters BIP Coding Group" action="confirmed" date="1997-03-13"/>
  </code>
  <code code="C151">
    <editdetail attribution="Reuters BIP Coding Group" action="confirmed" date="1997-03-13"/>
  </code>
  <code code="C1511">
    <editdetail attribution="Reuters BIP Coding Group" action="confirmed" date="1997-03-13"/>
  </code>
  <code code="CCAT">
    <editdetail attribution="Reuters BIP Coding Group" action="confirmed" date="1997-03-13"/>
  </code>
</codes>
<dc element="dc.date.created" value="1997-03-13"/>
<dc element="dc.publisher" value="Reuters Holdings Plc"/>
<dc element="dc.date.published" value="1997-03-13"/>
<dc element="dc.source" value="Reuters"/>
<dc element="dc.creator.location" value="JOHANNESBURG"/>
<dc element="dc.creator.location.country.name" value="SOUTH AFRICA"/>
<dc element="dc.source" value="Reuters"/>
</metadata>
</newsitem>
