<?xml version="1.0" encoding="iso-8859-1" ?>
<newsitem itemid="438726" id="root" date="1997-03-13" xml:lang="en">
<title>CZECH REPUBLIC: ***INDICATORS - CZECH REPUBLIC -UPDATED MARCH 13***.</title>
<headline>***INDICATORS - CZECH REPUBLIC -UPDATED MARCH 13***.</headline>
<text>
<p>KEY INTEREST RATES	   DISCOUNT		 LOMBARD</p>
<p> rate				10.5 pct		14.0 pct</p>
<p> last changed		June 20, 1996	 June 20, 1996</p>
<p> former rate		     9.5 pct		 12.5 pct</p>
<p> CZECH GDP (in pct)		Q3 96   Q2 96  Q1-Q3 96  H1 96</p>
<p>  real change yr/yr		+3.6    +4.0    +4.0     +4.3</p>
<p>  household demand		 +5.2    +5.0    +5.3     +5.5</p>
<p>  public-sector demand	   +2.9     0.0    +1.0     +0.1</p>
<p>gross creation/</p>
<p>   fixed capital		  +17.8   +20.1   +17.8    +17.8</p>
<p>  chg stock/reserves		n/a    -7.7    n/a     +16.2</p>
<p>  exports goods/services	 +6.1    +6.5    +5.1     +4.7</p>
<p>  imports goods/services	+21.8   +12.5   +14.7    +11.0</p>
<p> CZECH GDP (in CZK bln)	   Q3 96	  Q1-Q3 96</p>
<p>  real amount			 307.2	   886.9</p>
<p>  household demand		  183.3	   496.7</p>
<p>  public-sector demand	     54.1	   157.5</p>
<p>  gross creation/ fixed capital 102.8	   254.3</p>
<p>  chg stock/reserves		  6.2	    66.5</p>
<p>  exports goods/services	  183.7	   529.9</p>
<p>  imports goods/services	  222.9	   618.0</p>
<p>Note. All figures are subject to revision. All results</p>
<p>measure percentage change for period, year-on-year, except</p>
<p>where listed as being in crowns. All percentage changes, and</p>
<p>total amount listed in real, inflation adjusted terms.</p>
<p>  REVISED 1995 CZECH GDP	 Q1    Q2	Q3     Q4     1995</p>
<p>  NOMINAL (in CZK bln)	288.9  310.8   327.1  325.3 1,252.1</p>
<p>  REAL			    272.2  283.6   296.6  284.6 1,137.0</p>
<p>Note. Above inflation adjusted figures use new methodology</p>
<p>with 1994 prices as the base. Deflator used for 1995 real GDP</p>
<p>results was 10.1 percent, compared with 7.9 percent for the</p>
<p>first quarter and 9.1 percent for the second quarter 1996.</p>
<p>				   Q1-Q3/96    Q1-Q3/95	 FY 1995</p>
<p> CURRENT ACCOUNT ($ mln)   -3,082.7	-684.0	-1,362.3</p>
<p>   Trade Balance	     -4,118.4    -2,671.6	-3,677.9</p>
<p>     -exports		  16,061.9    10,189.7	21,462.5</p>
<p>     -imports		  20,180.3    12,861.3	25,140.4</p>
<p>   Balance of Services	1,129.1     1,530.6	 1,842.0</p>
<p>     revenues		   5,540.3     4,531.4	 6,717.8</p>
<p>	transport		   951.6     1,044.4	 1,460.5</p>
<p>	tourisim		  2,796.9     1,950.0	 2,875.2</p>
<p>	other services	  1,791.8     1,537.0	 2,382.1</p>
<p>     expenditure		4,411.2     3,000.8	 4,875.8</p>
<p>	transport		   506.8	 488.5	   799.3</p>
<p>	tourism		   2,025.3     1,150.0	 1,632.8</p>
<p>	other services	  1,879.1     1,362.3	 2,443.7</p>
<p>   Balance of income	   -483.1	 -10,8	  -105.6</p>
<p>	credit			895,0	 797,3	 1.194.5</p>
<p>	debit		     1.378,1	 808,1	 1.300.1</p>
<p>   Unrequitted transfers	389.7	 467.8	   579.2</p>
<p> CAPITAL ACCOUNT		2,023.2     5,263.5	 8,225.9</p>
<p>   Direct investment	    946.6     1,965.3	 2,525.6</p>
<p>    Czech invest. abroad	-25.8	 -18.9	   -36.6</p>
<p>    Foreign invest in CR	972.4     1,984.2	 2,562.2</p>
<p>   Portfolio investment	 413.4	 942.1	 1,362.0</p>
<p>   Other Capital		  663.2     2,251.7	 4,338.3</p>
<p>	 long-term		1,565.1     2,140.8	 3,367.1</p>
<p>	  assets		    -64.5	  43.7	    52.2</p>
<p>	  liabilities	   1,629.6     2,097.1	 3,314.9</p>
<p>	 short-term		-901.9	 215.3	   971.2</p>
<p>Errors, ommissions and</p>
<p> exchange rate differences    261.6     1,123.9	   594.5</p>
<p>Change in foreign exchange</p>
<p> reserves			   797.9    -5,703.4	-7,458.1</p>
<p>Note. Results are preliminary and subject to revision.</p>
<p> CZECH FOREIGN EXCHANGE RESERVES  JAN 1997   DEC 1997  JAN 1996</p>
<p>  Czech National Bank ($ bln)	11.997    12.435     13.500</p>
<p>  commercial banks			3.181     3.637	2.900</p>
<p>  total forex reserves		 15.178    16.072     16.400</p>
<p>Note. Measures through end of period listed.</p>
<p> CZECH CONSUMER INFLATION	  Feb 97    Jan 97   Feb 96</p>
<p>  pct change month/month	    +0.3     +1.2	+0.5</p>
<p>  pct change year/year		+7.3     +7.4	+8.6</p>
<p> FEB CPI BASKET COMPONENTS	  CHANGE MO/MO     CHANGE YR/YR</p>
<p> food, tobacco, beverages	     0.0  (1.3)	 5.5  (6.0)</p>
<p> clothing				   0.4  (0.3)	 8.8  (9.2)</p>
<p> housing				    0.4  (1.3)	13.4 (13.4)</p>
<p> furnishing/household operations    0.9  (0.2)	 3.8  (3.4)</p>
<p> healthcare				 0.1  (0.4)	 2.4  (2.4)</p>
<p> transport				  0.3  (3.6)	 9.3  (9.2)</p>
<p> leisure				    0.7  (0.7)	 4.4  (4.2)</p>
<p> education				  0.5  (2.0)	10.4 (10.8)</p>
<p> public subsistence/housing	   0.6  (0.4)	 5.8  (5.8)</p>
<p> other goods and services	     0.7  (0.5)	 7.3  (7.0)</p>
<p>Note. January basket component changes in brackets. All</p>
<p>changes are rises except where stated. Prices have risen 24.1</p>
<p>percent from the average level for 1994 while the sliding</p>
<p>average in February using a 1993 base was 8.6 percent. Basket</p>
<p>of goods and services is unchanged from 1995.</p>
<p> CZECH PRODUCER PRICES   FEB 1997    JAN 1997    FEB 1996</p>
<p>Industrial</p>
<p>  pct change month/month   +0.5	  +1.4	  +0.8</p>
<p>  pct change year/year     +4.2	  +4.5	  +5.7</p>
<p>Construction prices</p>
<p>  pct change month/month   +1.0	  +1.2	  +2.1</p>
<p>  pct change year/year    +10.1	 +10.1	 +13.1</p>
<p>Agricultural prices</p>
<p>  pct change month/month    n/a	   n/a	   n/a</p>
<p>  pct change year/year     +4.9	  +5.4	  +2.2</p>
<p> CZECH UNEMPLOYMENT	  FEB 1997    JAN 1997    FEB 1996</p>
<p> total jobless		 206,658     205,185     163,982</p>
<p> percentage of workforce    4.1	    4.0	   3.1</p>
<p>Note. Measures through end of period listed.</p>
<p> CZECH FOREIGN TRADE     JAN 97     JAN-DEC 96    JAN 96</p>
<p>  imports (CZK bln)	60.042	755.278	55.484</p>
<p>  exports		    46.445	594.952	47.625</p>
<p>  balance		   -13.597     -160.326	-7.859</p>
<p>Note. All figures in billions of crowns on customs-cleared</p>
<p>basis and subject to revision. Previously reported figures in</p>
<p>brackets.</p>
<p> CZECH M2 MONEY	 NOV 1996    OCT 1996    NOV 1995   pct</p>
<p>chg yr/yr	   +9.7	  +9.8	 +22.1 pct chg yr/yr</p>
<p>excluding SPT 1995</p>
<p>    equity expansion   +11.3	 +11.4	 +17.7 Note. All</p>
<p>1996 figures subject to revision. Czech M2 measures currency,</p>
<p>demand deposits, time and savings deposits, and foreign</p>
<p>currency deposits.</p>
<p> INDUSTRIAL OUTPUT	 JAN/97     DEC/96  JAN/96</p>
<p>  pct change yr/yr	  -3.9*	+1.5    +12.0</p>
<p>NOMINAL INDUSTRIAL MONTHLY WAGES</p>
<p>  pct change yr/yr	 +14.4	+21.1    +19.9</p>
<p>INDUSTRIAL SALES</p>
<p>  real pct chg yr/yr	-0.2	  n/a	n/a</p>
<p>REAL INDEX OF IND WAGES</p>
<p>  real chg yr/yr	     +6.5    +11.5     +10.0</p>
<p> CONSTRUCTION OUTPUT    JAN/96   DEC/96   JAN/96</p>
<p>   real pct chg yr/yr   -18.6     -5.7    + 5.3</p>
<p>avg nominal monthly</p>
<p>   wages chg yr/yr	 10.1	8.9    +18.4</p>
<p>NOTE. The CSU said in a statement that it had changed its</p>
<p>methodology for calculating industrial production.</p>
<p> CZECH REAL RETAIL SALES	 DEC 96   NOV 96   JAN-DEC 96</p>
<p>  pct change yr/yr		 +12.5    +8.3	  +9.6</p>
<p>CZECH REAL INTERNAL TRADE</p>
<p>  pct change yr/yr		 +11.2    +9.2	 +11.4</p>
<p>-- Prague Newsroom, 42-2-2423-0003</p>
</text>
<copyright>(c) Reuters Limited 1997</copyright>
<metadata>
<codes class="bip:countries:1.0">
  <code code="CZREP">
    <editdetail attribution="Reuters BIP Coding Group" action="confirmed" date="1997-03-13"/>
  </code>
</codes>
<codes class="bip:topics:1.0">
  <code code="E71">
    <editdetail attribution="Reuters BIP Coding Group" action="confirmed" date="1997-03-13"/>
  </code>
  <code code="ECAT">
    <editdetail attribution="Reuters BIP Coding Group" action="confirmed" date="1997-03-13"/>
  </code>
</codes>
<dc element="dc.publisher" value="Reuters Holdings Plc"/>
<dc element="dc.date.published" value="1997-03-13"/>
<dc element="dc.source" value="Reuters"/>
<dc element="dc.creator.location.country.name" value="CZECH REPUBLIC"/>
<dc element="dc.source" value="Reuters"/>
</metadata>
</newsitem>
