<?xml version="1.0" encoding="iso-8859-1" ?>
<newsitem itemid="438760" id="root" date="1997-03-13" xml:lang="en">
<title>ESTONIA: FINAL TALKS TO SELL PART OF ESTONIAN ENERGY UNDERWAY.</title>
<headline>FINAL TALKS TO SELL PART OF ESTONIAN ENERGY UNDERWAY.</headline>
<dateline>TALLINN 1997-03-13</dateline>
<text>
<p>Final negotiations are underway for the state to sell part of Estonian Energy to U.S. company Northern Power Co with an agreement expected by July, Estonia's Privatisation Agency said on Thursday.</p>
<p>The agency's director general Vaino Sarnet said the two parties were in final talks to agree on a business plan for a joint venture on Estonia's two main power stations at Narva in the country's northeast.</p>
<p>The plan, giving 50/50 ownership of the power stations that produce 95 percent of Estonia's electricity, will then go before the government for approval.</p>
<p>Sarnet said it included a US$250 million investment over a five year period.</p>
<p>&quot;There is no certainty that this plan will be approved,&quot; Sarnet told Reuters in an interview.</p>
<p>&quot;But if this business plan is approved then contracts will be drawn up.&quot;</p>
<p>Sarnet said the two power stations were currently only running at about 40 percent capacity so there was room to boost output and export to Lithuania, Latvia and Russia.</p>
<p>&quot;But to lift production the stations must meet certain economic and environmental requirements,&quot; Sarnet said.</p>
<p>&quot;This is where the investment comes in.&quot;</p>
<p>Sarnet said another U.S. company, Duke Power Co , had expressed an interest in Estonia's other powers stations and distribution networks.</p>
<p>&quot;We have not had any formal negotiations but we have met a few times,&quot; Sarnet said.</p>
<p>The partial sale of Estonian Energy is part of the government's programme to privatise the country's infrastructure companies.</p>
<p>Under an ongoing privatisation plan, the agency expects to have sold most of the state's holdings in industrial companies by the end of 1997 to then focus on selling infrastructure companies and land.</p>
<p>-- Belinda Goldsmith, Tallinn newsroom +372 630 8400, reuters@reuters.ee</p>
</text>
<copyright>(c) Reuters Limited 1997</copyright>
<metadata>
<codes class="bip:countries:1.0">
  <code code="ESTNIA">
    <editdetail attribution="Reuters BIP Coding Group" action="confirmed" date="1997-03-13"/>
  </code>
  <code code="USA">
    <editdetail attribution="Reuters BIP Coding Group" action="confirmed" date="1997-03-13"/>
  </code>
</codes>
<codes class="bip:industries:1.0">
  <code code="I16000">
    <editdetail attribution="Reuters BIP Coding Group" action="confirmed" date="1997-03-13"/>
  </code>
  <code code="I16100">
    <editdetail attribution="Reuters BIP Coding Group" action="confirmed" date="1997-03-13"/>
  </code>
</codes>
<codes class="bip:topics:1.0">
  <code code="C18">
    <editdetail attribution="Reuters BIP Coding Group" action="confirmed" date="1997-03-13"/>
  </code>
  <code code="C181">
    <editdetail attribution="Reuters BIP Coding Group" action="confirmed" date="1997-03-13"/>
  </code>
  <code code="C183">
    <editdetail attribution="Reuters BIP Coding Group" action="confirmed" date="1997-03-13"/>
  </code>
  <code code="CCAT">
    <editdetail attribution="Reuters BIP Coding Group" action="confirmed" date="1997-03-13"/>
  </code>
</codes>
<dc element="dc.date.created" value="1997-03-13"/>
<dc element="dc.publisher" value="Reuters Holdings Plc"/>
<dc element="dc.date.published" value="1997-03-13"/>
<dc element="dc.source" value="Reuters"/>
<dc element="dc.creator.location" value="TALLINN"/>
<dc element="dc.creator.location.country.name" value="ESTONIA"/>
<dc element="dc.source" value="Reuters"/>
</metadata>
</newsitem>
