<?xml version="1.0" encoding="iso-8859-1" ?>
<newsitem itemid="438766" id="root" date="1997-03-13" xml:lang="en">
<title>LATVIA: LATVENERGO PRIVATISED BY NOV - PM SHKELE.</title>
<headline>LATVENERGO PRIVATISED BY NOV - PM SHKELE.</headline>
<dateline>RIGA 1997-03-13</dateline>
<text>
<p>Latvian Prime Minister Andris Shkele said on Thursday that the country's largest energy producer Latvenergo would be trading on the stock exchange in November.</p>
<p>&quot;I think the shares will be in the market by November,&quot; Shkele told Reuters in an interview on Thursday.</p>
<p>He said the process had taken longer than expected.</p>
<p>&quot;Unfortunately, things are not developing so quicklky presently,&quot; he said.</p>
<p>Shkele said the government was well prepared for the remaining privatisations.</p>
<p>He believed the government would reach its target to complete the privatisation plan before the middle of next year.</p>
<p>&quot;All this has been prepared now and with this we have showed that private property is safe now,&quot; he added.</p>
<p>The privatisation of the oil terminal Ventspils Nafta will proceed.</p>
<p>&quot;With Ventspils Nafta we will be going straight ahead with the privatisation,&quot; said Shkele.</p>
<p>As regards the Latvian Gas company, Shkele believes it will also be privatised before the end of 1997, and that the government will hold less than 50 percent.</p>
<p>-- Lena Torlegard, Riga newsroom +371 721 5240</p>
</text>
<copyright>(c) Reuters Limited 1997</copyright>
<metadata>
<codes class="bip:countries:1.0">
  <code code="LATV">
    <editdetail attribution="Reuters BIP Coding Group" action="confirmed" date="1997-03-13"/>
  </code>
</codes>
<codes class="bip:industries:1.0">
  <code code="I13000">
    <editdetail attribution="Reuters BIP Coding Group" action="confirmed" date="1997-03-13"/>
  </code>
  <code code="I16100">
    <editdetail attribution="Reuters BIP Coding Group" action="confirmed" date="1997-03-13"/>
  </code>
</codes>
<codes class="bip:topics:1.0">
  <code code="C14">
    <editdetail attribution="Reuters BIP Coding Group" action="confirmed" date="1997-03-13"/>
  </code>
  <code code="C17">
    <editdetail attribution="Reuters BIP Coding Group" action="confirmed" date="1997-03-13"/>
  </code>
  <code code="C171">
    <editdetail attribution="Reuters BIP Coding Group" action="confirmed" date="1997-03-13"/>
  </code>
  <code code="C18">
    <editdetail attribution="Reuters BIP Coding Group" action="confirmed" date="1997-03-13"/>
  </code>
  <code code="C183">
    <editdetail attribution="Reuters BIP Coding Group" action="confirmed" date="1997-03-13"/>
  </code>
  <code code="CCAT">
    <editdetail attribution="Reuters BIP Coding Group" action="confirmed" date="1997-03-13"/>
  </code>
</codes>
<dc element="dc.date.created" value="1997-03-13"/>
<dc element="dc.publisher" value="Reuters Holdings Plc"/>
<dc element="dc.date.published" value="1997-03-13"/>
<dc element="dc.source" value="Reuters"/>
<dc element="dc.creator.location" value="RIGA"/>
<dc element="dc.creator.location.country.name" value="LATVIA"/>
<dc element="dc.source" value="Reuters"/>
</metadata>
</newsitem>
