<?xml version="1.0" encoding="iso-8859-1" ?>
<newsitem itemid="438700" id="root" date="1997-03-13" xml:lang="en">
<title>ITALY: SOCCER-MALDINI DENIES POSSIBLE MOVE TO CHELSEA.</title>
<headline>SOCCER-MALDINI DENIES POSSIBLE MOVE TO CHELSEA.</headline>
<dateline>ROME 1997-03-13</dateline>
<text>
<p>AC Milan and Italy left back Paolo Maldini has denied speculation linking him with English premier league club Chelsea, who already employ three of his compatriots.</p>
<p>Maldini acknowledged in an interview with sports daily Gazetta Dello Sport that Chelsea player-manager Ruud Gullit and Milan's acting president Adriano Galliani were in regular contact.</p>
<p>However, Maldini added: &quot;Gullit and Galliani ring one another regularly but as far as I know there has never been an official or serious offer from any club.</p>
<p>&quot;My contract runs out in the year 2001 and I intend to stay at Milan, but of course it takes two parties to settle these matters.&quot;</p>
<p>Gianluca Vialli, Roberto de Matteo and Gianfranco Zola are the Italian trio who joined London side Chelsea this season.</p>
<p>Maldini, meanwhile, is preparing to return for Milan against Fiorentina on Saturday following a two-match ban after being sent off during a 1-0 loss to Perugia.</p>
<p>He regards his dismissal as just one more unfortunate incident in a disastrous season for the side who have dominated the last decade of Italian soccer.</p>
<p>&quot;When you start the season badly, it is difficult to immediately recover,&quot; he said.</p>
<p>&quot;Then the more you play, the more the results don't go your way, the more certain negative tensions begin to weigh heavily.&quot;</p>
<p>Although Milan face Saturday's game in 12th position, just seven points clear of the relegation zone, Maldini does not rule out a recovery that would bring his team back into contention for a UEFA place next season.</p>
<p>&quot;The league table has been very odd, I've never seen anything like it in recent years, all you need is two wins and you are back up in the UEFA zone,&quot; he said.</p>
</text>
<copyright>(c) Reuters Limited 1997</copyright>
<metadata>
<codes class="bip:countries:1.0">
  <code code="ITALY">
    <editdetail attribution="Reuters BIP Coding Group" action="confirmed" date="1997-03-13"/>
  </code>
</codes>
<codes class="bip:topics:1.0">
  <code code="GCAT">
    <editdetail attribution="Reuters BIP Coding Group" action="confirmed" date="1997-03-13"/>
  </code>
  <code code="GSPO">
    <editdetail attribution="Reuters BIP Coding Group" action="confirmed" date="1997-03-13"/>
  </code>
</codes>
<dc element="dc.date.created" value="1997-03-13"/>
<dc element="dc.publisher" value="Reuters Holdings Plc"/>
<dc element="dc.date.published" value="1997-03-13"/>
<dc element="dc.source" value="Reuters"/>
<dc element="dc.creator.location" value="ROME"/>
<dc element="dc.creator.location.country.name" value="ITALY"/>
<dc element="dc.source" value="Reuters"/>
</metadata>
</newsitem>
