<?xml version="1.0" encoding="iso-8859-1" ?>
<newsitem itemid="438738" id="root" date="1997-03-13" xml:lang="en">
<title>CZECH REPUBLIC: DIRECT EQUITY TRADES ON THE CZECH PSE - MARCH 13.</title>
<headline>DIRECT EQUITY TRADES ON THE CZECH PSE - MARCH 13.</headline>
<dateline>PRAGUE 1997-03-13</dateline>
<text>
<p>The following is a list of</p>
<p>direct equity trades made on the Prague Stock Exchange:</p>
<p> ISSUE		    Min. Price  Max.Price  Volume   Turnover</p>
<p>				   CZK	  CZK   (shares)(CZK 000's)</p>
<p> 2.SPORIT.PRIVAT.IF	746.00    753.59	2882    2164.259</p>
<p> C. RADIOKOMUNIKACE     3500.00   3800.00     50700  188587.500</p>
<p> CESKA SPORITELNA	  326.00    326.00	6000    1956.000</p>
<p> CETRANS USTI N.L.	 140.00    140.00	7236    1013.040</p>
<p> CEZ			  1057.32   1120.00     87900   94814.356</p>
<p> CEZ 2			 889.00    991.68     20000   19568.570</p>
<p> CIZKOVICKA CEMENT.	900.00    900.00	1152    1036.800</p>
<p> CKD PRAHA HOLDING	 810.00    825.00	7622    6239.150</p>
<p> COKOLADOVNY		4203.87   4240.29	2694   11378.496</p>
<p> FOND UNIVERSUM	    733.46    733.46	 328     240.576</p>
<p> GALENA		     1562.16   1571.47	1096    1716.787</p>
<p> HARV.DIVID.II PF	   72.00     72.00	7117     512.424</p>
<p> HARV.RUST.II PF	    72.00     72.00	5000     360.000</p>
<p> CHEMOPETROL GROUP	1337.50   1463.00     49755   70925.700</p>
<p> IPB			   348.00    348.00	5000    1740.000</p>
<p> IPS PRAHA		   256.00    318.00     81200   23157.789</p>
<p> JIHOC. ENERGETIKA	2900.00   2900.00	1000    2900.000</p>
<p> KAUCUK GROUP	     1336.50  14900.00     28700   69512.408</p>
<p> KOMERCNI BANKA	   1912.50   2645.00     51466  124906.272</p>
<p> KOMERCNI BANKA IF	680.00    680.00	5000    3400.000</p>
<p> KVANTO IPF		  233.70    235.16	3928    922.206</p>
<p> MORSLEZS.TEPLARNY	 939.87    965.00	2900    2750.753</p>
<p> NOVA HUT		    569.00    570.00	7200    4097.800</p>
<p> OKD			   139.29    139.29     15000    2089.350</p>
<p> P.I.F.			437.00    438.00	2000     875.000</p>
<p> PRAZSKE PIVOVARY	 2840.00   2840.00	1000    2840.000</p>
<p> RIF			   705.38   1023.00	3000    2433.760</p>
<p> SEMOR. PLYNARENSKA     2650.00   2650.00	 720    1908.000</p>
<p> SEPAP			1246.49   1250.00	 856    1067.697</p>
<p> SEVEROC. DOLY	     802.00    802.00	3000    2406.000</p>
<p> SOKOLOVSKA UHELNA	 648.00    650.00     11200    7268.800</p>
<p> SOLNE MLYNY		 285.00    285.00	8706    2481.210</p>
<p> SPIF CESKY		  354.26    383.00     95185   35693.792</p>
<p> SPIF VSEOBECNY	     95.95     95.95     12081    1159.172</p>
<p> SPT TELECOM		3555.74   3720.00     39640  143145.642</p>
<p> SKODA PLZEN		1065.00   1120.81     31683   34263.247</p>
<p> TABAK			8225.00   8231.00	2400   19753.200</p>
<p> TESLA			  68.00     68.00     12357     840.276</p>
<p> THESAURUS		   460.00    460.00	 750     345.000</p>
<p> TMP-TEL. MONTAZE	 2894.39   2894.39	 120     347.327</p>
<p> TRANSAKTA		   145.00    145.00	2000     290.000</p>
<p> VODNI STAVBY PRAHA     1220.00   1260.00     10897   13330.220</p>
<p> ZLATY IF KVANTO	   179.49    179.49	3670     658.755</p>
<p> ZIVNOBANKA-PODIL.F	455.00    455.00	3000    1365.000</p>
<p>-- Prague Newsroom, 420-2-2423-0003</p>
</text>
<copyright>(c) Reuters Limited 1997</copyright>
<metadata>
<codes class="bip:countries:1.0">
  <code code="CZREP">
    <editdetail attribution="Reuters BIP Coding Group" action="confirmed" date="1997-03-13"/>
  </code>
</codes>
<codes class="bip:topics:1.0">
  <code code="M11">
    <editdetail attribution="Reuters BIP Coding Group" action="confirmed" date="1997-03-13"/>
  </code>
  <code code="MCAT">
    <editdetail attribution="Reuters BIP Coding Group" action="confirmed" date="1997-03-13"/>
  </code>
</codes>
<dc element="dc.date.created" value="1997-03-13"/>
<dc element="dc.publisher" value="Reuters Holdings Plc"/>
<dc element="dc.date.published" value="1997-03-13"/>
<dc element="dc.source" value="Reuters"/>
<dc element="dc.creator.location" value="PRAGUE"/>
<dc element="dc.creator.location.country.name" value="CZECH REPUBLIC"/>
<dc element="dc.source" value="Reuters"/>
</metadata>
</newsitem>
