<?xml version="1.0" encoding="iso-8859-1" ?>
<newsitem itemid="438715" id="root" date="1997-03-13" xml:lang="en">
<title>SOUTH AFRICA: S.AFRICAN LABOUR INFLEXIBILITY SEEN OVERESTIMATED.</title>
<headline>S.AFRICAN LABOUR INFLEXIBILITY SEEN OVERESTIMATED.</headline>
<dateline>JOHANNESBURG 1997-03-13</dateline>
<text>
<p>South Africa's labour market had areas of inflexibility that needed to be addressed, although the existing degree of rigidity was generally overestimated, Labour Minister Tito Mboweni said on Thursday.</p>
<p>Addressing a Chemical Workers Industrial Union conference, Mboweni said government's approach to the labour market, which the International Labour Organisation (ILO) has described as too flexible in some respects, was one of &quot;regulated flexibility&quot;.</p>
<p>&quot;Our approach is that where there are unnecessary rigidities in our labour market and our economy they must be removed,&quot; Mboweni said.</p>
<p>&quot;But this should not be done in ways which undermine labour security and union rights in particular,&quot; he said. &quot;Indeed, as the ILO suggests, in some areas there is a need for more regulation,&quot; he said.</p>
<p>Mboweni said areas where labour market inflexibility and labour security needed to be enhanced included:</p>
<p>* an excessive focus on procedural aspects rather than fairness when considering dismissal for misconduct;</p>
<p>* a labour law which gave inadequate protection to farm workers;</p>
<p>* certain wage setting mechanisms which did not take adequate account of differing realities in certain regions, sectors and small or new business;</p>
<p>* a dispute resolution system which did little to resolve disputes; and </p>
<p>* excessive overtime.</p>
<p>-- Johannesburg newsroom 27 11 482 1003</p>
</text>
<copyright>(c) Reuters Limited 1997</copyright>
<metadata>
<codes class="bip:countries:1.0">
  <code code="SAFR">
    <editdetail attribution="Reuters BIP Coding Group" action="confirmed" date="1997-03-13"/>
  </code>
</codes>
<codes class="bip:topics:1.0">
  <code code="C42">
    <editdetail attribution="Reuters BIP Coding Group" action="confirmed" date="1997-03-13"/>
  </code>
  <code code="CCAT">
    <editdetail attribution="Reuters BIP Coding Group" action="confirmed" date="1997-03-13"/>
  </code>
  <code code="E12">
    <editdetail attribution="Reuters BIP Coding Group" action="confirmed" date="1997-03-13"/>
  </code>
  <code code="E41">
    <editdetail attribution="Reuters BIP Coding Group" action="confirmed" date="1997-03-13"/>
  </code>
  <code code="ECAT">
    <editdetail attribution="Reuters BIP Coding Group" action="confirmed" date="1997-03-13"/>
  </code>
  <code code="GCAT">
    <editdetail attribution="Reuters BIP Coding Group" action="confirmed" date="1997-03-13"/>
  </code>
  <code code="GJOB">
    <editdetail attribution="Reuters BIP Coding Group" action="confirmed" date="1997-03-13"/>
  </code>
</codes>
<dc element="dc.date.created" value="1997-03-13"/>
<dc element="dc.publisher" value="Reuters Holdings Plc"/>
<dc element="dc.date.published" value="1997-03-13"/>
<dc element="dc.source" value="Reuters"/>
<dc element="dc.creator.location" value="JOHANNESBURG"/>
<dc element="dc.creator.location.country.name" value="SOUTH AFRICA"/>
<dc element="dc.source" value="Reuters"/>
</metadata>
</newsitem>
