<?xml version="1.0" encoding="iso-8859-1" ?>
<newsitem itemid="438730" id="root" date="1997-03-13" xml:lang="en">
<title>POLAND: POLISH SHIPYARD WORKERS TAKE VESSEL OUT OF ALBANIA.</title>
<headline>POLISH SHIPYARD WORKERS TAKE VESSEL OUT OF ALBANIA.</headline>
<dateline>WARSAW 1997-03-13</dateline>
<text>
<p>A group of 10 Polish workers left the north Albanian port of Durres on Thursday afternoon aboard a ship which was being repaired at a Polish-controlled shipyard there, their employer said.</p>
<p>Piotr Sojka, director of the Gdansk ship repair yard which owns 51 percent of the Durres yard, said the 10 had set out on the vessel Amber after Warsaw's foreign ministry advised the firm to evacuate its staff.</p>
<p>He told private Radio Zet they were headed for Dubrovnik in Croatia, adding: &quot;They will get there if their fuel holds out. If not, they will pull in at a safe port.&quot;</p>
<p>Foreign Ministry spokesman Pawel Dobrowolski confirmed that Poland's embassy in Tirana had recommended evacuation.</p>
<p>&quot;After consultation with the Polish embassy in Tirana, advice to leave Albania was given to 10 employees of the Gdansk ship repair yard who were working in Durres which is in the north of the country but where disturbances are starting,&quot; he said.</p>
<p>He added that embassy staff were remaining in Tirana but the ministry, which has set up a special crisis team to monitor Albania, was keeping in constant touch with them.</p>
<p>Anarchy has spread to the north of Albania following an anti-government uprising in the south sparked by anger over the collapse of pyramid savings schemes.</p>
</text>
<copyright>(c) Reuters Limited 1997</copyright>
<metadata>
<codes class="bip:countries:1.0">
  <code code="ALB">
    <editdetail attribution="Reuters BIP Coding Group" action="confirmed" date="1997-03-13"/>
  </code>
  <code code="POL">
    <editdetail attribution="Reuters BIP Coding Group" action="confirmed" date="1997-03-13"/>
  </code>
</codes>
<codes class="bip:industries:1.0">
  <code code="I36101">
    <editdetail attribution="Reuters BIP Coding Group" action="confirmed" date="1997-03-13"/>
  </code>
</codes>
<codes class="bip:topics:1.0">
  <code code="C42">
    <editdetail attribution="Reuters BIP Coding Group" action="confirmed" date="1997-03-13"/>
  </code>
  <code code="CCAT">
    <editdetail attribution="Reuters BIP Coding Group" action="confirmed" date="1997-03-13"/>
  </code>
  <code code="E41">
    <editdetail attribution="Reuters BIP Coding Group" action="confirmed" date="1997-03-13"/>
  </code>
  <code code="ECAT">
    <editdetail attribution="Reuters BIP Coding Group" action="confirmed" date="1997-03-13"/>
  </code>
  <code code="GCAT">
    <editdetail attribution="Reuters BIP Coding Group" action="confirmed" date="1997-03-13"/>
  </code>
  <code code="GDIP">
    <editdetail attribution="Reuters BIP Coding Group" action="confirmed" date="1997-03-13"/>
  </code>
  <code code="GJOB">
    <editdetail attribution="Reuters BIP Coding Group" action="confirmed" date="1997-03-13"/>
  </code>
</codes>
<dc element="dc.date.created" value="1997-03-13"/>
<dc element="dc.publisher" value="Reuters Holdings Plc"/>
<dc element="dc.date.published" value="1997-03-13"/>
<dc element="dc.source" value="Reuters"/>
<dc element="dc.creator.location" value="WARSAW"/>
<dc element="dc.creator.location.country.name" value="POLAND"/>
<dc element="dc.source" value="Reuters"/>
</metadata>
</newsitem>
