<?xml version="1.0" encoding="iso-8859-1" ?>
<newsitem itemid="438728" id="root" date="1997-03-13" xml:lang="en">
<title>ESTONIA: LATEST ECONOMIC INDICATORS - ESTONIA.</title>
<headline>LATEST ECONOMIC INDICATORS - ESTONIA.</headline>
<text>
<p>TALLINN, Reuter - Estonia's latest economic statistics for</p>
<p>1997, in percentage changes on a month-to-month basis unless</p>
<p>otherwise indicated.</p>
<p>INDICATOR		   PERIOD     PCT    A YR AGO LAST/NEXT</p>
<p>Consumer Price Index	Feb	0.9	3.3    07/03-07/04</p>
<p>Consumer prices (Yr/Yr)   Feb	9.9     29.4    07/03-07/04</p>
<p>Trade balance (Bln EEK)   Jan    -1.17    -1.60    05/03-07/04</p>
<p>GDP (Bln EEK)		 Q3 96   13.6	n/a    10/03-26/05</p>
<p>Export price index	  Jan	1.4	1.5    20/02-21/04</p>
<p>Export price index(Yr/Yr) Jan	5.4     15.3    20/02-21/04</p>
<p>Producer Price Index (PPI)Jan	0.9	2.2    20/02-21/04</p>
<p>PPI (Yr/Yr)		   Jan	8.4	n/a    20/02-21/04</p>
<p>Unemployment*		 Feb 96   4.4	4.8    10/03-09/04</p>
<p>						   </p>
<p>*=percentage of workforce actively seeking jobs through the</p>
<p>state's labour exchange.</p>
<p>-- Tallinn newsroom +372-630 8400, reuters@reuters.ee</p>
</text>
<copyright>(c) Reuters Limited 1997</copyright>
<metadata>
<codes class="bip:countries:1.0">
  <code code="ESTNIA">
    <editdetail attribution="Reuters BIP Coding Group" action="confirmed" date="1997-03-13"/>
  </code>
</codes>
<codes class="bip:topics:1.0">
  <code code="E71">
    <editdetail attribution="Reuters BIP Coding Group" action="confirmed" date="1997-03-13"/>
  </code>
  <code code="ECAT">
    <editdetail attribution="Reuters BIP Coding Group" action="confirmed" date="1997-03-13"/>
  </code>
</codes>
<dc element="dc.publisher" value="Reuters Holdings Plc"/>
<dc element="dc.date.published" value="1997-03-13"/>
<dc element="dc.source" value="Reuters"/>
<dc element="dc.creator.location.country.name" value="ESTONIA"/>
<dc element="dc.source" value="Reuters"/>
</metadata>
</newsitem>
