<?xml version="1.0" encoding="iso-8859-1" ?>
<newsitem itemid="438719" id="root" date="1997-03-13" xml:lang="en">
<title>ZIMBABWE: ZIMBABWE MONEY RATES SOFTER IN LIQUID MARKET.</title>
<headline>ZIMBABWE MONEY RATES SOFTER IN LIQUID MARKET.</headline>
<dateline>HARARE 1997-03-13</dateline>
<text>
<p>Zimbabwe's money market continued liquid on Thursday with short-term trading rates quoted mixed in quiet trade, dealers said.</p>
<p>The central Reserve Bank, anticipating a market surplus at the end of the day, auctioned Z$750 million worth of 91-day treasury bills at 17.38 percent, down from 17.50 percent previously.</p>
<p>Treasury bills were being sold in the secondary market at 17.25 percent while call money edged up to 17.25 percent from 17 percent.</p>
<p>NCD bills maturing after 30, 60 and 90 days were quoted softer at 18 from 18.25 percent but their buying rated edged up to 17.75 from 17.50 percent.</p>
<p>Bankers acceptances were quoted at 17.75 and 17.35 percent (buying and selling respectively) from Wednesday's 18 and 17 percent.</p>
<p>The central bank indicated a market surplus of Z$49 million at the close of Wednesday trade, down from Tuesday's Z$141 million.</p>
<p>--Stella Mapenzauswa, Harare Newsroom: +263-4 72 52 28/9</p>
</text>
<copyright>(c) Reuters Limited 1997</copyright>
<metadata>
<codes class="bip:countries:1.0">
  <code code="ZIMBAB">
    <editdetail attribution="Reuters BIP Coding Group" action="confirmed" date="1997-03-13"/>
  </code>
</codes>
<codes class="bip:topics:1.0">
  <code code="M13">
    <editdetail attribution="Reuters BIP Coding Group" action="confirmed" date="1997-03-13"/>
  </code>
  <code code="M131">
    <editdetail attribution="Reuters BIP Coding Group" action="confirmed" date="1997-03-13"/>
  </code>
  <code code="MCAT">
    <editdetail attribution="Reuters BIP Coding Group" action="confirmed" date="1997-03-13"/>
  </code>
</codes>
<dc element="dc.date.created" value="1997-03-13"/>
<dc element="dc.publisher" value="Reuters Holdings Plc"/>
<dc element="dc.date.published" value="1997-03-13"/>
<dc element="dc.source" value="Reuters"/>
<dc element="dc.creator.location" value="HARARE"/>
<dc element="dc.creator.location.country.name" value="ZIMBABWE"/>
<dc element="dc.source" value="Reuters"/>
</metadata>
</newsitem>
