<?xml version="1.0" encoding="iso-8859-1" ?>
<newsitem itemid="438773" id="root" date="1997-03-13" xml:lang="en">
<title>CZECH REPUBLIC: CZECHS TO INTENSIFY &quot;FINAL&quot; GAS TALKS WITH NORWAY.</title>
<headline>CZECHS TO INTENSIFY &quot;FINAL&quot; GAS TALKS WITH NORWAY.</headline>
<dateline>PRAGUE 1997-03-13</dateline>
<text>
<p>A council of senior Czech ministers has directed Industry and Trade Minister Vladimir Dlouhy to intensify final talks with Norway on a deal to diversify natural gas supplies away from solely Russian gas, a government spokesman said on Thursday.  </p>
<p>Spokesman Ivo Strejcek told Reuters that Dlouhy was directed to &quot;concentrate, above all, on price questions&quot;.</p>
<p>The Czech government has been considering four options for the diversification of gas supplies, and a decision has been expected since the beginning of the year.</p>
<p>The industry and trade ministry has said it was discussing four options for new gas supplies. </p>
<p>Strejcek nor ministry officials could say whether the Norwegian option would be the only diversification plan to move toward final consideration.</p>
<p>Dlouhy is scheduled to speak on the issue at a news conference this afternoon.</p>
<p>The four plans under consideration have been:</p>
<p>* Purchasing some Russian gas indirectly through Dutch company Nederlandse Gasunie NV, and Germany's Wintershall, a subsidiary of BASF . Gasunie would start supplies in 1998, delivering up to two billion cubic metres in 2005, with the agreement lasting until 2014. In case of a fall in Russian supplies, Gasunie would deliver its own gas through Wingas, a joint venture of Wintershall and Gazprom.</p>
<p>Wintershall offers a similar scheme, with deliveries through Wingas starting on January 1 next year, rising to one billion cubic metres in 2000, under a deal which would last until 2016. Negotiations with these firms are in the stage of initiating a supply contract. * Finalising an agreement for Norwegian gas, which has already had preliminary approval for supplies between 1997-2017. * A limited purchase from Mobil Europe Gas Inc , Germany's Brigitta Erdgas und Erdoel (BEB) and British Gas Plc. * Purchasing all gas from Russia's Gazprom using two different shipping routes, with a long-term agreement until 2016 and price guarantees until 1998.</p>
<p>The Czech Republic consumes around eight to nine billion cubic metres of gas per year, but volumes are expected to rise to some 12-13 billion cubic metres by the turn of the century.</p>
<p>-- John Mastrini, Prague Newsroom, 420-2-2423-0003</p>
</text>
<copyright>(c) Reuters Limited 1997</copyright>
<metadata>
<codes class="bip:countries:1.0">
  <code code="CZREP">
    <editdetail attribution="Reuters BIP Coding Group" action="confirmed" date="1997-03-13"/>
  </code>
  <code code="NORW">
    <editdetail attribution="Reuters BIP Coding Group" action="confirmed" date="1997-03-13"/>
  </code>
  <code code="RUSS">
    <editdetail attribution="Reuters BIP Coding Group" action="confirmed" date="1997-03-13"/>
  </code>
</codes>
<codes class="bip:industries:1.0">
  <code code="I13000">
    <editdetail attribution="Reuters BIP Coding Group" action="confirmed" date="1997-03-13"/>
  </code>
  <code code="I1300003">
    <editdetail attribution="Reuters BIP Coding Group" action="confirmed" date="1997-03-13"/>
  </code>
  <code code="I16200">
    <editdetail attribution="Reuters BIP Coding Group" action="confirmed" date="1997-03-13"/>
  </code>
  <code code="I25000">
    <editdetail attribution="Reuters BIP Coding Group" action="confirmed" date="1997-03-13"/>
  </code>
</codes>
<codes class="bip:topics:1.0">
  <code code="C13">
    <editdetail attribution="Reuters BIP Coding Group" action="confirmed" date="1997-03-13"/>
  </code>
  <code code="C21">
    <editdetail attribution="Reuters BIP Coding Group" action="confirmed" date="1997-03-13"/>
  </code>
  <code code="C33">
    <editdetail attribution="Reuters BIP Coding Group" action="confirmed" date="1997-03-13"/>
  </code>
  <code code="CCAT">
    <editdetail attribution="Reuters BIP Coding Group" action="confirmed" date="1997-03-13"/>
  </code>
</codes>
<dc element="dc.date.created" value="1997-03-13"/>
<dc element="dc.publisher" value="Reuters Holdings Plc"/>
<dc element="dc.date.published" value="1997-03-13"/>
<dc element="dc.source" value="Reuters"/>
<dc element="dc.creator.location" value="PRAGUE"/>
<dc element="dc.creator.location.country.name" value="CZECH REPUBLIC"/>
<dc element="dc.source" value="Reuters"/>
</metadata>
</newsitem>
