<?xml version="1.0" encoding="iso-8859-1" ?>
<newsitem itemid="438749" id="root" date="1997-03-13" xml:lang="en">
<title>ESTONIA: ESTONIAN TELECOM MAY BE LISTED OVERSEAS '98.</title>
<headline>ESTONIAN TELECOM MAY BE LISTED OVERSEAS '98.</headline>
<dateline>TALLINN 1997-03-13</dateline>
<text>
<p>Estonia's state-owned telecommunications holding company, Estonian Telecom, could be partly listed in London or Stockholm next year, Estonia's Privatisation Agency said on Thursday.</p>
<p>The agency's director general Vaino Sarnet said no set arrangement was yet decided for how to privatise the company but one of the favoured suggestions was to float around 25 percent of the company overseas and 24 percent in Tallinn.</p>
<p>&quot;Estonian Telecom is an interesting company with a big growth potential,&quot; Sarnet told Reuters in an interview.</p>
<p>&quot;We think that floating it in London or Stockholm ... will advertise the country and could be used indirectly as a way to evaluate the country risk.</p>
<p>&quot;Also international floats usually get a higher price. The capital market in Estonia is not deep enough for the coming years and as a result could undervalue the price ot Estonian Telecom.&quot;</p>
<p>Sarnet said the agency has estimated the value of the company but did not want to release the figures.</p>
<p>Estonian Telecom holds 51 percent of the fixed network operator Estonian Telephone Co Ltd, and 51 percent of Estonian Mobile Telephone Co Ltd with Swedish operator Telia and Telecom Finland each holding 24.5 percent in each comyany.</p>
<p>Estonian Telecom also owns 60 percent of Estonian Paging Ltd and 48 percent of Tele Media Estonia Ltd.</p>
<p>Sarnet said the privatisation process for Estonian Telecom needed government and parliament approval before proceeding.</p>
<p>&quot;We hope to start the public offering next year and see this as realistic as long as there not too many delays through parliament or the government,&quot; he said.</p>
<p>He said there had already been some interest from overseas received by the agency.</p>
<p>&quot;All we can say is that no firm decision has yet been made,&quot; he said.</p>
<p>&quot;But we hope a final decision (on the process) will be made this year.&quot;</p>
<p>The privatisation of Estonian Telecom is part of the state's privatisation programme for infrastructure companies.</p>
<p>Estonia is nearing the end of privatising its industrial companies and holdings with a total of 1,241 privatised auction objects since regaining independence in 1991.</p>
<p>The agency said there was still 50 acution objects on the privatisation list.</p>
<p>The list of infrastructure companies to be sold includes Estonian Railways, Estonian Oil Shale Mining Co, Tallinn Port, and Estonian Energy.</p>
<p>-- Belinda Goldsmith, Tallinn newsroom +372 630 8400, reuters@reuters.ee</p>
</text>
<copyright>(c) Reuters Limited 1997</copyright>
<metadata>
<codes class="bip:countries:1.0">
  <code code="ESTNIA">
    <editdetail attribution="Reuters BIP Coding Group" action="confirmed" date="1997-03-13"/>
  </code>
  <code code="SWED">
    <editdetail attribution="Reuters BIP Coding Group" action="confirmed" date="1997-03-13"/>
  </code>
  <code code="UK">
    <editdetail attribution="Reuters BIP Coding Group" action="confirmed" date="1997-03-13"/>
  </code>
</codes>
<codes class="bip:industries:1.0">
  <code code="I79020">
    <editdetail attribution="Reuters BIP Coding Group" action="confirmed" date="1997-03-13"/>
  </code>
</codes>
<codes class="bip:topics:1.0">
  <code code="C17">
    <editdetail attribution="Reuters BIP Coding Group" action="confirmed" date="1997-03-13"/>
  </code>
  <code code="C171">
    <editdetail attribution="Reuters BIP Coding Group" action="confirmed" date="1997-03-13"/>
  </code>
  <code code="C18">
    <editdetail attribution="Reuters BIP Coding Group" action="confirmed" date="1997-03-13"/>
  </code>
  <code code="C183">
    <editdetail attribution="Reuters BIP Coding Group" action="confirmed" date="1997-03-13"/>
  </code>
  <code code="CCAT">
    <editdetail attribution="Reuters BIP Coding Group" action="confirmed" date="1997-03-13"/>
  </code>
</codes>
<dc element="dc.date.created" value="1997-03-13"/>
<dc element="dc.publisher" value="Reuters Holdings Plc"/>
<dc element="dc.date.published" value="1997-03-13"/>
<dc element="dc.source" value="Reuters"/>
<dc element="dc.creator.location" value="TALLINN"/>
<dc element="dc.creator.location.country.name" value="ESTONIA"/>
<dc element="dc.source" value="Reuters"/>
</metadata>
</newsitem>
