<?xml version="1.0" encoding="iso-8859-1" ?>
<newsitem itemid="438775" id="root" date="1997-03-13" xml:lang="en">
<title>LATVIA: INTERVIEW-LATVIA BOURSE NEEDS MORE LISTINGS.</title>
<headline>INTERVIEW-LATVIA BOURSE NEEDS MORE LISTINGS.</headline>
<dateline>RIGA 1997-03-12</dateline>
<text>
<p>The Latvian bourse needs some five to eight new listings in 1997 to create more stability on the market, an official of the planned securities market commission, said on Thursday.</p>
<p>&quot;It would be ideal if we managed to have some five to eight new companies, not the ones being privatised. That would create more stability,&quot; Talis Laizans, the future deputy chairman of the commission told Reuters.</p>
<p>Laizans currently works as head of treasury at the Latvian Investment Bank but has already been confirmed as deputy head of the commission, which is still under formation.</p>
<p>Laizans said the market had a big speculative element which could be evened out by new listings.</p>
<p>Laizans said existing equities laws provided a good working environment but some issues, like issues of prospectuses and information to be provided to the public needed to be brought to a higher level.</p>
<p>&quot;We have to more clearly define the process and methodology of providing public company information,&quot; Laizans said.</p>
<p>There was a need for Latvian equities legislation to be harmonised with EU legislation, he added.</p>
<p>The seucirites commission, a state regulatory body, is expected to start full-scale activities later this month, when parliament confirms the line-up of its board.</p>
<p>-- Martinsh Gravitis, Riga Newsroom +371 721 5240</p>
</text>
<copyright>(c) Reuters Limited 1997</copyright>
<metadata>
<codes class="bip:countries:1.0">
  <code code="LATV">
    <editdetail attribution="Reuters BIP Coding Group" action="confirmed" date="1997-03-13"/>
  </code>
</codes>
<codes class="bip:topics:1.0">
  <code code="C14">
    <editdetail attribution="Reuters BIP Coding Group" action="confirmed" date="1997-03-13"/>
  </code>
  <code code="CCAT">
    <editdetail attribution="Reuters BIP Coding Group" action="confirmed" date="1997-03-13"/>
  </code>
  <code code="M11">
    <editdetail attribution="Reuters BIP Coding Group" action="confirmed" date="1997-03-13"/>
  </code>
  <code code="MCAT">
    <editdetail attribution="Reuters BIP Coding Group" action="confirmed" date="1997-03-13"/>
  </code>
</codes>
<dc element="dc.date.created" value="1997-03-12"/>
<dc element="dc.publisher" value="Reuters Holdings Plc"/>
<dc element="dc.date.published" value="1997-03-13"/>
<dc element="dc.source" value="Reuters"/>
<dc element="dc.creator.location" value="RIGA"/>
<dc element="dc.creator.location.country.name" value="LATVIA"/>
<dc element="dc.source" value="Reuters"/>
</metadata>
</newsitem>
