<?xml version="1.0" encoding="iso-8859-1" ?>
<newsitem itemid="438733" id="root" date="1997-03-13" xml:lang="en">
<title>POLAND: KREDYT BANK TO ASSIMILATE 12 MLN SHARES.</title>
<headline>KREDYT BANK TO ASSIMILATE 12 MLN SHARES.</headline>
<dateline>WARSAW 1997-03-13</dateline>
<text>
<p>Polish Kredyt Bank SA will assimilate 12 million shares, issued last year, with the shares already traded on the Warsaw bourse on March 21, the bank said in a statement.</p>
<p>The bank said, after the assimilation, it would have total 25,149,188 shares traded on the exchange.</p>
<p>It has now 25,631,304 shares outstanding.</p>
<p>-- Warsaw Newsroom +48 22 653 9700</p>
</text>
<copyright>(c) Reuters Limited 1997</copyright>
<metadata>
<codes class="bip:countries:1.0">
  <code code="POL">
    <editdetail attribution="Reuters BIP Coding Group" action="confirmed" date="1997-03-13"/>
  </code>
</codes>
<codes class="bip:industries:1.0">
  <code code="I81402">
    <editdetail attribution="Reuters BIP Coding Group" action="confirmed" date="1997-03-13"/>
  </code>
</codes>
<codes class="bip:topics:1.0">
  <code code="C17">
    <editdetail attribution="Reuters BIP Coding Group" action="confirmed" date="1997-03-13"/>
  </code>
  <code code="C171">
    <editdetail attribution="Reuters BIP Coding Group" action="confirmed" date="1997-03-13"/>
  </code>
  <code code="CCAT">
    <editdetail attribution="Reuters BIP Coding Group" action="confirmed" date="1997-03-13"/>
  </code>
</codes>
<dc element="dc.date.created" value="1997-03-13"/>
<dc element="dc.publisher" value="Reuters Holdings Plc"/>
<dc element="dc.date.published" value="1997-03-13"/>
<dc element="dc.source" value="Reuters"/>
<dc element="dc.creator.location" value="WARSAW"/>
<dc element="dc.creator.location.country.name" value="POLAND"/>
<dc element="dc.source" value="Reuters"/>
</metadata>
</newsitem>
