<?xml version="1.0" encoding="iso-8859-1" ?>
<newsitem itemid="438753" id="root" date="1997-03-13" xml:lang="en">
<title>MACEDONIA: MACEDONIA STOCK TURNOVER, VOLUME FALL.</title>
<headline>MACEDONIA STOCK TURNOVER, VOLUME FALL.</headline>
<dateline>SKOPJE 1997-03-13</dateline>
<text>
<p>Turnover fell to 151,320 denars at Thursday's session of the Macedonian Stock Exchange from 253,170 denars on Tuesday as only one company traded, the exchange said.</p>
<p>Alkaloid joint stock company sold 156 shares at 970 denars, unchanged from Tuesday's close and below par of 2,424 denars.</p>
<p>Traded volume was 261 stocks at the previous session when only Alkaloid shares traded.</p>
<p>Listed companies trade in two floor sessions. The exchange trades on Tuesday and Thursday.</p>
<p>($1=45.49 denars; 1DEM=26.64 denars) -- Sofia Newsroom, 359-2-981 4145</p>
</text>
<copyright>(c) Reuters Limited 1997</copyright>
<metadata>
<codes class="bip:countries:1.0">
  <code code="MCDNIA">
    <editdetail attribution="Reuters BIP Coding Group" action="confirmed" date="1997-03-13"/>
  </code>
</codes>
<codes class="bip:topics:1.0">
  <code code="M11">
    <editdetail attribution="Reuters BIP Coding Group" action="confirmed" date="1997-03-13"/>
  </code>
  <code code="MCAT">
    <editdetail attribution="Reuters BIP Coding Group" action="confirmed" date="1997-03-13"/>
  </code>
</codes>
<dc element="dc.date.created" value="1997-03-13"/>
<dc element="dc.publisher" value="Reuters Holdings Plc"/>
<dc element="dc.date.published" value="1997-03-13"/>
<dc element="dc.source" value="Reuters"/>
<dc element="dc.creator.location" value="SKOPJE"/>
<dc element="dc.creator.location.country.name" value="MACEDONIA"/>
<dc element="dc.source" value="Reuters"/>
</metadata>
</newsitem>
