<?xml version="1.0" encoding="iso-8859-1" ?>
<newsitem itemid="438716" id="root" date="1997-03-13" xml:lang="en">
<title>ZIMBABWE: ZIMBABWE BUILDING SOCIETY LOWERS MORTGAGE RATES.</title>
<headline>ZIMBABWE BUILDING SOCIETY LOWERS MORTGAGE RATES.</headline>
<dateline>HARARE 1997-03-13</dateline>
<text>
<p>Zimbabwe's largest building society, the Central Africa Building Society (CABS), has lowered its interest rates on mortgages by between 0.25 percent and 4.25 percent, citing falling money market rates.</p>
<p>The bank said in a statement the cuts, which are effective from April 1, also followed a reduction by the government last week in the rate of dividend payable on tax-free paid-up permanent shares to 15.25 percent from 18 percent.</p>
<p>It said it had reduced to 17.25 percent from 19 percent rates on residential mortgages of more than Z$45,000 while loans for new housing development would now attract a rate of 23 percent, slightly down from 23.5 percent.</p>
<p>Industrial loans in excess of Z$2.5 million, all commercial loans and loans to people who own second homes would now pay an interest rate of 24 percent versus 26.5 percent previously.</p>
<p>&quot;The new reduced interest rates will give relief to all the Society's mortgagors' in the residential, commercial and industrial sectors,&quot; CABS senior deputy general manager Ambrose Matika said in the statement.</p>
<p>He said these mortgagors' loans exceeded Z$2 billion for the first time at the end of February.</p>
<p>----Harare Newsroom: +263-4 72 52 27/8/9----</p>
</text>
<copyright>(c) Reuters Limited 1997</copyright>
<metadata>
<codes class="bip:countries:1.0">
  <code code="ZIMBAB">
    <editdetail attribution="Reuters BIP Coding Group" action="confirmed" date="1997-03-13"/>
  </code>
</codes>
<codes class="bip:industries:1.0">
  <code code="I81501">
    <editdetail attribution="Reuters BIP Coding Group" action="confirmed" date="1997-03-13"/>
  </code>
  <code code="I8150103">
    <editdetail attribution="Reuters BIP Coding Group" action="confirmed" date="1997-03-13"/>
  </code>
</codes>
<codes class="bip:topics:1.0">
  <code code="C31">
    <editdetail attribution="Reuters BIP Coding Group" action="confirmed" date="1997-03-13"/>
  </code>
  <code code="CCAT">
    <editdetail attribution="Reuters BIP Coding Group" action="confirmed" date="1997-03-13"/>
  </code>
</codes>
<dc element="dc.date.created" value="1997-03-13"/>
<dc element="dc.publisher" value="Reuters Holdings Plc"/>
<dc element="dc.date.published" value="1997-03-13"/>
<dc element="dc.source" value="Reuters"/>
<dc element="dc.creator.location" value="HARARE"/>
<dc element="dc.creator.location.country.name" value="ZIMBABWE"/>
<dc element="dc.source" value="Reuters"/>
</metadata>
</newsitem>
