<?xml version="1.0" encoding="iso-8859-1" ?>
<newsitem itemid="438737" id="root" date="1997-03-13" xml:lang="en">
<title>POLAND: OPTIMUS WANTS NEW SHARE LISTING MARCH 26.</title>
<headline>OPTIMUS WANTS NEW SHARE LISTING MARCH 26.</headline>
<dateline>WARSAW 1997-03-13</dateline>
<text>
<p>Polish computer maker Optimus SA wants to postpone to March 26 bourse trade in its 1.104,573 new shares, issued for conversion for 159 convertible bonds, from earlier requested March 19, Optimus said in a statement.</p>
<p>It gave no further details.</p>
<p>Optimus received the orders to convert the 159 of its 300 five-year convertible bonds into shares last month.</p>
<p>Last week Optimus said it had received orders to convert into shares another 20 of the bonds and as a result its share capital would increase by 138,940 shares.</p>
<p>The conversion of all the bonds would bring the firm's number of shares outstanding to 6,484,108.</p>
<p>-- Warsaw Newsroom +48 22 653 9700</p>
</text>
<copyright>(c) Reuters Limited 1997</copyright>
<metadata>
<codes class="bip:countries:1.0">
  <code code="POL">
    <editdetail attribution="Reuters BIP Coding Group" action="confirmed" date="1997-03-13"/>
  </code>
</codes>
<codes class="bip:industries:1.0">
  <code code="I33020">
    <editdetail attribution="Reuters BIP Coding Group" action="confirmed" date="1997-03-13"/>
  </code>
</codes>
<codes class="bip:topics:1.0">
  <code code="C17">
    <editdetail attribution="Reuters BIP Coding Group" action="confirmed" date="1997-03-13"/>
  </code>
  <code code="C171">
    <editdetail attribution="Reuters BIP Coding Group" action="confirmed" date="1997-03-13"/>
  </code>
  <code code="C172">
    <editdetail attribution="Reuters BIP Coding Group" action="confirmed" date="1997-03-13"/>
  </code>
  <code code="CCAT">
    <editdetail attribution="Reuters BIP Coding Group" action="confirmed" date="1997-03-13"/>
  </code>
</codes>
<dc element="dc.date.created" value="1997-03-13"/>
<dc element="dc.publisher" value="Reuters Holdings Plc"/>
<dc element="dc.date.published" value="1997-03-13"/>
<dc element="dc.source" value="Reuters"/>
<dc element="dc.creator.location" value="WARSAW"/>
<dc element="dc.creator.location.country.name" value="POLAND"/>
<dc element="dc.source" value="Reuters"/>
</metadata>
</newsitem>
