<?xml version="1.0" encoding="iso-8859-1" ?>
<newsitem itemid="438752" id="root" date="1997-03-13" xml:lang="en">
<title>LITHUANIA: PRESIDENT SAYS BALTIC ECONOMIES EQUAL.</title>
<headline>PRESIDENT SAYS BALTIC ECONOMIES EQUAL.</headline>
<dateline>VILNIUS 1997-03-13</dateline>
<text>
<p>Lithuanian President Algirdas Brazauskas said on Thursday that his country's economy was advancing and keeping pace with Baltic neighbours Latvia and Estonia.</p>
<p>Lithuania has been regarded as lagging behind its Baltic cousins, Estonia in particular, in the transition to a market economy.</p>
<p>But Brazauskas defended his country's economic record, pointing out that the macro picture compared favourably with Latvia and Estonia.</p>
<p>&quot;All three Baltic countries enjoy equality in economic development,&quot; Brazauskas told Reuters in an interview.</p>
<p>&quot;Lithuania's macroeconomic indicators are as good as Latvia and Estonia's and better in some areas,&quot; he added.</p>
<p>&quot;Our inflation last year was 13.1 percent, the lowest among the Baltic countries, and our gross domestic product (GDP) growth was the highest,&quot; he said.</p>
<p>Preliminary economic data suggests that Lithuania's economy grew by four percent in 1996, the statistics department said.</p>
<p>Brazauskas said that Lithuania had resolved a number of key economic problems, including last year's crisis in the banking sector and currency stability.</p>
<p>He added that the all of the country's major political parties were committed to economic reforms.</p>
<p>&quot;Despite the (recent) change in government...(our) foreign and domestic policies have remained the same,&quot; he added.</p>
<p>--Ed Stoddard, Vilnius newsroom +370 2 22 35 17</p>
</text>
<copyright>(c) Reuters Limited 1997</copyright>
<metadata>
<codes class="bip:countries:1.0">
  <code code="LITH">
    <editdetail attribution="Reuters BIP Coding Group" action="confirmed" date="1997-03-13"/>
  </code>
</codes>
<codes class="bip:topics:1.0">
  <code code="E11">
    <editdetail attribution="Reuters BIP Coding Group" action="confirmed" date="1997-03-13"/>
  </code>
  <code code="E12">
    <editdetail attribution="Reuters BIP Coding Group" action="confirmed" date="1997-03-13"/>
  </code>
  <code code="ECAT">
    <editdetail attribution="Reuters BIP Coding Group" action="confirmed" date="1997-03-13"/>
  </code>
</codes>
<dc element="dc.date.created" value="1997-03-13"/>
<dc element="dc.publisher" value="Reuters Holdings Plc"/>
<dc element="dc.date.published" value="1997-03-13"/>
<dc element="dc.source" value="Reuters"/>
<dc element="dc.creator.location" value="VILNIUS"/>
<dc element="dc.creator.location.country.name" value="LITHUANIA"/>
<dc element="dc.source" value="Reuters"/>
</metadata>
</newsitem>
