<?xml version="1.0" encoding="iso-8859-1" ?>
<newsitem itemid="438764" id="root" date="1997-03-13" xml:lang="en">
<title>LATVIA: PM SHKELE OPTIMISTIC ON BALANCED BUDGETS.</title>
<headline>PM SHKELE OPTIMISTIC ON BALANCED BUDGETS.</headline>
<dateline>RIGA 1997-03-13</dateline>
<text>
<p>Latvia's Prime Minister Andris Shkele said on Thursday that he believed Latvia would achieve balanced budgets in 1997 as well as for the two year budget for 1998 and 1999.</p>
<p>&quot;As for the general budget, I think it will be balanced,&quot; Shkele told Reuters in an interview.</p>
<p>He added that eventual problems could appear in the local authorities' budget.</p>
<p>Local authorities can only borrow 20 million lats from the state treasury, so the conseqences of a failure in this part is limited, he said.</p>
<p>&quot;The total budget of the whole state is over one billion so this is not very much,&quot; he said.</p>
<p>Shkele also cautioned that the budget estimates for tax revenue could be on the high side.</p>
<p>&quot;Maybe, the figures we have estimated for the near future have been too optimistic,&quot; he said.</p>
<p>For 1998 and 1999, the Latvian government is planning a two year budget.</p>
<p>&quot;We are looking forward to a two year balanced budget. I think it will be balanced also that time,&quot; he said.</p>
<p>-- Lena Torlegard, Riga newsroom +731 721 5240</p>
</text>
<copyright>(c) Reuters Limited 1997</copyright>
<metadata>
<codes class="bip:countries:1.0">
  <code code="LATV">
    <editdetail attribution="Reuters BIP Coding Group" action="confirmed" date="1997-03-13"/>
  </code>
</codes>
<codes class="bip:topics:1.0">
  <code code="E21">
    <editdetail attribution="Reuters BIP Coding Group" action="confirmed" date="1997-03-13"/>
  </code>
  <code code="E211">
    <editdetail attribution="Reuters BIP Coding Group" action="confirmed" date="1997-03-13"/>
  </code>
  <code code="ECAT">
    <editdetail attribution="Reuters BIP Coding Group" action="confirmed" date="1997-03-13"/>
  </code>
</codes>
<dc element="dc.date.created" value="1997-03-13"/>
<dc element="dc.publisher" value="Reuters Holdings Plc"/>
<dc element="dc.date.published" value="1997-03-13"/>
<dc element="dc.source" value="Reuters"/>
<dc element="dc.creator.location" value="RIGA"/>
<dc element="dc.creator.location.country.name" value="LATVIA"/>
<dc element="dc.source" value="Reuters"/>
</metadata>
</newsitem>
