<?xml version="1.0" encoding="iso-8859-1" ?>
<newsitem itemid="438744" id="root" date="1997-03-13" xml:lang="en">
<title>LATVIA: INTERVIEW-LATVIAN PM SAYS GROWTH, EU KEY TARGETS.</title>
<headline>INTERVIEW-LATVIAN PM SAYS GROWTH, EU KEY TARGETS.</headline>
<byline>Lena Torlegard</byline>
<dateline>RIGA 1997-03-13</dateline>
<text>
<p>Latvia's Prime Minister Andris Shkele said on Thursday his main targets for this term are to achieve five percent growth and to start negotiations about membership in the European Union (EU).</p>
<p>&quot;A five percent increase in Gross Domestic Product and successful introduction of negotiations to membership in the EU,&quot; Shkele cited as key goals during a Reuters interview.</p>
<p>He said it was very important for Latvia to enter the common market because of the country's history.</p>
<p>&quot;We hope Western democracies will have changed in 50 years so that we won't be sold for the second time,&quot; he said.</p>
<p>&quot;But unfortunately one must recognise that someone who has good training in sales, and in doing certain things, is going on doing the same thing once again.&quot;</p>
<p>Shkele believes Latvia can achieve the government's long term target of five percent growth in GDP in 1998.</p>
<p>&quot;I hope for 1998, we will be able to reach it and even be over it,&quot; he said</p>
<p>Latvian GDP is estimated to have risen over three percent in 1996 and is expected to post a stronger increase this year.</p>
<p>Shkele, an affiliated business man, said he did not think he would run for prime minister in the elections in 1998.</p>
<p>&quot;I doubt it,&quot; he said.</p>
<p>Under the rest of this term, Shkele is aiming at balanced budgets. He said this year's general budget will be balanced.</p>
<p>&quot;As for the general budget, I think it will be balanced,&quot; he said, adding this included the government and social budget.</p>
<p>He said the local authorities can borrow limited amounts from the state treasury and this could give a smaller deficit in the state's finances.</p>
<p>&quot;That is better than for certain countries in the west,&quot; Shkele said.</p>
<p>The budget target is vulnerable to tax revenues falling short of projections.</p>
<p>Shkele said the government had tried to improve its taxation policy but there was still room for improvement and he warned that projections for tax revenue in this current budget may be on the high side.</p>
<p>&quot;There are still some business activities that have not been properly managed from the state. Not all pay taxes,&quot; he said.</p>
<p>&quot;Nevertheless, taxation policy has been improving but maybe the figures we have calculated for the near future are too optimistic.&quot;</p>
<p>Another crucial goal is good state administration and management. This is one reason why the government has expanded its budget period to stretch over two years with the next budget spanning 1998 and 1999.</p>
<p>&quot;We are looking forward to a two year balanced budget,&quot; said Shkele.</p>
<p>He was not worried that the strict budget discipline, keeping government expenditure low, would create social unrest.</p>
<p>&quot;The present policy, that has been strict, is already showing positive results and people are starting to see tangible results,&quot; said Shkele.</p>
<p>Yields have fallen from 45 percent in the wake of the banking crisis to around five percent. Inflation fell from 23 percent in 1995 to 13 percent in 1996.</p>
<p>The positive devolopment in inflation is expected to continue this year and the government forecasts nine percent inflation at the year's end.</p>
<p>Shkele was cautious on the future development. Investments will be targeting consumer markets which will influence prices.</p>
<p>&quot;It will not be getting lower than seven percent,&quot; he predicted for the end of 1998.</p>
<p>He added that a higher inflation rate would not be harmful if it was caused by large foreign investment. Shkele also said he believed foreign investment in Latvia will take off in 1997.</p>
<p>&quot;I think we will see a breakthrough this year. The biggest enterprises will be privatised, it will activate the capital market and I think the parliament will ratify a very liberal law concerning the land market,&quot; he said.</p>
<p>Infrastructure is also being improved, a factor that will help attract investments, he added.</p>
<p>Shkele predicted it would be possible to use land as collateral for long term credits by the end of this year.</p>
<p>-- Riga newsroom +371 721 5240</p>
</text>
<copyright>(c) Reuters Limited 1997</copyright>
<metadata>
<codes class="bip:countries:1.0">
  <code code="EEC">
    <editdetail attribution="Reuters BIP Coding Group" action="confirmed" date="1997-03-13"/>
  </code>
  <code code="LATV">
    <editdetail attribution="Reuters BIP Coding Group" action="confirmed" date="1997-03-13"/>
  </code>
</codes>
<codes class="bip:topics:1.0">
  <code code="E11">
    <editdetail attribution="Reuters BIP Coding Group" action="confirmed" date="1997-03-13"/>
  </code>
  <code code="ECAT">
    <editdetail attribution="Reuters BIP Coding Group" action="confirmed" date="1997-03-13"/>
  </code>
  <code code="G15">
    <editdetail attribution="Reuters BIP Coding Group" action="confirmed" date="1997-03-13"/>
  </code>
  <code code="G158">
    <editdetail attribution="Reuters BIP Coding Group" action="confirmed" date="1997-03-13"/>
  </code>
  <code code="GCAT">
    <editdetail attribution="Reuters BIP Coding Group" action="confirmed" date="1997-03-13"/>
  </code>
</codes>
<dc element="dc.date.created" value="1997-03-13"/>
<dc element="dc.publisher" value="Reuters Holdings Plc"/>
<dc element="dc.date.published" value="1997-03-13"/>
<dc element="dc.source" value="Reuters"/>
<dc element="dc.creator.location" value="RIGA"/>
<dc element="dc.creator.location.country.name" value="LATVIA"/>
<dc element="dc.source" value="Reuters"/>
</metadata>
</newsitem>
