<?xml version="1.0" encoding="iso-8859-1" ?>
<newsitem itemid="438734" id="root" date="1997-03-13" xml:lang="en">
<title>SLOVAKIA: SLOVAK GDP GROWTH BELIE CLOUDS LOOMING ON HORIZON.</title>
<headline>SLOVAK GDP GROWTH BELIE CLOUDS LOOMING ON HORIZON.</headline>
<byline>Peter Laca</byline>
<dateline>BRATISLAVA 1997-03-13</dateline>
<text>
<p>The Slovak economy showed strong growth in 1996 despite a turbulent political situation, but analysts warned on Thursday the figures belie a fragile economy that continues to be plagued by structural problems.</p>
<p>On Wednesday, the Slovak Statistical Bureau (SUSR) released detailed figures showing 1996 real GDP growth edged up slightly year-on-year to 6.9 percent from 6.8 percent growth in 1995.</p>
<p>But economists said a lack of deep economic restructuring may come to the forefront over the longer-term, given the growth of imports and sagging exports.</p>
<p>&quot;(The) economic growth is really fragile. The main problem is that it does not create pre-requisites for longer-term, healthier growth,&quot; Juraj Rencko, an analyst at the Prognostic Institute of the Academy of Science, told Reuters.</p>
<p>&quot;The imbalanced structure of the economy is the real danger, as it is strongly linked to imports, with the efficiency of the export side lagging far behind,&quot; Rencko said.</p>
<p>According to official estimates, GDP growth should slow in the first half of 1997, but is still forecast to show a year-on-year increase of between 5.7 to 6.3 percent.</p>
<p>Analysts said the first half forecast was attainable, but some called for a reduction of growth by a tight fiscal and monetary policies, advising a cautious approach to government investment programmes.</p>
<p>But, said Vladimir Kuklis of bank CSOB, there seems to be too little political will and not enough time until the next elections to achieve such a joint effort.</p>
<p>&quot;Very few people will vote for those who create queues in front of labour officies for unemployment benefits,&quot; he said.</p>
<p>The next general elections are scheduled for autumn 1998, and the latest public opinion polls show support for the national-populist ruling coalition of Prime Minister Vladimir Meciar to be waning.</p>
<p>&quot;This may be at the heart of the expansive bugdet policy this year because the government will want to employ as many people as possible on projects such as motorway or railway construction,&quot; Kuklis said.</p>
<p>The 1997 budget -- forecast to record a 36.9 crown deficit after a 25.5 crown shortfall in 1996 -- has multi-billion crown allocations for infrastructure projects, with only motorway construction expected to cost some 14 billion crowns.</p>
<p>ING analyst Martin Barto said predicted GDP growth for the first half of this year was realistic mainly due to plans for large corporate investments by major companies.</p>
<p>&quot;The good thing about the last year's GDP was the fast increase in investments...and large companies, such as oil refiner Slovnaft, Slovak Telecom or electricty utility Slovenske Elektrarne, have also secured investment funds for this year,&quot; Barto told Reuters.</p>
<p>&quot;The real concern, however, is the rapid growth of the state administration consumption,&quot; he said adding there were little signs this trend would reverse in 1997.</p>
<p>Meanwhile wage growth, which has so far not seriously threathened the economy, may also become an issue as the elections near.</p>
<p>&quot;Budget expenditure rises with nearing elections in every country, including wage hikes, but this government really cannot afford them,&quot; Rencko said.</p>
<p>Wages increased in 1996 grew in nominal terms by 14.6 percent, while industrial output was up a real 2.5 percent, year-on-year. Average inflation in 1996 was 5.8 prercent.</p>
<p>He added the most crucial issue of wage hikes was an eventual increase in export industries, threathening Slovakia's competitiveness on foreign markets and further weakening the trade deficit outlook.</p>
<p>Analysts also said central bank measures at the beginning of the year to reign in credit expansion pushed the cost of money too for companies as well as the government in refinancing its deficit.</p>
<p>-- Bratislava Newsroom, 421-7-521-8402</p>
</text>
<copyright>(c) Reuters Limited 1997</copyright>
<metadata>
<codes class="bip:countries:1.0">
  <code code="SLVAK">
    <editdetail attribution="Reuters BIP Coding Group" action="confirmed" date="1997-03-13"/>
  </code>
</codes>
<codes class="bip:topics:1.0">
  <code code="E11">
    <editdetail attribution="Reuters BIP Coding Group" action="confirmed" date="1997-03-13"/>
  </code>
  <code code="ECAT">
    <editdetail attribution="Reuters BIP Coding Group" action="confirmed" date="1997-03-13"/>
  </code>
</codes>
<dc element="dc.date.created" value="1997-03-13"/>
<dc element="dc.publisher" value="Reuters Holdings Plc"/>
<dc element="dc.date.published" value="1997-03-13"/>
<dc element="dc.source" value="Reuters"/>
<dc element="dc.creator.location" value="BRATISLAVA"/>
<dc element="dc.creator.location.country.name" value="SLOVAKIA"/>
<dc element="dc.source" value="Reuters"/>
</metadata>
</newsitem>
