<?xml version="1.0" encoding="iso-8859-1" ?>
<newsitem itemid="438702" id="root" date="1997-03-13" xml:lang="en">
<title>ITALY: SOCCER-SAMPDORIA CHIEF FACES DISCIPLINARY ACTION.</title>
<headline>SOCCER-SAMPDORIA CHIEF FACES DISCIPLINARY ACTION.</headline>
<dateline>ROME 1997-03-13</dateline>
<text>
<p>Sampdoria general director Emiliano Salvarezza faces disciplinary action from the Italian soccer federation after he called a four-match ban given to Yugoslav defender Sinisa Mihajlovic &quot;shameful and squalid&quot;.</p>
<p>The federation said on Thursday the comments were &quot;damaging to the reputation of federal bodies and in particular the sporting judge whom he accused of partiality&quot;. Sampdoria were also reported as the club responsible.</p>
<p>Salvarezza, ironically a member of the league's judicial commission as well as the marketing commission, said that there was a conspiracy against his club.</p>
<p>&quot;There seems to be a scientific plan to prevent us from playing in Europe,&quot; he told Italian newspapers.</p>
<p>The Yugoslav player was suspended after he was sent off in Sampdoria's 4-0 defeat by Atalanta on Sunday for kicking the ball in the direction of the referee after a penalty was awarded. Mihajlovic also swore at the official.</p>
<p>Salvarezza said that Mihajlovic's ban made him want to sell the player to AC Milan so that the suspension would be taken away because big clubs seemed immune from such sanctions.</p>
<p>Juventus striker Alen Boksic of Croatia was suspended for two games at the same time as Mihajlovic after being sent off against Internazionale on Sunday for kneeing an opponent in the face.</p>
<p>&quot;Boksic hit an opponent and they gave him two days. Mihajlovic hit nobody and they gave him four. We want the rules to be the same for everybody,&quot; Salvarezza said.</p>
<p>Sampdoria were second in the league at the start of the month, a position that for the first time brings qualification to the European Cup at the end of the season. They are are now fourth after two consecutive defeats.</p>
</text>
<copyright>(c) Reuters Limited 1997</copyright>
<metadata>
<codes class="bip:countries:1.0">
  <code code="ITALY">
    <editdetail attribution="Reuters BIP Coding Group" action="confirmed" date="1997-03-13"/>
  </code>
  <code code="YUG">
    <editdetail attribution="Reuters BIP Coding Group" action="confirmed" date="1997-03-13"/>
  </code>
</codes>
<codes class="bip:topics:1.0">
  <code code="GCAT">
    <editdetail attribution="Reuters BIP Coding Group" action="confirmed" date="1997-03-13"/>
  </code>
  <code code="GSPO">
    <editdetail attribution="Reuters BIP Coding Group" action="confirmed" date="1997-03-13"/>
  </code>
</codes>
<dc element="dc.date.created" value="1997-03-13"/>
<dc element="dc.publisher" value="Reuters Holdings Plc"/>
<dc element="dc.date.published" value="1997-03-13"/>
<dc element="dc.source" value="Reuters"/>
<dc element="dc.creator.location" value="ROME"/>
<dc element="dc.creator.location.country.name" value="ITALY"/>
<dc element="dc.source" value="Reuters"/>
</metadata>
</newsitem>
