<?xml version="1.0" encoding="iso-8859-1" ?>
<newsitem itemid="438741" id="root" date="1997-03-13" xml:lang="en">
<title>LITHUANIA: LITHUANIA-TELECOM ATTRACTS BRITISH, FRENCH FIRMS.</title>
<headline>LITHUANIA-TELECOM ATTRACTS BRITISH, FRENCH FIRMS.</headline>
<byline>Abigail Schmelz</byline>
<dateline>VILNIUS 1997-03-13</dateline>
<text>
<p>Lithuanian European Affairs Minister Laima Andrikiene said on Thursday that 12 companies, including British Telecom, France Telecom, and TeleDenmark had expressed interest in privatising Lithuanian Telecom.</p>
<p>In an interview with Reuters, she said the Lithuanian government would hold on to no more than 34 percent of the telecoms company and telecom employees no more than five percent.  </p>
<p>&quot;This week we will start discussions and Telecom is one of the first on that list so we have to finish that job in parliament by the end of this month,&quot; she told Reuters.</p>
<p>&quot;Those that have already expressed an interest are Nomura International, Merrill Lynch, British Telecom , French Telecom, Canadian Telecom, TeleDanmark, Norwegian telecom, Banque Paribas,&quot; Andrikiene said. &quot;I have a list of 12.&quot;</p>
<p>She said that an international tender to select an advisor for the privatisation of Lithuanian Telecom would be made at the end of this month.</p>
</text>
<copyright>(c) Reuters Limited 1997</copyright>
<metadata>
<codes class="bip:countries:1.0">
  <code code="DEN">
    <editdetail attribution="Reuters BIP Coding Group" action="confirmed" date="1997-03-13"/>
  </code>
  <code code="FRA">
    <editdetail attribution="Reuters BIP Coding Group" action="confirmed" date="1997-03-13"/>
  </code>
  <code code="LITH">
    <editdetail attribution="Reuters BIP Coding Group" action="confirmed" date="1997-03-13"/>
  </code>
  <code code="UK">
    <editdetail attribution="Reuters BIP Coding Group" action="confirmed" date="1997-03-13"/>
  </code>
</codes>
<codes class="bip:industries:1.0">
  <code code="I79020">
    <editdetail attribution="Reuters BIP Coding Group" action="confirmed" date="1997-03-13"/>
  </code>
</codes>
<codes class="bip:topics:1.0">
  <code code="C18">
    <editdetail attribution="Reuters BIP Coding Group" action="confirmed" date="1997-03-13"/>
  </code>
  <code code="C181">
    <editdetail attribution="Reuters BIP Coding Group" action="confirmed" date="1997-03-13"/>
  </code>
  <code code="C183">
    <editdetail attribution="Reuters BIP Coding Group" action="confirmed" date="1997-03-13"/>
  </code>
  <code code="CCAT">
    <editdetail attribution="Reuters BIP Coding Group" action="confirmed" date="1997-03-13"/>
  </code>
</codes>
<dc element="dc.date.created" value="1997-03-13"/>
<dc element="dc.publisher" value="Reuters Holdings Plc"/>
<dc element="dc.date.published" value="1997-03-13"/>
<dc element="dc.source" value="Reuters"/>
<dc element="dc.creator.location" value="VILNIUS"/>
<dc element="dc.creator.location.country.name" value="LITHUANIA"/>
<dc element="dc.source" value="Reuters"/>
</metadata>
</newsitem>
