<?xml version="1.0" encoding="iso-8859-1" ?>
<newsitem itemid="438710" id="root" date="1997-03-13" xml:lang="en">
<title>SPAIN: SOCCER-SPANISH LEAGUE WEEKEND FIXTURES.</title>
<headline>SOCCER-SPANISH LEAGUE WEEKEND FIXTURES.</headline>
<dateline>MADRID 1997-03-13</dateline>
<text>
<p>Spanish championship matches scheduled for the weekend (league standings in parentheses, all kick-off times gmt):</p>
<p>Playing Friday:</p>
<p>Tenerife (7) v Athletic Bilbao (8)  ko 2100 gmt</p>
<p>Athletic will be without suspended defender Aitor Lizarazu for a game that has been brought forward to an unusual Friday slot because of Tenerife's UEFA Cup match at Brondby on Tuesday.</p>
<p>Playing Saturday:</p>
<p>Atletico Madrid (5) v Valencia (10) 1700</p>
<p>Atletico miss suspended Argentine internationals Diego Simeone and Juan Eduardo Esnaider and may feel the effects of their heroic 5-4 midweek cup defeat by Barcelona.</p>
<p>Espanyol (20) v Deportivo Coruna (4)  1930</p>
<p>Espanyol went down in the cup to second division Las Palmas on Wednesday and may struggle to gain a result against a Deportivo side that is yet to lose under new coach Carlos Alberto Silva.</p>
<p>Playing Sunday:</p>
<p>Sevilla (22) v Sporting Gijon (14)  1600</p>
<p>Sporting coach Benito Floro will have to find a replacement for suspended defender David Cano against a Sevilla side that is looking ever more likely to be relegated to the second division for the first time in 25 years.</p>
<p>Compostela (15) v Valladolid (9)  1600</p>
<p>Valladolid coach Vicente Cantatore is expected to remodel his midfield after seeing his side's bid for a UEFA Cup place run out of steam in recent weeks.</p>
<p>Zaragoza (17) v Extremadura (18)  1600</p>
<p>Striker Pineda and defender Juanito return after suspension for an Extremadura side that won their first game in the top flight against Zaragoza earlier this season and have been in good form in recent weeks. Zaragoza will be without suspended Argentine defender Kily Gonzalez.</p>
<p>Racing Santander (11) v Celta Vigo (12)  1600</p>
<p>This mid-table clash is a re-run of their cup game being played in Celta on Thursday.</p>
<p>Oviedo (13) v Hercules (21)   1600</p>
<p>Oviedo will have to find replacements for Russian midfielder Viktor Onopko and Portuguese defender Paulo Bento, who are on international duty, against a side that has always looked likely to go straight back to the second division.</p>
<p>Rayo Vallecano (16) v Real Betis (3) 1600</p>
<p>Another game between two sides set to meet each other in the cup on Thursday, in which the notoriously boggy Rayo pitch may again be the biggest enemy for the team with the best away record in the league.</p>
<p>Logrones (19) v Barcelona (2)   1830</p>
<p>Former Atletico Madrid defender Ivan Rocha is set to return for Logrones against a Barcelona team that will call upon strength in depth after Thursday's exhausting 5-4 cup win over Atletico. Barcelona beat Logrones 8-0 earlier this season.</p>
<p>Playing Monday:</p>
<p>Real Sociedad (6) v Real Madrid (1)  2030</p>
<p>Real Madrid came back from an early goal to beat the Basque side 6-1 in October and are looking increasingly likely champions. It is the third consecutive Monday fixture for the leaders, who are still without injured striker Emilio Amavisca.</p>
</text>
<copyright>(c) Reuters Limited 1997</copyright>
<metadata>
<codes class="bip:countries:1.0">
  <code code="SPAIN">
    <editdetail attribution="Reuters BIP Coding Group" action="confirmed" date="1997-03-13"/>
  </code>
</codes>
<codes class="bip:topics:1.0">
  <code code="GCAT">
    <editdetail attribution="Reuters BIP Coding Group" action="confirmed" date="1997-03-13"/>
  </code>
  <code code="GSPO">
    <editdetail attribution="Reuters BIP Coding Group" action="confirmed" date="1997-03-13"/>
  </code>
</codes>
<dc element="dc.date.created" value="1997-03-13"/>
<dc element="dc.publisher" value="Reuters Holdings Plc"/>
<dc element="dc.date.published" value="1997-03-13"/>
<dc element="dc.source" value="Reuters"/>
<dc element="dc.creator.location" value="MADRID"/>
<dc element="dc.creator.location.country.name" value="SPAIN"/>
<dc element="dc.source" value="Reuters"/>
</metadata>
</newsitem>
