<?xml version="1.0" encoding="iso-8859-1" ?>
<newsitem itemid="438729" id="root" date="1997-03-13" xml:lang="en">
<title>LITHUANIA: LITHUANIA-FINMIN LAUNCHES REUTERS BALTIC NEWS.</title>
<headline>LITHUANIA-FINMIN LAUNCHES REUTERS BALTIC NEWS.</headline>
<dateline>VILNIUS 1997-03-13</dateline>
<text>
<p>Lithuania's Finance Minister Algirdas Shemeta on Thursday helped launch Reuters Baltic News (RBN) in Lithuania, saying the timing of the start of the real time financial news service was appropriate.</p>
<p>&quot;The timing of Reuters entry to Lithuania is good considering the events which are happening here,&quot; Shemeta told bankers, politicians and financiers at a launch ceremony.</p>
<p>Shemeta was referring to the accelerated privatisation process in Lithuania and increasing attention of international and other Baltic investors to the Baltic country.</p>
<p>RBN is a real time financial news service covering the Baltic countries' financial markets.</p>
<p>Seven journalists will cover the equity, capital and foreign exchange markets of Estonia, Latvia and Lithuania.</p>
<p>The new service, produced in English, is the latest expansion to more than 50 national news services provided by Reuters around the world.</p>
<p>These services are an addition to Reuters traditional international news service which covers 160 countries with over 1,500 journalists.</p>
<p>The Reuters Baltic News service will cover all news that is important to the Baltics financial markets including politics, industry and trade relationships.</p>
<p>Reuters set up its first operations in the Baltics in 1994, opening offices in Tallinn and Riga, as part of the company's Nordic network. It opened its first office in Lithuania in 1995.</p>
<p>Reuters was first active in the Baltic states from the 1920s.</p>
<p>RBN was launched in Estonia on Tuesday this week and in Latvia on Wednesday.</p>
<p>-- Patrick Lannin, Vilnius newsroom +370 222 3517</p>
</text>
<copyright>(c) Reuters Limited 1997</copyright>
<metadata>
<codes class="bip:countries:1.0">
  <code code="ESTNIA">
    <editdetail attribution="Reuters BIP Coding Group" action="confirmed" date="1997-03-13"/>
  </code>
  <code code="LATV">
    <editdetail attribution="Reuters BIP Coding Group" action="confirmed" date="1997-03-13"/>
  </code>
  <code code="LITH">
    <editdetail attribution="Reuters BIP Coding Group" action="confirmed" date="1997-03-13"/>
  </code>
</codes>
<codes class="bip:industries:1.0">
  <code code="I83954">
    <editdetail attribution="Reuters BIP Coding Group" action="confirmed" date="1997-03-13"/>
  </code>
</codes>
<codes class="bip:topics:1.0">
  <code code="C22">
    <editdetail attribution="Reuters BIP Coding Group" action="confirmed" date="1997-03-13"/>
  </code>
  <code code="CCAT">
    <editdetail attribution="Reuters BIP Coding Group" action="confirmed" date="1997-03-13"/>
  </code>
</codes>
<dc element="dc.date.created" value="1997-03-13"/>
<dc element="dc.publisher" value="Reuters Holdings Plc"/>
<dc element="dc.date.published" value="1997-03-13"/>
<dc element="dc.source" value="Reuters"/>
<dc element="dc.creator.location" value="VILNIUS"/>
<dc element="dc.creator.location.country.name" value="LITHUANIA"/>
<dc element="dc.source" value="Reuters"/>
</metadata>
</newsitem>
