<?xml version="1.0" encoding="iso-8859-1" ?>
<newsitem itemid="438770" id="root" date="1997-03-13" xml:lang="en">
<title>LITHUANIA: ROKISHKIS APPLIES FOR TOP BOURSE LIST.</title>
<headline>ROKISHKIS APPLIES FOR TOP BOURSE LIST.</headline>
<dateline>VILNIUS 1997-03-13</dateline>
<text>
<p>Lithuania's Rokishkis Cheese (RC) said on Thursday it had applied to the national stock exchange to be registered on its official trading list.</p>
<p>&quot;Rokishkis Cheese submitted its application to register its 1,625,733 shares with face value of ten litas on the national stock exchange's official list,&quot; company economist Grazina Jankauskiene told Reuters in a telephone interview.</p>
<p>The Vilnius bourse said earlier it intended to form an official trading list in the next two weeks.</p>
<p>The bourse said that other candidates to the official list of the bourse were packaging company Medienos Plaushas and Vilniaus and Hermis banks.</p>
<p>&quot;The share capital of RC now is 30.24 million litas,&quot; Jankauskiene added.</p>
<p>Jankauskiene said RC was 29.1 percent foreign owned and that 39 percent of stake of the company was the hands of its management.</p>
<p>Last Friday shareholders approved a dividend payment equal to 10 percent of the face value on ordinary shares and one percent of preference shares face value.</p>
<p>&quot;The total sum to be paid in dividends is 1.8 million litas,&quot; Jankauskiene said.</p>
<p>The company also said its internationally audited net profit in 1996 was 10.5 million litas versus 12.9 million litas reported in an unaudited profit and balance sheet. The company said its 1995 net profit was 9.3 million litas.</p>
<p>The company said it expected a 17 million litas profit in 1997.</p>
<p>-- Andrius Vilkancas, Vilnius newsroom +370 2 22 35 17</p>
</text>
<copyright>(c) Reuters Limited 1997</copyright>
<metadata>
<codes class="bip:countries:1.0">
  <code code="LITH">
    <editdetail attribution="Reuters BIP Coding Group" action="confirmed" date="1997-03-13"/>
  </code>
</codes>
<codes class="bip:industries:1.0">
  <code code="I41300">
    <editdetail attribution="Reuters BIP Coding Group" action="confirmed" date="1997-03-13"/>
  </code>
</codes>
<codes class="bip:topics:1.0">
  <code code="C14">
    <editdetail attribution="Reuters BIP Coding Group" action="confirmed" date="1997-03-13"/>
  </code>
  <code code="CCAT">
    <editdetail attribution="Reuters BIP Coding Group" action="confirmed" date="1997-03-13"/>
  </code>
</codes>
<dc element="dc.date.created" value="1997-03-13"/>
<dc element="dc.publisher" value="Reuters Holdings Plc"/>
<dc element="dc.date.published" value="1997-03-13"/>
<dc element="dc.source" value="Reuters"/>
<dc element="dc.creator.location" value="VILNIUS"/>
<dc element="dc.creator.location.country.name" value="LITHUANIA"/>
<dc element="dc.source" value="Reuters"/>
</metadata>
</newsitem>
