<?xml version="1.0" encoding="iso-8859-1" ?>
<newsitem itemid="438767" id="root" date="1997-03-13" xml:lang="en">
<title>LATVIA: SHKELE DOUBTS INFLATION BELOW 7 PCT END '98.</title>
<headline>SHKELE DOUBTS INFLATION BELOW 7 PCT END '98.</headline>
<dateline>RIGA 1997-03-13</dateline>
<text>
<p>Latvian Prime Minister Andris Shkele does not believe that inflation will be lower than seven percent at the end of next year. </p>
<p>&quot;It will not be getting lower than seven percent,&quot; he told Reuters in an interview. </p>
<p>Shkele warned that investments in the consumer area will cause swings in inflation and also fuel it. </p>
<p>For the current year Shkele repeated the target to reach an inflation rate of nine percent towards the end of the year.</p>
<p>-- Riga newsroom +371 721 5240</p>
</text>
<copyright>(c) Reuters Limited 1997</copyright>
<metadata>
<codes class="bip:countries:1.0">
  <code code="LATV">
    <editdetail attribution="Reuters BIP Coding Group" action="confirmed" date="1997-03-13"/>
  </code>
</codes>
<codes class="bip:topics:1.0">
  <code code="E13">
    <editdetail attribution="Reuters BIP Coding Group" action="confirmed" date="1997-03-13"/>
  </code>
  <code code="E131">
    <editdetail attribution="Reuters BIP Coding Group" action="confirmed" date="1997-03-13"/>
  </code>
  <code code="ECAT">
    <editdetail attribution="Reuters BIP Coding Group" action="confirmed" date="1997-03-13"/>
  </code>
</codes>
<dc element="dc.date.created" value="1997-03-13"/>
<dc element="dc.publisher" value="Reuters Holdings Plc"/>
<dc element="dc.date.published" value="1997-03-13"/>
<dc element="dc.source" value="Reuters"/>
<dc element="dc.creator.location" value="RIGA"/>
<dc element="dc.creator.location.country.name" value="LATVIA"/>
<dc element="dc.source" value="Reuters"/>
</metadata>
</newsitem>
