<?xml version="1.0" encoding="iso-8859-1" ?>
<newsitem itemid="438731" id="root" date="1997-03-13" xml:lang="en">
<title>ESTONIA: INTERVIEW-ESTONIA FINMIN SETS GOALS TO CONTINUE REFORMS.</title>
<headline>INTERVIEW-ESTONIA FINMIN SETS GOALS TO CONTINUE REFORMS.</headline>
<byline>David Mardiste</byline>
<dateline>TALLINN 1997-03-13</dateline>
<text>
<p>Estonia's Finance Minister Mart Opmann said on Thursday the reform process was continuing but more work was needed to keep inflation on a downward trend, reform pension and land systems and boost exports.</p>
<p>&quot;In order to guarantee economic stability we have to make decisions to keep inflation going down and carry out pension reforms and the introduction of pension funds,&quot; Opmann told Reuters in an interview.</p>
<p>&quot;And we are not satified with the current situation of land reform.&quot;</p>
<p>Opmann said he was particularly concerned about the slow progress in land reform which is aimed at defining ownership and registering land that was nationalised in the Soviet era.</p>
<p>&quot;On the one hand we can say the tempo is high but we are not satified,&quot; he said.</p>
<p>&quot;The percentage of privatised land is still very small.&quot;</p>
<p>Opmann said he was also looking to the problems that Estonia will face in the future such as the repayments of state and local government borrowings.</p>
<p>While he knows that state borrowing is low, future repayments remain a concern.</p>
<p>&quot;The total value of foreign loans which have have been guaranteed by the government of Estonia form 5.6 percent of the Estonia Gross Domestic Product (GDP), which is lower than required under the Maastrich Treaty,&quot; he said.</p>
<p>&quot;At the same time the IMF has drawn our attention to the fact that during the coming years we will have to pay back these loans, and in the year 2000 the total amount (of repayment due) is 700 million kroons.</p>
<p>&quot;This will be a burden to the state buget and may be dangerous to us.&quot;</p>
<p>By the year 2000 Estonia's inflation is predicted to be lower than the current 0.9 percent a month, but this will bring its own problems for Estonia's budget.</p>
<p>&quot;Inflation is going down, repayments are going up and the growth rate of the state buget is decreasing,&quot; he said.</p>
<p>However, Opmann believes Estonia can meet its international obligations.</p>
<p>The minister said he was concentrating on increasing Estonia's exports whose value remains lower than import values. In 1997 the volume of exports is foreccast at 28 billion kroons while imports are seen at 38.4 billion kroons.</p>
<p>&quot;Our decision to favour GDP growth requires guarantees and support for exports,&quot; he told Reuters.</p>
<p>&quot;The question lies in the development of Estonia's exports. There is a view that Estonian exports should grow. Decisions have been made to establish an the Export Agency.</p>
<p>&quot;In this case the best markets are in the region such as Russian and Ukraine. There is great potential for exports from Estonia to these countries.&quot;</p>
<p>He said Estonia had signed free trade agreements with Latvia and Lithuania and most recently Ukraine.</p>
<p>&quot;We have to start to realise these free trade agreements and the government has done quite a lot for opening up these markets to Estonia,&quot; he said.</p>
<p>-- Tallinn Newsroom +372 630 8400 reuters@reuters.ee</p>
</text>
<copyright>(c) Reuters Limited 1997</copyright>
<metadata>
<codes class="bip:countries:1.0">
  <code code="ESTNIA">
    <editdetail attribution="Reuters BIP Coding Group" action="confirmed" date="1997-03-13"/>
  </code>
</codes>
<codes class="bip:topics:1.0">
  <code code="E12">
    <editdetail attribution="Reuters BIP Coding Group" action="confirmed" date="1997-03-13"/>
  </code>
  <code code="E13">
    <editdetail attribution="Reuters BIP Coding Group" action="confirmed" date="1997-03-13"/>
  </code>
  <code code="E131">
    <editdetail attribution="Reuters BIP Coding Group" action="confirmed" date="1997-03-13"/>
  </code>
  <code code="ECAT">
    <editdetail attribution="Reuters BIP Coding Group" action="confirmed" date="1997-03-13"/>
  </code>
</codes>
<dc element="dc.date.created" value="1997-03-13"/>
<dc element="dc.publisher" value="Reuters Holdings Plc"/>
<dc element="dc.date.published" value="1997-03-13"/>
<dc element="dc.source" value="Reuters"/>
<dc element="dc.creator.location" value="TALLINN"/>
<dc element="dc.creator.location.country.name" value="ESTONIA"/>
<dc element="dc.source" value="Reuters"/>
</metadata>
</newsitem>
