<?xml version="1.0" encoding="iso-8859-1" ?>
<newsitem itemid="438746" id="root" date="1997-03-13" xml:lang="en">
<title>ROMANIA: RADIO ROMANIA AFTERNOON HEADLINES AT 1 PM.</title>
<headline>RADIO ROMANIA AFTERNOON HEADLINES AT 1 PM.</headline>
<dateline>BUCHAREST 1997-03-13</dateline>
<text>
<p>Radio Romania news:</p>
<p>* Ruling coalition senators voted to upkeep a decision by the former parliament to strip Greater Romania Party senator Corneliu Vadim Tudor of his parliamentary immunity on suspicions of calumny in his weekly Romania Mare.</p>
<p>Opposition senators walked out, saying the procedure breached the constitution and Senate regulations.</p>
<p>Opposition Party of Social Democracy leader Oliviu Gherman said his party would contest the decision with the Constitutional Court.</p>
<p>* Lower Chamber of Deputies voted a law on forensic institutes allowing their decentralisation and privatisation.</p>
<p>* Prime Minister Victor Ciorbea met Hungarian businessmen during the second day of his official visit to Budapest.</p>
<p>He is expected to visit Hungarian key enterprises Videoton and Ikarus.</p>
<p>* Romania and Hungary will boost trade and economic cooperation this year following the conclusion in April of an accord on Romania's joining the Central European Free Trade Association, Industry and Trade Minister Calin Tariceanu said in Budapest.</p>
<p>He said the Romanian delegation discussed convertibility between the Hungarian forint currency and Romania's leu.</p>
<p>* Romania and Hungary want to resume traditional economic cooperation, Tariceanu said. He said Hungarian bus maker Ikarus would resume trade with Romania, while Romanian rolling stock manufacturers would make exports to their neighbours.</p>
<p>* National Unity Party (PUNR) protested against a recent declaration by Ciorbea saying the Cluj-based Babes-Bolyai Unitersity was to split into a Hungarian-language Bolyai university and a Romanian-language section named Babes.</p>
<p>* The Hungarian-language university could open as early as this autumn, leaders of the local branch of the Hungarian Democratic Union (UDMR) said. They said the university would be open for Romanian students and professors, provided they are profficient in Hungarian.</p>
<p>* The rector and deputy rector of the Babes-Bolyai University slammed separation plans, saying the move would create social problems and acrimony over splitting asssets.</p>
<p>* Leaders of the ruling National Liberal Party, the Democratic Party and the UDMR said they favoured the creation of a Hungarian-language university in Cluj.</p>
<p>* Romania is on the right path to achieve NATO integration, said Franklin Kramer, assistant to the U.S. Defence Secretary.</p>
<p>He said the Balkan country would play an essential role in the region's security and stability together with Poland and Hungary.</p>
<p>-- Bucharest Newsroom 40-1 3120264</p>
</text>
<copyright>(c) Reuters Limited 1997</copyright>
<metadata>
<codes class="bip:countries:1.0">
  <code code="ROM">
    <editdetail attribution="Reuters BIP Coding Group" action="confirmed" date="1997-03-13"/>
  </code>
</codes>
<codes class="bip:topics:1.0">
  <code code="GCAT">
    <editdetail attribution="Reuters BIP Coding Group" action="confirmed" date="1997-03-13"/>
  </code>
  <code code="GENT">
    <editdetail attribution="Reuters BIP Coding Group" action="confirmed" date="1997-03-13"/>
  </code>
</codes>
<dc element="dc.date.created" value="1997-03-13"/>
<dc element="dc.publisher" value="Reuters Holdings Plc"/>
<dc element="dc.date.published" value="1997-03-13"/>
<dc element="dc.source" value="Reuters"/>
<dc element="dc.creator.location" value="BUCHAREST"/>
<dc element="dc.creator.location.country.name" value="ROMANIA"/>
<dc element="dc.source" value="Reuters"/>
</metadata>
</newsitem>
