<?xml version="1.0" encoding="iso-8859-1" ?>
<newsitem itemid="438703" id="root" date="1997-03-13" xml:lang="en">
<title>GERMANY: SOCCER-GERMAN FIRST DIVISION WEEKEND PROGRAMME.</title>
<headline>SOCCER-GERMAN FIRST DIVISION WEEKEND PROGRAMME.</headline>
<dateline>BONN 1997-03-13</dateline>
<text>
<p>Programme of matches in the German first division at the weekend.</p>
<p>Friday:</p>
<p>Duisburg (14) v Karlsruhe (6) (kickoff 1830 GMT)</p>
<p>Duisburg have not won at home since the re-start after the winter break in mid-February and are very close to relegation zone. They have also not beaten Karlsruhe at home since 1991-92 season.</p>
<p>St Pauli (16) v Hamburg (12) (1900 GMT)</p>
<p>This Hamburg derby is always full of emotion and both teams are in the second half of the table and need points. Relegation-threatened St Pauli have taken just one point from their last six games and have never beaten Hamburg at home in the Bundesliga. A win would set off wild celebrations among their fanatical supporters.</p>
<p>Saturday (kickoffs 1430 GMT):</p>
<p>VfB Stuttgart (3) v Borussia Dortmund (1)</p>
<p>The big match of the weekend. Dortmund are in a groove after taking three-point lead at the top with 3-0 victory over Hansa Rostock in midweek. Stuttgart hit five past Cologne on Tuesday and four past Hamburg last week. Stuttgart have not scored at home against Dortmund in the last two seasons but it would be a surprise if their attacking team fail to find the net this time.</p>
<p>Bayern Munich (2) v Schalke (5)</p>
<p>Until last Sunday Bayern had lost just one game all season. But a 5-2 defeat by Bayer Leverkusen last weekend and a 2-0 loss at Armenia Bielefeld on Wednesday has rocked the club. Schalke have not scored against Bayern in Munich's Olympic stadium in the last three seasons but have an excellent record away this term.</p>
<p>Bayer Leverkusen (4) v Armenia Bielefeld (11)</p>
<p>Leverkusen take on promoted Bielefeld after a mixed week. Sunday's 5-2 thrashing of Bayern was followed by a 3-0 defeat at 1860 Munich on Wednesday. This could be a tight game. Leverkusen have won their last four home games but Bielefeld are undefeated away from home since the winter break.</p>
<p>Freiburg (18) v 1860 Munich (10)</p>
<p>Freiburg are looking doomed to second division football next season, already five points adrift at the bottom. 1860 have a superb chance to pick up away points which could take them up the table and closer to a UEFA Cup place next season.</p>
<p>Hansa Rostock (17) v Fortuna Duesseldorf (13)</p>
<p>A battle in the bottom half of the table with few goals expected. Rostock have yet to score at home since the winter break. Duesseldorf have not scored away since the re-start.</p>
<p>Borussia Moenchengladbach (15) v Cologne (7)</p>
<p>Moenchengladbach have lifted their form at home in the last few games and need a win to get away from the relegation zone. Cologne looking to bounce back from 5-1 thrashing at home by Stuttgart in midweek.</p>
<p>Sunday (kickoff 1700 GMT):</p>
<p>Bochum (9) v Werder Bremen (8)</p>
<p>Promoted Bochum have enjoyed a good season so far and are almost certain of keeping their place in the Bundesliga. Both teams are level on points and still in a position to make a challenge for a place in the UEFA Cup next season.</p>
</text>
<copyright>(c) Reuters Limited 1997</copyright>
<metadata>
<codes class="bip:countries:1.0">
  <code code="GFR">
    <editdetail attribution="Reuters BIP Coding Group" action="confirmed" date="1997-03-13"/>
  </code>
</codes>
<codes class="bip:topics:1.0">
  <code code="GCAT">
    <editdetail attribution="Reuters BIP Coding Group" action="confirmed" date="1997-03-13"/>
  </code>
  <code code="GSPO">
    <editdetail attribution="Reuters BIP Coding Group" action="confirmed" date="1997-03-13"/>
  </code>
</codes>
<dc element="dc.date.created" value="1997-03-13"/>
<dc element="dc.publisher" value="Reuters Holdings Plc"/>
<dc element="dc.date.published" value="1997-03-13"/>
<dc element="dc.source" value="Reuters"/>
<dc element="dc.creator.location" value="BONN"/>
<dc element="dc.creator.location.country.name" value="GERMANY"/>
<dc element="dc.source" value="Reuters"/>
</metadata>
</newsitem>
